run_id,group,size,ms,phase,statements,index,result,stage,verdict,bytes,coherence_errors,coherent,serialization_ms,steps,validation_ms
00001-bounds-chain-8-forward-s47-d2-m0-verdict-nibli-r0,bounds,8,0.027931,open,,,,,,,,,,,
00001-bounds-chain-8-forward-s47-d2-m0-verdict-nibli-r0,bounds,8,0.660206,load,9,,,,,,,,,,
00001-bounds-chain-8-forward-s47-d2-m0-verdict-nibli-r0,bounds,8,688.888511,query,,0,{'ResourceExceeded': 'Depth'},0,RESOURCE_EXCEEDED,,,,,,
00002-bounds-chain-8-forward-s47-d2-m0-verdict-nibli-r1,bounds,8,0.027561,open,,,,,,,,,,,
00002-bounds-chain-8-forward-s47-d2-m0-verdict-nibli-r1,bounds,8,0.534233,load,9,,,,,,,,,,
00002-bounds-chain-8-forward-s47-d2-m0-verdict-nibli-r1,bounds,8,645.280422,query,,0,{'ResourceExceeded': 'Depth'},0,RESOURCE_EXCEEDED,,,,,,
00003-bounds-chain-8-forward-s47-d2-m0-verdict-nibli-r2,bounds,8,0.028281,open,,,,,,,,,,,
00003-bounds-chain-8-forward-s47-d2-m0-verdict-nibli-r2,bounds,8,0.572883,load,9,,,,,,,,,,
00003-bounds-chain-8-forward-s47-d2-m0-verdict-nibli-r2,bounds,8,627.472709,query,,0,{'ResourceExceeded': 'Depth'},0,RESOURCE_EXCEEDED,,,,,,
00005-bounds-policy-100-both-s11-d10-m1-verdict-nibli-r0,bounds,100,0.026801,open,,,,,,,,,,,
00005-bounds-policy-100-both-s11-d10-m1-verdict-nibli-r0,bounds,100,58.692392000000005,load,102,,,,,,,,,,
00005-bounds-policy-100-both-s11-d10-m1-verdict-nibli-r0,bounds,100,0.321807,query,,0,False,0,FALSE,,,,,,
00005-bounds-policy-100-both-s11-d10-m1-verdict-nibli-r0,bounds,100,0.03254,query,,1,True,0,TRUE,,,,,,
00006-bounds-policy-100-both-s11-d10-m1-verdict-nibli-r1,bounds,100,0.026321,open,,,,,,,,,,,
00006-bounds-policy-100-both-s11-d10-m1-verdict-nibli-r1,bounds,100,41.971951,load,102,,,,,,,,,,
00006-bounds-policy-100-both-s11-d10-m1-verdict-nibli-r1,bounds,100,0.326267,query,,0,False,0,FALSE,,,,,,
00006-bounds-policy-100-both-s11-d10-m1-verdict-nibli-r1,bounds,100,0.015099999999999999,query,,1,True,0,TRUE,,,,,,
00007-bounds-policy-100-both-s11-d10-m1-verdict-nibli-r2,bounds,100,0.02489,open,,,,,,,,,,,
00007-bounds-policy-100-both-s11-d10-m1-verdict-nibli-r2,bounds,100,45.830107000000005,load,102,,,,,,,,,,
00007-bounds-policy-100-both-s11-d10-m1-verdict-nibli-r2,bounds,100,0.32196800000000003,query,,0,False,0,FALSE,,,,,,
00007-bounds-policy-100-both-s11-d10-m1-verdict-nibli-r2,bounds,100,0.01495,query,,1,True,0,TRUE,,,,,,
00009-evidence-policy-100-both-s83-d10-m1-verdict-nibli-r0,evidence,100,0.02469,open,,,,,,,,,,,
00009-evidence-policy-100-both-s83-d10-m1-verdict-nibli-r0,evidence,100,46.795676,load,101,,,,,,,,,,
00009-evidence-policy-100-both-s83-d10-m1-verdict-nibli-r0,evidence,100,0.461696,query,,0,False,0,FALSE,,,,,,
00009-evidence-policy-100-both-s83-d10-m1-verdict-nibli-r0,evidence,100,0.033331000000000006,query,,1,True,0,TRUE,,,,,,
00010-evidence-policy-100-both-s83-d10-m1-verdict-nibli-r1,evidence,100,0.028680999999999998,open,,,,,,,,,,,
00010-evidence-policy-100-both-s83-d10-m1-verdict-nibli-r1,evidence,100,43.535433,load,101,,,,,,,,,,
00010-evidence-policy-100-both-s83-d10-m1-verdict-nibli-r1,evidence,100,0.33106800000000003,query,,0,False,0,FALSE,,,,,,
00010-evidence-policy-100-both-s83-d10-m1-verdict-nibli-r1,evidence,100,0.030681,query,,1,True,0,TRUE,,,,,,
00011-evidence-policy-100-both-s83-d10-m1-verdict-nibli-r2,evidence,100,0.027101,open,,,,,,,,,,,
00011-evidence-policy-100-both-s83-d10-m1-verdict-nibli-r2,evidence,100,41.749011,load,101,,,,,,,,,,
00011-evidence-policy-100-both-s83-d10-m1-verdict-nibli-r2,evidence,100,0.311288,query,,0,False,0,FALSE,,,,,,
00011-evidence-policy-100-both-s83-d10-m1-verdict-nibli-r2,evidence,100,0.030881,query,,1,True,0,TRUE,,,,,,
00013-evidence-policy-100-both-s23-d10-m1-certificate-nibli-r0,evidence,100,0.028121,open,,,,,,,,,,,
00013-evidence-policy-100-both-s23-d10-m1-certificate-nibli-r0,evidence,100,43.476237,load,100,,,,,,,,,,
00013-evidence-policy-100-both-s23-d10-m1-certificate-nibli-r0,evidence,100,2.1630019999999996,certificate,,0,,0,FALSE,99559,,True,0.054731,891,0.0013
00013-evidence-policy-100-both-s23-d10-m1-certificate-nibli-r0,evidence,100,0.973724,certificate,,1,,0,TRUE,5072,,True,0.01296,36,0.00032
00014-evidence-policy-100-both-s23-d10-m1-certificate-nibli-r1,evidence,100,0.025391,open,,,,,,,,,,,
00014-evidence-policy-100-both-s23-d10-m1-certificate-nibli-r1,evidence,100,42.997665,load,100,,,,,,,,,,
00014-evidence-policy-100-both-s23-d10-m1-certificate-nibli-r1,evidence,100,2.244864,certificate,,0,,0,FALSE,99559,,True,0.075052,891,0.0011799999999999998
00014-evidence-policy-100-both-s23-d10-m1-certificate-nibli-r1,evidence,100,0.9896340000000001,certificate,,1,,0,TRUE,5072,,True,0.012069999999999999,36,0.00031
00015-evidence-policy-100-both-s23-d10-m1-certificate-nibli-r2,evidence,100,0.026891,open,,,,,,,,,,,
00015-evidence-policy-100-both-s23-d10-m1-certificate-nibli-r2,evidence,100,47.539159999999995,load,100,,,,,,,,,,
00015-evidence-policy-100-both-s23-d10-m1-certificate-nibli-r2,evidence,100,2.229374,certificate,,0,,0,FALSE,99559,,True,0.07642199999999999,891,0.0011799999999999998
00015-evidence-policy-100-both-s23-d10-m1-certificate-nibli-r2,evidence,100,1.969297,certificate,,1,,0,TRUE,5072,,True,0.01309,36,0.00035
00017-bounds-policy-100-both-s11-d5-m0-verdict-nibli-r0,bounds,100,0.029861000000000002,open,,,,,,,,,,,
00017-bounds-policy-100-both-s11-d5-m0-verdict-nibli-r0,bounds,100,46.775465000000004,load,102,,,,,,,,,,
00017-bounds-policy-100-both-s11-d5-m0-verdict-nibli-r0,bounds,100,952.708342,query,,0,False,0,FALSE,,,,,,
00017-bounds-policy-100-both-s11-d5-m0-verdict-nibli-r0,bounds,100,2659.184335,query,,1,True,0,TRUE,,,,,,
00018-bounds-policy-100-both-s11-d5-m0-verdict-nibli-r1,bounds,100,0.032881,open,,,,,,,,,,,
00018-bounds-policy-100-both-s11-d5-m0-verdict-nibli-r1,bounds,100,44.927899000000004,load,102,,,,,,,,,,
00018-bounds-policy-100-both-s11-d5-m0-verdict-nibli-r1,bounds,100,947.043999,query,,0,False,0,FALSE,,,,,,
00018-bounds-policy-100-both-s11-d5-m0-verdict-nibli-r1,bounds,100,2651.6867949999996,query,,1,True,0,TRUE,,,,,,
00019-bounds-policy-100-both-s11-d5-m0-verdict-nibli-r2,bounds,100,0.032001,open,,,,,,,,,,,
00019-bounds-policy-100-both-s11-d5-m0-verdict-nibli-r2,bounds,100,45.474705,load,102,,,,,,,,,,
00019-bounds-policy-100-both-s11-d5-m0-verdict-nibli-r2,bounds,100,947.178396,query,,0,False,0,FALSE,,,,,,
00019-bounds-policy-100-both-s11-d5-m0-verdict-nibli-r2,bounds,100,2753.879526,query,,1,True,0,TRUE,,,,,,
00024-comparison-chain-8-forward-s47-d10-m1-verdict-nibli-r0,comparison,8,0.028481,open,,,,,,,,,,,
00024-comparison-chain-8-forward-s47-d10-m1-verdict-nibli-r0,comparison,8,0.551234,load,9,,,,,,,,,,
00024-comparison-chain-8-forward-s47-d10-m1-verdict-nibli-r0,comparison,8,2781.4443669999996,query,,0,True,0,TRUE,,,,,,
00026-comparison-chain-8-forward-s47-d10-m1-verdict-nibli-r1,comparison,8,0.033101,open,,,,,,,,,,,
00026-comparison-chain-8-forward-s47-d10-m1-verdict-nibli-r1,comparison,8,0.550773,load,9,,,,,,,,,,
00026-comparison-chain-8-forward-s47-d10-m1-verdict-nibli-r1,comparison,8,2827.245875,query,,0,True,0,TRUE,,,,,,
00031-comparison-chain-8-forward-s47-d10-m1-verdict-nibli-r2,comparison,8,0.034781,open,,,,,,,,,,,
00031-comparison-chain-8-forward-s47-d10-m1-verdict-nibli-r2,comparison,8,0.5533330000000001,load,9,,,,,,,,,,
00031-comparison-chain-8-forward-s47-d10-m1-verdict-nibli-r2,comparison,8,2949.531344,query,,0,True,0,TRUE,,,,,,
00033-evidence-policy-10000-both-s23-d10-m1-certificate-nibli-r0,evidence,10000,0.029141,open,,,,,,,,,,,
00034-evidence-policy-10000-both-s23-d10-m1-certificate-nibli-r1,evidence,10000,0.026641,open,,,,,,,,,,,
00035-evidence-policy-10000-both-s23-d10-m1-certificate-nibli-r2,evidence,10000,0.030431,open,,,,,,,,,,,
00037-bounds-chain-8-backward-s131-d2-m0-verdict-nibli-r0,bounds,8,0.02596,open,,,,,,,,,,,
00037-bounds-chain-8-backward-s131-d2-m0-verdict-nibli-r0,bounds,8,0.490131,load,9,,,,,,,,,,
00037-bounds-chain-8-backward-s131-d2-m0-verdict-nibli-r0,bounds,8,30.543219,query,,0,False,0,FALSE,,,,,,
00038-bounds-chain-8-backward-s131-d2-m0-verdict-nibli-r1,bounds,8,0.024911,open,,,,,,,,,,,
00038-bounds-chain-8-backward-s131-d2-m0-verdict-nibli-r1,bounds,8,0.481031,load,9,,,,,,,,,,
00038-bounds-chain-8-backward-s131-d2-m0-verdict-nibli-r1,bounds,8,29.93354,query,,0,False,0,FALSE,,,,,,
00039-bounds-chain-8-backward-s131-d2-m0-verdict-nibli-r2,bounds,8,0.030230999999999997,open,,,,,,,,,,,
00039-bounds-chain-8-backward-s131-d2-m0-verdict-nibli-r2,bounds,8,0.501502,load,9,,,,,,,,,,
00039-bounds-chain-8-backward-s131-d2-m0-verdict-nibli-r2,bounds,8,30.208162,query,,0,False,0,FALSE,,,,,,
00041-bounds-chain-8-forward-s131-d20-m1-verdict-nibli-r0,bounds,8,0.029931,open,,,,,,,,,,,
00041-bounds-chain-8-forward-s131-d20-m1-verdict-nibli-r0,bounds,8,0.5719139999999999,load,9,,,,,,,,,,
00041-bounds-chain-8-forward-s131-d20-m1-verdict-nibli-r0,bounds,8,2947.554757,query,,0,True,0,TRUE,,,,,,
00042-bounds-chain-8-forward-s131-d20-m1-verdict-nibli-r1,bounds,8,0.028721,open,,,,,,,,,,,
00042-bounds-chain-8-forward-s131-d20-m1-verdict-nibli-r1,bounds,8,0.794619,load,9,,,,,,,,,,
00042-bounds-chain-8-forward-s131-d20-m1-verdict-nibli-r1,bounds,8,2990.845139,query,,0,True,0,TRUE,,,,,,
00043-bounds-chain-8-forward-s131-d20-m1-verdict-nibli-r2,bounds,8,0.02702,open,,,,,,,,,,,
00043-bounds-chain-8-forward-s131-d20-m1-verdict-nibli-r2,bounds,8,0.536273,load,9,,,,,,,,,,
00043-bounds-chain-8-forward-s131-d20-m1-verdict-nibli-r2,bounds,8,3003.35264,query,,0,True,0,TRUE,,,,,,
00045-bounds-policy-100-both-s47-d20-m0-verdict-nibli-r0,bounds,100,0.029921,open,,,,,,,,,,,
00045-bounds-policy-100-both-s47-d20-m0-verdict-nibli-r0,bounds,100,38.880367,load,96,,,,,,,,,,
00045-bounds-policy-100-both-s47-d20-m0-verdict-nibli-r0,bounds,100,902.516082,query,,0,False,0,FALSE,,,,,,
00045-bounds-policy-100-both-s47-d20-m0-verdict-nibli-r0,bounds,100,2495.285449,query,,1,True,0,TRUE,,,,,,
00046-bounds-policy-100-both-s47-d20-m0-verdict-nibli-r1,bounds,100,0.027871,open,,,,,,,,,,,
00046-bounds-policy-100-both-s47-d20-m0-verdict-nibli-r1,bounds,100,39.86274,load,96,,,,,,,,,,
00046-bounds-policy-100-both-s47-d20-m0-verdict-nibli-r1,bounds,100,906.384732,query,,0,False,0,FALSE,,,,,,
00046-bounds-policy-100-both-s47-d20-m0-verdict-nibli-r1,bounds,100,2490.27722,query,,1,True,0,TRUE,,,,,,
00047-bounds-policy-100-both-s47-d20-m0-verdict-nibli-r2,bounds,100,0.028680999999999998,open,,,,,,,,,,,
00047-bounds-policy-100-both-s47-d20-m0-verdict-nibli-r2,bounds,100,39.264445,load,96,,,,,,,,,,
00047-bounds-policy-100-both-s47-d20-m0-verdict-nibli-r2,bounds,100,909.456637,query,,0,False,0,FALSE,,,,,,
00047-bounds-policy-100-both-s47-d20-m0-verdict-nibli-r2,bounds,100,2494.7081949999997,query,,1,True,0,TRUE,,,,,,
00049-bounds-chain-8-backward-s11-d5-m0-verdict-nibli-r0,bounds,8,0.042471,open,,,,,,,,,,,
00049-bounds-chain-8-backward-s11-d5-m0-verdict-nibli-r0,bounds,8,0.5969140000000001,load,9,,,,,,,,,,
00049-bounds-chain-8-backward-s11-d5-m0-verdict-nibli-r0,bounds,8,29.912274999999998,query,,0,False,0,FALSE,,,,,,
00050-bounds-chain-8-backward-s11-d5-m0-verdict-nibli-r1,bounds,8,0.02482,open,,,,,,,,,,,
00050-bounds-chain-8-backward-s11-d5-m0-verdict-nibli-r1,bounds,8,0.481961,load,9,,,,,,,,,,
00050-bounds-chain-8-backward-s11-d5-m0-verdict-nibli-r1,bounds,8,30.439300999999997,query,,0,False,0,FALSE,,,,,,
00051-bounds-chain-8-backward-s11-d5-m0-verdict-nibli-r2,bounds,8,0.025571,open,,,,,,,,,,,
00051-bounds-chain-8-backward-s11-d5-m0-verdict-nibli-r2,bounds,8,0.468621,load,9,,,,,,,,,,
00051-bounds-chain-8-backward-s11-d5-m0-verdict-nibli-r2,bounds,8,28.743146,query,,0,False,0,FALSE,,,,,,
00053-bounds-policy-100-both-s47-d5-m0-verdict-nibli-r0,bounds,100,0.028600999999999998,open,,,,,,,,,,,
00053-bounds-policy-100-both-s47-d5-m0-verdict-nibli-r0,bounds,100,40.534715,load,96,,,,,,,,,,
00053-bounds-policy-100-both-s47-d5-m0-verdict-nibli-r0,bounds,100,895.680547,query,,0,False,0,FALSE,,,,,,
00053-bounds-policy-100-both-s47-d5-m0-verdict-nibli-r0,bounds,100,2469.2052110000004,query,,1,True,0,TRUE,,,,,,
00054-bounds-policy-100-both-s47-d5-m0-verdict-nibli-r1,bounds,100,0.029251000000000003,open,,,,,,,,,,,
00054-bounds-policy-100-both-s47-d5-m0-verdict-nibli-r1,bounds,100,40.730576,load,96,,,,,,,,,,
00054-bounds-policy-100-both-s47-d5-m0-verdict-nibli-r1,bounds,100,950.7489350000001,query,,0,False,0,FALSE,,,,,,
00054-bounds-policy-100-both-s47-d5-m0-verdict-nibli-r1,bounds,100,2652.7946140000004,query,,1,True,0,TRUE,,,,,,
00055-bounds-policy-100-both-s47-d5-m0-verdict-nibli-r2,bounds,100,0.031461,open,,,,,,,,,,,
00055-bounds-policy-100-both-s47-d5-m0-verdict-nibli-r2,bounds,100,40.470929000000005,load,96,,,,,,,,,,
00055-bounds-policy-100-both-s47-d5-m0-verdict-nibli-r2,bounds,100,954.742794,query,,0,False,0,FALSE,,,,,,
00055-bounds-policy-100-both-s47-d5-m0-verdict-nibli-r2,bounds,100,2459.408101,query,,1,True,0,TRUE,,,,,,
00057-bounds-chain-8-forward-s131-d10-m0-verdict-nibli-r0,bounds,8,0.027591,open,,,,,,,,,,,
00057-bounds-chain-8-forward-s131-d10-m0-verdict-nibli-r0,bounds,8,0.532743,load,9,,,,,,,,,,
00057-bounds-chain-8-forward-s131-d10-m0-verdict-nibli-r0,bounds,8,2980.4514,query,,0,True,0,TRUE,,,,,,
00058-bounds-chain-8-forward-s131-d10-m0-verdict-nibli-r1,bounds,8,0.029261,open,,,,,,,,,,,
00058-bounds-chain-8-forward-s131-d10-m0-verdict-nibli-r1,bounds,8,0.583715,load,9,,,,,,,,,,
00058-bounds-chain-8-forward-s131-d10-m0-verdict-nibli-r1,bounds,8,2955.487287,query,,0,True,0,TRUE,,,,,,
00059-bounds-chain-8-forward-s131-d10-m0-verdict-nibli-r2,bounds,8,0.028390000000000002,open,,,,,,,,,,,
00059-bounds-chain-8-forward-s131-d10-m0-verdict-nibli-r2,bounds,8,0.552013,load,9,,,,,,,,,,
00059-bounds-chain-8-forward-s131-d10-m0-verdict-nibli-r2,bounds,8,3015.3139100000003,query,,0,True,0,TRUE,,,,,,
00061-bounds-chain-8-forward-s47-d20-m1-verdict-nibli-r0,bounds,8,0.028141,open,,,,,,,,,,,
00061-bounds-chain-8-forward-s47-d20-m1-verdict-nibli-r0,bounds,8,0.554083,load,9,,,,,,,,,,
00061-bounds-chain-8-forward-s47-d20-m1-verdict-nibli-r0,bounds,8,2831.762295,query,,0,True,0,TRUE,,,,,,
00062-bounds-chain-8-forward-s47-d20-m1-verdict-nibli-r1,bounds,8,0.029991,open,,,,,,,,,,,
00062-bounds-chain-8-forward-s47-d20-m1-verdict-nibli-r1,bounds,8,0.623905,load,9,,,,,,,,,,
00062-bounds-chain-8-forward-s47-d20-m1-verdict-nibli-r1,bounds,8,2798.0007159999996,query,,0,True,0,TRUE,,,,,,
00063-bounds-chain-8-forward-s47-d20-m1-verdict-nibli-r2,bounds,8,0.030790999999999995,open,,,,,,,,,,,
00063-bounds-chain-8-forward-s47-d20-m1-verdict-nibli-r2,bounds,8,0.5865039999999999,load,9,,,,,,,,,,
00063-bounds-chain-8-forward-s47-d20-m1-verdict-nibli-r2,bounds,8,2913.860824,query,,0,True,0,TRUE,,,,,,
00065-bounds-chain-8-backward-s11-d2-m1-verdict-nibli-r0,bounds,8,0.026671,open,,,,,,,,,,,
00065-bounds-chain-8-backward-s11-d2-m1-verdict-nibli-r0,bounds,8,0.544173,load,9,,,,,,,,,,
00065-bounds-chain-8-backward-s11-d2-m1-verdict-nibli-r0,bounds,8,30.545004000000002,query,,0,False,0,FALSE,,,,,,
00066-bounds-chain-8-backward-s11-d2-m1-verdict-nibli-r1,bounds,8,0.027291,open,,,,,,,,,,,
00066-bounds-chain-8-backward-s11-d2-m1-verdict-nibli-r1,bounds,8,0.5775640000000001,load,9,,,,,,,,,,
00066-bounds-chain-8-backward-s11-d2-m1-verdict-nibli-r1,bounds,8,30.382288,query,,0,False,0,FALSE,,,,,,
00067-bounds-chain-8-backward-s11-d2-m1-verdict-nibli-r2,bounds,8,0.0265,open,,,,,,,,,,,
00067-bounds-chain-8-backward-s11-d2-m1-verdict-nibli-r2,bounds,8,0.509332,load,9,,,,,,,,,,
00067-bounds-chain-8-backward-s11-d2-m1-verdict-nibli-r2,bounds,8,30.712649000000003,query,,0,False,0,FALSE,,,,,,
00069-bounds-chain-8-backward-s23-d2-m0-verdict-nibli-r0,bounds,8,0.044041000000000004,open,,,,,,,,,,,
00069-bounds-chain-8-backward-s23-d2-m0-verdict-nibli-r0,bounds,8,0.656416,load,9,,,,,,,,,,
00069-bounds-chain-8-backward-s23-d2-m0-verdict-nibli-r0,bounds,8,33.521662,query,,0,False,0,FALSE,,,,,,
00070-bounds-chain-8-backward-s23-d2-m0-verdict-nibli-r1,bounds,8,0.025401,open,,,,,,,,,,,
00070-bounds-chain-8-backward-s23-d2-m0-verdict-nibli-r1,bounds,8,0.46849100000000005,load,9,,,,,,,,,,
00070-bounds-chain-8-backward-s23-d2-m0-verdict-nibli-r1,bounds,8,31.774099,query,,0,False,0,FALSE,,,,,,
00071-bounds-chain-8-backward-s23-d2-m0-verdict-nibli-r2,bounds,8,0.028111,open,,,,,,,,,,,
00071-bounds-chain-8-backward-s23-d2-m0-verdict-nibli-r2,bounds,8,0.484512,load,9,,,,,,,,,,
00071-bounds-chain-8-backward-s23-d2-m0-verdict-nibli-r2,bounds,8,32.717713,query,,0,False,0,FALSE,,,,,,
00077-comparison-chain-8-forward-s23-d10-m1-verdict-nibli-r0,comparison,8,0.030060999999999997,open,,,,,,,,,,,
00077-comparison-chain-8-forward-s23-d10-m1-verdict-nibli-r0,comparison,8,0.5392739999999999,load,9,,,,,,,,,,
00077-comparison-chain-8-forward-s23-d10-m1-verdict-nibli-r0,comparison,8,7075.01202,query,,0,True,0,TRUE,,,,,,
00080-comparison-chain-8-forward-s23-d10-m1-verdict-nibli-r1,comparison,8,0.02851,open,,,,,,,,,,,
00080-comparison-chain-8-forward-s23-d10-m1-verdict-nibli-r1,comparison,8,0.6301450000000001,load,9,,,,,,,,,,
00080-comparison-chain-8-forward-s23-d10-m1-verdict-nibli-r1,comparison,8,7072.278753,query,,0,True,0,TRUE,,,,,,
00081-comparison-chain-8-forward-s23-d10-m1-verdict-nibli-r2,comparison,8,0.02987,open,,,,,,,,,,,
00081-comparison-chain-8-forward-s23-d10-m1-verdict-nibli-r2,comparison,8,0.637795,load,9,,,,,,,,,,
00081-comparison-chain-8-forward-s23-d10-m1-verdict-nibli-r2,comparison,8,7068.247819,query,,0,True,0,TRUE,,,,,,
00087-comparison-chain-4-backward-s23-d10-m1-verdict-nibli-r0,comparison,4,0.026619999999999998,open,,,,,,,,,,,
00087-comparison-chain-4-backward-s23-d10-m1-verdict-nibli-r0,comparison,4,0.325588,load,5,,,,,,,,,,
00087-comparison-chain-4-backward-s23-d10-m1-verdict-nibli-r0,comparison,4,5.1810290000000006,query,,0,False,0,FALSE,,,,,,
00090-comparison-chain-4-backward-s23-d10-m1-verdict-nibli-r1,comparison,4,0.0251,open,,,,,,,,,,,
00090-comparison-chain-4-backward-s23-d10-m1-verdict-nibli-r1,comparison,4,0.322387,load,5,,,,,,,,,,
00090-comparison-chain-4-backward-s23-d10-m1-verdict-nibli-r1,comparison,4,5.360271,query,,0,False,0,FALSE,,,,,,
00094-comparison-chain-4-backward-s23-d10-m1-verdict-nibli-r2,comparison,4,0.028340999999999998,open,,,,,,,,,,,
00094-comparison-chain-4-backward-s23-d10-m1-verdict-nibli-r2,comparison,4,0.321628,load,5,,,,,,,,,,
00094-comparison-chain-4-backward-s23-d10-m1-verdict-nibli-r2,comparison,4,5.276692000000001,query,,0,False,0,FALSE,,,,,,
00097-bounds-policy-100-both-s11-d5-m1-verdict-nibli-r0,bounds,100,0.02555,open,,,,,,,,,,,
00097-bounds-policy-100-both-s11-d5-m1-verdict-nibli-r0,bounds,100,42.569764000000006,load,102,,,,,,,,,,
00097-bounds-policy-100-both-s11-d5-m1-verdict-nibli-r0,bounds,100,0.321408,query,,0,False,0,FALSE,,,,,,
00097-bounds-policy-100-both-s11-d5-m1-verdict-nibli-r0,bounds,100,0.015221,query,,1,True,0,TRUE,,,,,,
00098-bounds-policy-100-both-s11-d5-m1-verdict-nibli-r1,bounds,100,0.025421,open,,,,,,,,,,,
00098-bounds-policy-100-both-s11-d5-m1-verdict-nibli-r1,bounds,100,44.157487,load,102,,,,,,,,,,
00098-bounds-policy-100-both-s11-d5-m1-verdict-nibli-r1,bounds,100,0.364094,query,,0,False,0,FALSE,,,,,,
00098-bounds-policy-100-both-s11-d5-m1-verdict-nibli-r1,bounds,100,0.033771,query,,1,True,0,TRUE,,,,,,
00099-bounds-policy-100-both-s11-d5-m1-verdict-nibli-r2,bounds,100,0.026281000000000002,open,,,,,,,,,,,
00099-bounds-policy-100-both-s11-d5-m1-verdict-nibli-r2,bounds,100,44.314831999999996,load,102,,,,,,,,,,
00099-bounds-policy-100-both-s11-d5-m1-verdict-nibli-r2,bounds,100,0.325608,query,,0,False,0,FALSE,,,,,,
00099-bounds-policy-100-both-s11-d5-m1-verdict-nibli-r2,bounds,100,0.014751,query,,1,True,0,TRUE,,,,,,
00101-bounds-policy-100-both-s47-d2-m0-verdict-nibli-r0,bounds,100,0.039591,open,,,,,,,,,,,
00101-bounds-policy-100-both-s47-d2-m0-verdict-nibli-r0,bounds,100,42.01725,load,96,,,,,,,,,,
00101-bounds-policy-100-both-s47-d2-m0-verdict-nibli-r0,bounds,100,902.2061070000001,query,,0,False,0,FALSE,,,,,,
00101-bounds-policy-100-both-s47-d2-m0-verdict-nibli-r0,bounds,100,2507.037029,query,,1,True,0,TRUE,,,,,,
00102-bounds-policy-100-both-s47-d2-m0-verdict-nibli-r1,bounds,100,0.030131,open,,,,,,,,,,,
00102-bounds-policy-100-both-s47-d2-m0-verdict-nibli-r1,bounds,100,40.101898,load,96,,,,,,,,,,
00102-bounds-policy-100-both-s47-d2-m0-verdict-nibli-r1,bounds,100,925.688355,query,,0,False,0,FALSE,,,,,,
00102-bounds-policy-100-both-s47-d2-m0-verdict-nibli-r1,bounds,100,2667.2137820000003,query,,1,True,0,TRUE,,,,,,
00103-bounds-policy-100-both-s47-d2-m0-verdict-nibli-r2,bounds,100,0.031900000000000005,open,,,,,,,,,,,
00103-bounds-policy-100-both-s47-d2-m0-verdict-nibli-r2,bounds,100,39.547028999999995,load,96,,,,,,,,,,
00103-bounds-policy-100-both-s47-d2-m0-verdict-nibli-r2,bounds,100,1197.563343,query,,0,False,0,FALSE,,,,,,
00103-bounds-policy-100-both-s47-d2-m0-verdict-nibli-r2,bounds,100,4071.932213,query,,1,True,0,TRUE,,,,,,
00105-bounds-chain-8-backward-s47-d5-m0-verdict-nibli-r0,bounds,8,0.026869999999999998,open,,,,,,,,,,,
00105-bounds-chain-8-backward-s47-d5-m0-verdict-nibli-r0,bounds,8,0.843979,load,9,,,,,,,,,,
00105-bounds-chain-8-backward-s47-d5-m0-verdict-nibli-r0,bounds,8,38.265836,query,,0,False,0,FALSE,,,,,,
00106-bounds-chain-8-backward-s47-d5-m0-verdict-nibli-r1,bounds,8,0.055276,open,,,,,,,,,,,
00106-bounds-chain-8-backward-s47-d5-m0-verdict-nibli-r1,bounds,8,0.683381,load,9,,,,,,,,,,
00106-bounds-chain-8-backward-s47-d5-m0-verdict-nibli-r1,bounds,8,33.244169,query,,0,False,0,FALSE,,,,,,
00107-bounds-chain-8-backward-s47-d5-m0-verdict-nibli-r2,bounds,8,0.027440000000000003,open,,,,,,,,,,,
00107-bounds-chain-8-backward-s47-d5-m0-verdict-nibli-r2,bounds,8,0.692997,load,9,,,,,,,,,,
00107-bounds-chain-8-backward-s47-d5-m0-verdict-nibli-r2,bounds,8,35.454266999999994,query,,0,False,0,FALSE,,,,,,
00112-comparison-policy-1000-both-s11-d10-m1-verdict-nibli-r0,comparison,1000,0.029421,open,,,,,,,,,,,
00112-comparison-policy-1000-both-s11-d10-m1-verdict-nibli-r0,comparison,1000,4034.065172,load,983,,,,,,,,,,
00112-comparison-policy-1000-both-s11-d10-m1-verdict-nibli-r0,comparison,1000,2.07509,query,,0,False,0,FALSE,,,,,,
00112-comparison-policy-1000-both-s11-d10-m1-verdict-nibli-r0,comparison,1000,0.035001,query,,1,True,0,TRUE,,,,,,
00116-comparison-policy-1000-both-s11-d10-m1-verdict-nibli-r1,comparison,1000,0.029001,open,,,,,,,,,,,
00116-comparison-policy-1000-both-s11-d10-m1-verdict-nibli-r1,comparison,1000,3943.5215719999997,load,983,,,,,,,,,,
00116-comparison-policy-1000-both-s11-d10-m1-verdict-nibli-r1,comparison,1000,2.4940689999999996,query,,0,False,0,FALSE,,,,,,
00116-comparison-policy-1000-both-s11-d10-m1-verdict-nibli-r1,comparison,1000,0.035611000000000004,query,,1,True,0,TRUE,,,,,,
00119-comparison-policy-1000-both-s11-d10-m1-verdict-nibli-r2,comparison,1000,0.032671,open,,,,,,,,,,,
00119-comparison-policy-1000-both-s11-d10-m1-verdict-nibli-r2,comparison,1000,4107.094636,load,983,,,,,,,,,,
00119-comparison-policy-1000-both-s11-d10-m1-verdict-nibli-r2,comparison,1000,1.964514,query,,0,False,0,FALSE,,,,,,
00119-comparison-policy-1000-both-s11-d10-m1-verdict-nibli-r2,comparison,1000,0.035831,query,,1,True,0,TRUE,,,,,,
00121-evidence-policy-100-both-s131-d10-m1-verdict-nibli-r0,evidence,100,0.027861,open,,,,,,,,,,,
00121-evidence-policy-100-both-s131-d10-m1-verdict-nibli-r0,evidence,100,46.944449999999996,load,103,,,,,,,,,,
00121-evidence-policy-100-both-s131-d10-m1-verdict-nibli-r0,evidence,100,0.33041800000000005,query,,0,False,0,FALSE,,,,,,
00121-evidence-policy-100-both-s131-d10-m1-verdict-nibli-r0,evidence,100,0.014191,query,,1,True,0,TRUE,,,,,,
00122-evidence-policy-100-both-s131-d10-m1-verdict-nibli-r1,evidence,100,0.028071,open,,,,,,,,,,,
00122-evidence-policy-100-both-s131-d10-m1-verdict-nibli-r1,evidence,100,46.659719,load,103,,,,,,,,,,
00122-evidence-policy-100-both-s131-d10-m1-verdict-nibli-r1,evidence,100,0.311888,query,,0,False,0,FALSE,,,,,,
00122-evidence-policy-100-both-s131-d10-m1-verdict-nibli-r1,evidence,100,0.028870999999999997,query,,1,True,0,TRUE,,,,,,
00123-evidence-policy-100-both-s131-d10-m1-verdict-nibli-r2,evidence,100,0.025721,open,,,,,,,,,,,
00123-evidence-policy-100-both-s131-d10-m1-verdict-nibli-r2,evidence,100,47.729808999999996,load,103,,,,,,,,,,
00123-evidence-policy-100-both-s131-d10-m1-verdict-nibli-r2,evidence,100,0.335158,query,,0,False,0,FALSE,,,,,,
00123-evidence-policy-100-both-s131-d10-m1-verdict-nibli-r2,evidence,100,0.028991,query,,1,True,0,TRUE,,,,,,
00125-evidence-policy-1000-both-s83-d10-m1-certificate-nibli-r0,evidence,1000,0.030230999999999997,open,,,,,,,,,,,
00125-evidence-policy-1000-both-s83-d10-m1-certificate-nibli-r0,evidence,1000,3975.3409140000003,load,972,,,,,,,,,,
00125-evidence-policy-1000-both-s83-d10-m1-certificate-nibli-r0,evidence,1000,61.335440999999996,certificate,,0,,0,FALSE,960204,,True,0.717327,8521,0.0191
00125-evidence-policy-1000-both-s83-d10-m1-certificate-nibli-r0,evidence,1000,16.98582,certificate,,1,,0,TRUE,5102,,True,0.013151,36,0.00047
00126-evidence-policy-1000-both-s83-d10-m1-certificate-nibli-r1,evidence,1000,0.02777,open,,,,,,,,,,,
00126-evidence-policy-1000-both-s83-d10-m1-certificate-nibli-r1,evidence,1000,4040.4239220000004,load,972,,,,,,,,,,
00126-evidence-policy-1000-both-s83-d10-m1-certificate-nibli-r1,evidence,1000,59.728294,certificate,,0,,0,FALSE,960204,,True,0.658666,8521,0.016721
00126-evidence-policy-1000-both-s83-d10-m1-certificate-nibli-r1,evidence,1000,16.673116,certificate,,1,,0,TRUE,5102,,True,0.013571,36,0.0005600000000000001
00127-evidence-policy-1000-both-s83-d10-m1-certificate-nibli-r2,evidence,1000,0.036951,open,,,,,,,,,,,
00127-evidence-policy-1000-both-s83-d10-m1-certificate-nibli-r2,evidence,1000,4004.7355820000002,load,972,,,,,,,,,,
00127-evidence-policy-1000-both-s83-d10-m1-certificate-nibli-r2,evidence,1000,66.60708199999999,certificate,,0,,0,FALSE,960204,,True,0.695062,8521,0.018181
00127-evidence-policy-1000-both-s83-d10-m1-certificate-nibli-r2,evidence,1000,17.982107,certificate,,1,,0,TRUE,5102,,True,0.026251,36,0.0005700000000000001
00131-comparison-chain-8-backward-s11-d10-m1-verdict-nibli-r0,comparison,8,0.02892,open,,,,,,,,,,,
00131-comparison-chain-8-backward-s11-d10-m1-verdict-nibli-r0,comparison,8,0.5824940000000001,load,9,,,,,,,,,,
00131-comparison-chain-8-backward-s11-d10-m1-verdict-nibli-r0,comparison,8,31.337552,query,,0,False,0,FALSE,,,,,,
00135-comparison-chain-8-backward-s11-d10-m1-verdict-nibli-r1,comparison,8,0.031121000000000003,open,,,,,,,,,,,
00135-comparison-chain-8-backward-s11-d10-m1-verdict-nibli-r1,comparison,8,0.5867589999999999,load,9,,,,,,,,,,
00135-comparison-chain-8-backward-s11-d10-m1-verdict-nibli-r1,comparison,8,31.382134,query,,0,False,0,FALSE,,,,,,
00137-comparison-chain-8-backward-s11-d10-m1-verdict-nibli-r2,comparison,8,0.031721,open,,,,,,,,,,,
00137-comparison-chain-8-backward-s11-d10-m1-verdict-nibli-r2,comparison,8,0.7436269999999999,load,9,,,,,,,,,,
00137-comparison-chain-8-backward-s11-d10-m1-verdict-nibli-r2,comparison,8,33.145587,query,,0,False,0,FALSE,,,,,,
00141-updates-policy-1000-both-s11-d10-m1-updates-nibli-r0,updates,1000,19.447712999999997,open,,,,,,,,,,,
00141-updates-policy-1000-both-s11-d10-m1-updates-nibli-r0,updates,1000,8669.695803999999,load,984,,,,,,,,,,
00141-updates-policy-1000-both-s11-d10-m1-updates-nibli-r0,updates,1000,29.169157000000002,certificate,,0,,0,TRUE,8595,,True,0.038961,60,0.0007899999999999999
00141-updates-policy-1000-both-s11-d10-m1-updates-nibli-r0,updates,1000,73.07277500000001,certificate,,1,,0,FALSE,966984,,True,0.39934,8581,0.01859
00141-updates-policy-1000-both-s11-d10-m1-updates-nibli-r0,updates,1000,24.967910999999997,certificate,,2,,0,TRUE,8610,,True,0.033211,60,0.00103
00141-updates-policy-1000-both-s11-d10-m1-updates-nibli-r0,updates,1000,62.59123699999999,certificate,,3,,0,FALSE,966984,,True,0.4237,8581,0.041591
00141-updates-policy-1000-both-s11-d10-m1-updates-nibli-r0,updates,1000,23.958398,withdrawal,,,,1,,,,,,,
00141-updates-policy-1000-both-s11-d10-m1-updates-nibli-r0,updates,1000,80.98635999999999,certificate,,0,,1,TRUE,9113,,True,0.068492,64,0.0009
00141-updates-policy-1000-both-s11-d10-m1-updates-nibli-r0,updates,1000,63.871421999999995,certificate,,1,,1,FALSE,966419,,True,0.44263100000000005,8576,0.022690000000000002
00141-updates-policy-1000-both-s11-d10-m1-updates-nibli-r0,updates,1000,25.727719999999998,certificate,,2,,1,TRUE,8610,,True,0.068202,60,0.0005700000000000001
00141-updates-policy-1000-both-s11-d10-m1-updates-nibli-r0,updates,1000,61.737936,certificate,,3,,1,FALSE,966419,,True,0.721527,8576,0.01743
00141-updates-policy-1000-both-s11-d10-m1-updates-nibli-r0,updates,1000,25.016496999999998,withdrawal,,,,2,,,,,,,
00141-updates-policy-1000-both-s11-d10-m1-updates-nibli-r0,updates,1000,141.023131,certificate,,0,,2,FALSE,2419572,,True,3.28904,17141,0.077792
00141-updates-policy-1000-both-s11-d10-m1-updates-nibli-r0,updates,1000,28.563376,certificate,,1,,2,TRUE,5102,,True,0.115443,36,0.00081
00141-updates-policy-1000-both-s11-d10-m1-updates-nibli-r0,updates,1000,31.081438,certificate,,2,,2,TRUE,8610,,True,0.27139800000000003,60,0.00099
00141-updates-policy-1000-both-s11-d10-m1-updates-nibli-r0,updates,1000,97.225143,certificate,,3,,2,FALSE,965854,,True,0.655296,8571,0.02651
00141-updates-policy-1000-both-s11-d10-m1-updates-nibli-r0,updates,1000,29.610557999999997,reassertion,,,,3,,,,,,,
00141-updates-policy-1000-both-s11-d10-m1-updates-nibli-r0,updates,1000,29.306179,certificate,,0,,3,TRUE,8610,,True,0.046611,60,0.00074
00141-updates-policy-1000-both-s11-d10-m1-updates-nibli-r0,updates,1000,67.19573,certificate,,1,,3,FALSE,966419,,True,0.558944,8576,0.023010000000000003
00141-updates-policy-1000-both-s11-d10-m1-updates-nibli-r0,updates,1000,24.89584,certificate,,2,,3,TRUE,8610,,True,0.035431,60,0.00099
00141-updates-policy-1000-both-s11-d10-m1-updates-nibli-r0,updates,1000,82.81891800000001,certificate,,3,,3,FALSE,966419,,True,0.44334,8576,0.032291
00141-updates-policy-1000-both-s11-d10-m1-updates-nibli-r0,updates,1000,8820.856052,reopen,,,,4,,,,,,,
00141-updates-policy-1000-both-s11-d10-m1-updates-nibli-r0,updates,1000,23.642028999999997,certificate,,0,,4,TRUE,8610,,True,0.059831999999999996,60,0.0007700000000000001
00141-updates-policy-1000-both-s11-d10-m1-updates-nibli-r0,updates,1000,63.98161400000001,certificate,,1,,4,FALSE,966419,,True,0.727718,8576,0.02794
00141-updates-policy-1000-both-s11-d10-m1-updates-nibli-r0,updates,1000,23.959502,certificate,,2,,4,TRUE,8610,,True,0.057101,60,0.0005700000000000001
00141-updates-policy-1000-both-s11-d10-m1-updates-nibli-r0,updates,1000,60.505796000000004,certificate,,3,,4,FALSE,966419,,True,0.43683099999999997,8576,0.02171
00141-updates-policy-1000-both-s11-d10-m1-updates-nibli-r0,updates,1000,20.796124,withdrawal,,,,5,,,,,,,
00141-updates-policy-1000-both-s11-d10-m1-updates-nibli-r0,updates,1000,24.997873000000002,certificate,,0,,5,TRUE,8610,,True,0.078712,60,0.00069
00141-updates-policy-1000-both-s11-d10-m1-updates-nibli-r0,updates,1000,64.81115,certificate,,1,,5,FALSE,965854,,True,0.42718999999999996,8571,0.019451
00141-updates-policy-1000-both-s11-d10-m1-updates-nibli-r0,updates,1000,147.249232,certificate,,2,,5,FALSE,2419572,,True,1.970854,17141,0.127584
00141-updates-policy-1000-both-s11-d10-m1-updates-nibli-r0,updates,1000,20.833882000000003,certificate,,3,,5,TRUE,5102,,True,0.032750999999999995,36,0.00099
00141-updates-policy-1000-both-s11-d10-m1-updates-nibli-r0,updates,1000,22.63465,reassertion,,,,6,,,,,,,
00141-updates-policy-1000-both-s11-d10-m1-updates-nibli-r0,updates,1000,28.496336,certificate,,0,,6,TRUE,8610,,True,0.062171,60,0.00108
00141-updates-policy-1000-both-s11-d10-m1-updates-nibli-r0,updates,1000,87.622174,certificate,,1,,6,FALSE,966419,,True,0.726017,8576,0.025311
00141-updates-policy-1000-both-s11-d10-m1-updates-nibli-r0,updates,1000,30.329854,certificate,,2,,6,TRUE,8610,,True,0.061332000000000005,60,0.00076
00141-updates-policy-1000-both-s11-d10-m1-updates-nibli-r0,updates,1000,73.223652,certificate,,3,,6,FALSE,966419,,True,0.42754000000000003,8576,0.024721
00141-updates-policy-1000-both-s11-d10-m1-updates-nibli-r0,updates,1000,7351.742516,reopen,,,,7,,,,,,,
00141-updates-policy-1000-both-s11-d10-m1-updates-nibli-r0,updates,1000,31.353341999999998,certificate,,0,,7,TRUE,8610,,True,0.059891,60,0.0009
00141-updates-policy-1000-both-s11-d10-m1-updates-nibli-r0,updates,1000,63.909458,certificate,,1,,7,FALSE,966419,,True,0.39941899999999997,8576,0.016321
00141-updates-policy-1000-both-s11-d10-m1-updates-nibli-r0,updates,1000,26.091118,certificate,,2,,7,TRUE,8610,,True,0.051811,60,0.00054
00141-updates-policy-1000-both-s11-d10-m1-updates-nibli-r0,updates,1000,59.606985,certificate,,3,,7,FALSE,966419,,True,0.40486,8576,0.01778
00142-updates-policy-1000-both-s11-d10-m1-updates-nibli-r1,updates,1000,12.627785000000001,open,,,,,,,,,,,
00142-updates-policy-1000-both-s11-d10-m1-updates-nibli-r1,updates,1000,8589.93906,load,984,,,,,,,,,,
00142-updates-policy-1000-both-s11-d10-m1-updates-nibli-r1,updates,1000,24.879668000000002,certificate,,0,,0,TRUE,8595,,True,0.040281000000000004,60,0.0007199999999999999
00142-updates-policy-1000-both-s11-d10-m1-updates-nibli-r1,updates,1000,66.23017300000001,certificate,,1,,0,FALSE,966984,,True,0.680286,8581,0.020271
00142-updates-policy-1000-both-s11-d10-m1-updates-nibli-r1,updates,1000,23.495044999999998,certificate,,2,,0,TRUE,8610,,True,0.035641,60,0.00044
00142-updates-policy-1000-both-s11-d10-m1-updates-nibli-r1,updates,1000,61.362187,certificate,,3,,0,FALSE,966984,,True,0.741888,8581,0.02469
00142-updates-policy-1000-both-s11-d10-m1-updates-nibli-r1,updates,1000,18.961320999999998,withdrawal,,,,1,,,,,,,
00142-updates-policy-1000-both-s11-d10-m1-updates-nibli-r1,updates,1000,83.7607,certificate,,0,,1,TRUE,9113,,True,0.062062000000000006,64,0.00062
00142-updates-policy-1000-both-s11-d10-m1-updates-nibli-r1,updates,1000,65.936223,certificate,,1,,1,FALSE,966419,,True,0.5098820000000001,8576,0.025721
00142-updates-policy-1000-both-s11-d10-m1-updates-nibli-r1,updates,1000,27.118443,certificate,,2,,1,TRUE,8610,,True,0.078572,60,0.00108
00142-updates-policy-1000-both-s11-d10-m1-updates-nibli-r1,updates,1000,68.823099,certificate,,3,,1,FALSE,966419,,True,0.769079,8576,0.03281
00142-updates-policy-1000-both-s11-d10-m1-updates-nibli-r1,updates,1000,25.042803,withdrawal,,,,2,,,,,,,
00142-updates-policy-1000-both-s11-d10-m1-updates-nibli-r1,updates,1000,137.358431,certificate,,0,,2,FALSE,2419572,,True,1.796073,17141,0.051112000000000005
00142-updates-policy-1000-both-s11-d10-m1-updates-nibli-r1,updates,1000,23.370727000000002,certificate,,1,,2,TRUE,5102,,True,0.035421,36,0.00051
00142-updates-policy-1000-both-s11-d10-m1-updates-nibli-r1,updates,1000,27.241641,certificate,,2,,2,TRUE,8610,,True,0.065081,60,0.00061
00142-updates-policy-1000-both-s11-d10-m1-updates-nibli-r1,updates,1000,64.661856,certificate,,3,,2,FALSE,965854,,True,0.692616,8571,0.015180999999999998
00142-updates-policy-1000-both-s11-d10-m1-updates-nibli-r1,updates,1000,16.303508,reassertion,,,,3,,,,,,,
00142-updates-policy-1000-both-s11-d10-m1-updates-nibli-r1,updates,1000,26.095198,certificate,,0,,3,TRUE,8610,,True,0.059421,60,0.0009
00142-updates-policy-1000-both-s11-d10-m1-updates-nibli-r1,updates,1000,64.72527699999999,certificate,,1,,3,FALSE,966419,,True,0.7026969999999999,8576,0.01795
00142-updates-policy-1000-both-s11-d10-m1-updates-nibli-r1,updates,1000,26.464176,certificate,,2,,3,TRUE,8610,,True,0.037391,60,0.00071
00142-updates-policy-1000-both-s11-d10-m1-updates-nibli-r1,updates,1000,67.880999,certificate,,3,,3,FALSE,966419,,True,0.443411,8576,0.024091
00142-updates-policy-1000-both-s11-d10-m1-updates-nibli-r1,updates,1000,7305.758185000001,reopen,,,,4,,,,,,,
00142-updates-policy-1000-both-s11-d10-m1-updates-nibli-r1,updates,1000,24.54023,certificate,,0,,4,TRUE,8610,,True,0.060902,60,0.00083
00142-updates-policy-1000-both-s11-d10-m1-updates-nibli-r1,updates,1000,67.64219800000001,certificate,,1,,4,FALSE,966419,,True,0.424141,8576,0.01544
00142-updates-policy-1000-both-s11-d10-m1-updates-nibli-r1,updates,1000,28.977688,certificate,,2,,4,TRUE,8610,,True,0.055671000000000005,60,0.00095
00142-updates-policy-1000-both-s11-d10-m1-updates-nibli-r1,updates,1000,72.682148,certificate,,3,,4,FALSE,966419,,True,0.43603000000000003,8576,0.019031000000000003
00142-updates-policy-1000-both-s11-d10-m1-updates-nibli-r1,updates,1000,27.703793,withdrawal,,,,5,,,,,,,
00142-updates-policy-1000-both-s11-d10-m1-updates-nibli-r1,updates,1000,38.354052,certificate,,0,,5,TRUE,8610,,True,0.108323,60,0.00084
00142-updates-policy-1000-both-s11-d10-m1-updates-nibli-r1,updates,1000,81.099497,certificate,,1,,5,FALSE,965854,,True,0.560229,8571,0.026621000000000002
00142-updates-policy-1000-both-s11-d10-m1-updates-nibli-r1,updates,1000,149.78355,certificate,,2,,5,FALSE,2419572,,True,1.24986,17141,0.058151
00142-updates-policy-1000-both-s11-d10-m1-updates-nibli-r1,updates,1000,26.080244,certificate,,3,,5,TRUE,5102,,True,0.903012,36,0.00062
00142-updates-policy-1000-both-s11-d10-m1-updates-nibli-r1,updates,1000,25.954254,reassertion,,,,6,,,,,,,
00142-updates-policy-1000-both-s11-d10-m1-updates-nibli-r1,updates,1000,30.641067,certificate,,0,,6,TRUE,8610,,True,0.311298,60,0.0005899999999999999
00142-updates-policy-1000-both-s11-d10-m1-updates-nibli-r1,updates,1000,125.061265,certificate,,1,,6,FALSE,966419,,True,6.656846,8576,0.02095
00142-updates-policy-1000-both-s11-d10-m1-updates-nibli-r1,updates,1000,43.769018,certificate,,2,,6,TRUE,8610,,True,0.079162,60,0.00082
00142-updates-policy-1000-both-s11-d10-m1-updates-nibli-r1,updates,1000,82.488706,certificate,,3,,6,FALSE,966419,,True,0.5099629999999999,8576,0.02903
00142-updates-policy-1000-both-s11-d10-m1-updates-nibli-r1,updates,1000,7652.696307,reopen,,,,7,,,,,,,
00142-updates-policy-1000-both-s11-d10-m1-updates-nibli-r1,updates,1000,28.293852,certificate,,0,,7,TRUE,8610,,True,0.060281,60,0.00084
00142-updates-policy-1000-both-s11-d10-m1-updates-nibli-r1,updates,1000,78.41515100000001,certificate,,1,,7,FALSE,966419,,True,0.41097,8576,0.017571000000000003
00142-updates-policy-1000-both-s11-d10-m1-updates-nibli-r1,updates,1000,23.777638,certificate,,2,,7,TRUE,8610,,True,0.054282,60,0.0005
00142-updates-policy-1000-both-s11-d10-m1-updates-nibli-r1,updates,1000,61.787512,certificate,,3,,7,FALSE,966419,,True,0.406375,8576,0.01636
00143-updates-policy-1000-both-s11-d10-m1-updates-nibli-r2,updates,1000,11.643676000000001,open,,,,,,,,,,,
00143-updates-policy-1000-both-s11-d10-m1-updates-nibli-r2,updates,1000,8310.832024,load,984,,,,,,,,,,
00143-updates-policy-1000-both-s11-d10-m1-updates-nibli-r2,updates,1000,36.078759000000005,certificate,,0,,0,TRUE,8595,,True,0.042991,60,0.00067
00143-updates-policy-1000-both-s11-d10-m1-updates-nibli-r2,updates,1000,64.96442099999999,certificate,,1,,0,FALSE,966984,,True,1.007394,8581,0.016249999999999997
00143-updates-policy-1000-both-s11-d10-m1-updates-nibli-r2,updates,1000,24.514844,certificate,,2,,0,TRUE,8610,,True,0.03477,60,0.00055
00143-updates-policy-1000-both-s11-d10-m1-updates-nibli-r2,updates,1000,63.227782999999995,certificate,,3,,0,FALSE,966984,,True,0.654726,8581,0.01492
00143-updates-policy-1000-both-s11-d10-m1-updates-nibli-r2,updates,1000,20.681538,withdrawal,,,,1,,,,,,,
00143-updates-policy-1000-both-s11-d10-m1-updates-nibli-r2,updates,1000,93.42147100000001,certificate,,0,,1,TRUE,9113,,True,0.257116,64,0.0008500000000000001
00143-updates-policy-1000-both-s11-d10-m1-updates-nibli-r2,updates,1000,69.713032,certificate,,1,,1,FALSE,966419,,True,0.43225,8576,0.016781
00143-updates-policy-1000-both-s11-d10-m1-updates-nibli-r2,updates,1000,25.84946,certificate,,2,,1,TRUE,8610,,True,0.068702,60,0.0005700000000000001
00143-updates-policy-1000-both-s11-d10-m1-updates-nibli-r2,updates,1000,61.403047,certificate,,3,,1,FALSE,966419,,True,0.742453,8576,0.01897
00143-updates-policy-1000-both-s11-d10-m1-updates-nibli-r2,updates,1000,21.550808,withdrawal,,,,2,,,,,,,
00143-updates-policy-1000-both-s11-d10-m1-updates-nibli-r2,updates,1000,129.988675,certificate,,0,,2,FALSE,2419572,,True,2.479569,17141,0.049542
00143-updates-policy-1000-both-s11-d10-m1-updates-nibli-r2,updates,1000,21.078642000000002,certificate,,1,,2,TRUE,5102,,True,0.027981,36,0.00044
00143-updates-policy-1000-both-s11-d10-m1-updates-nibli-r2,updates,1000,25.569903,certificate,,2,,2,TRUE,8610,,True,0.073692,60,0.00047
00143-updates-policy-1000-both-s11-d10-m1-updates-nibli-r2,updates,1000,62.621937,certificate,,3,,2,FALSE,965854,,True,0.750038,8571,0.01652
00143-updates-policy-1000-both-s11-d10-m1-updates-nibli-r2,updates,1000,14.396681,reassertion,,,,3,,,,,,,
00143-updates-policy-1000-both-s11-d10-m1-updates-nibli-r2,updates,1000,23.099001,certificate,,0,,3,TRUE,8610,,True,0.038441,60,0.00046
00143-updates-policy-1000-both-s11-d10-m1-updates-nibli-r2,updates,1000,63.79574,certificate,,1,,3,FALSE,966419,,True,0.42286999999999997,8576,0.01814
00143-updates-policy-1000-both-s11-d10-m1-updates-nibli-r2,updates,1000,24.119789,certificate,,2,,3,TRUE,8610,,True,0.035970999999999996,60,0.00045
00143-updates-policy-1000-both-s11-d10-m1-updates-nibli-r2,updates,1000,62.905798,certificate,,3,,3,FALSE,966419,,True,0.41620999999999997,8576,0.019670999999999998
00143-updates-policy-1000-both-s11-d10-m1-updates-nibli-r2,updates,1000,7239.149005,reopen,,,,4,,,,,,,
00143-updates-policy-1000-both-s11-d10-m1-updates-nibli-r2,updates,1000,23.97984,certificate,,0,,4,TRUE,8610,,True,0.104993,60,0.00095
00143-updates-policy-1000-both-s11-d10-m1-updates-nibli-r2,updates,1000,71.70948200000001,certificate,,1,,4,FALSE,966419,,True,0.39568,8576,0.0184
00143-updates-policy-1000-both-s11-d10-m1-updates-nibli-r2,updates,1000,24.443133999999997,certificate,,2,,4,TRUE,8610,,True,0.052611000000000005,60,0.0006
00143-updates-policy-1000-both-s11-d10-m1-updates-nibli-r2,updates,1000,61.872738,certificate,,3,,4,FALSE,966419,,True,0.40309900000000004,8576,0.017561
00143-updates-policy-1000-both-s11-d10-m1-updates-nibli-r2,updates,1000,22.095876,withdrawal,,,,5,,,,,,,
00143-updates-policy-1000-both-s11-d10-m1-updates-nibli-r2,updates,1000,25.802126,certificate,,0,,5,TRUE,8610,,True,0.08962200000000001,60,0.00061
00143-updates-policy-1000-both-s11-d10-m1-updates-nibli-r2,updates,1000,66.206171,certificate,,1,,5,FALSE,965854,,True,0.455071,8571,0.02438
00143-updates-policy-1000-both-s11-d10-m1-updates-nibli-r2,updates,1000,123.79897700000001,certificate,,2,,5,FALSE,2419572,,True,2.223073,17141,0.06860200000000001
00143-updates-policy-1000-both-s11-d10-m1-updates-nibli-r2,updates,1000,18.908830000000002,certificate,,3,,5,TRUE,5102,,True,0.034191,36,0.00094
00143-updates-policy-1000-both-s11-d10-m1-updates-nibli-r2,updates,1000,16.845565,reassertion,,,,6,,,,,,,
00143-updates-policy-1000-both-s11-d10-m1-updates-nibli-r2,updates,1000,24.730625999999997,certificate,,0,,6,TRUE,8610,,True,0.086392,60,0.0005899999999999999
00143-updates-policy-1000-both-s11-d10-m1-updates-nibli-r2,updates,1000,62.890102000000006,certificate,,1,,6,FALSE,966419,,True,0.42889000000000005,8576,0.019101
00143-updates-policy-1000-both-s11-d10-m1-updates-nibli-r2,updates,1000,23.561847,certificate,,2,,6,TRUE,8610,,True,0.077942,60,0.00047
00143-updates-policy-1000-both-s11-d10-m1-updates-nibli-r2,updates,1000,60.302640999999994,certificate,,3,,6,FALSE,966419,,True,0.42286,8576,0.01686
00143-updates-policy-1000-both-s11-d10-m1-updates-nibli-r2,updates,1000,7141.830175,reopen,,,,7,,,,,,,
00143-updates-policy-1000-both-s11-d10-m1-updates-nibli-r2,updates,1000,23.917161,certificate,,0,,7,TRUE,8610,,True,0.059141,60,0.001031
00143-updates-policy-1000-both-s11-d10-m1-updates-nibli-r2,updates,1000,63.012117,certificate,,1,,7,FALSE,966419,,True,0.41072,8576,0.01501
00143-updates-policy-1000-both-s11-d10-m1-updates-nibli-r2,updates,1000,24.529238,certificate,,2,,7,TRUE,8610,,True,0.12976900000000002,60,0.001
00143-updates-policy-1000-both-s11-d10-m1-updates-nibli-r2,updates,1000,59.957367999999995,certificate,,3,,7,FALSE,966419,,True,0.39193,8576,0.017859999999999997
00145-bounds-chain-8-forward-s131-d5-m0-verdict-nibli-r0,bounds,8,0.027651,open,,,,,,,,,,,
00145-bounds-chain-8-forward-s131-d5-m0-verdict-nibli-r0,bounds,8,0.5667139999999999,load,9,,,,,,,,,,
00145-bounds-chain-8-forward-s131-d5-m0-verdict-nibli-r0,bounds,8,3003.850971,query,,0,True,0,TRUE,,,,,,
00146-bounds-chain-8-forward-s131-d5-m0-verdict-nibli-r1,bounds,8,0.026590000000000003,open,,,,,,,,,,,
00146-bounds-chain-8-forward-s131-d5-m0-verdict-nibli-r1,bounds,8,0.538343,load,9,,,,,,,,,,
00146-bounds-chain-8-forward-s131-d5-m0-verdict-nibli-r1,bounds,8,2961.494627,query,,0,True,0,TRUE,,,,,,
00147-bounds-chain-8-forward-s131-d5-m0-verdict-nibli-r2,bounds,8,0.02765,open,,,,,,,,,,,
00147-bounds-chain-8-forward-s131-d5-m0-verdict-nibli-r2,bounds,8,0.540613,load,9,,,,,,,,,,
00147-bounds-chain-8-forward-s131-d5-m0-verdict-nibli-r2,bounds,8,3027.896444,query,,0,True,0,TRUE,,,,,,
00149-bounds-chain-8-backward-s11-d20-m0-verdict-nibli-r0,bounds,8,0.026641,open,,,,,,,,,,,
00149-bounds-chain-8-backward-s11-d20-m0-verdict-nibli-r0,bounds,8,0.671855,load,9,,,,,,,,,,
00149-bounds-chain-8-backward-s11-d20-m0-verdict-nibli-r0,bounds,8,30.984762999999997,query,,0,False,0,FALSE,,,,,,
00150-bounds-chain-8-backward-s11-d20-m0-verdict-nibli-r1,bounds,8,0.026821,open,,,,,,,,,,,
00150-bounds-chain-8-backward-s11-d20-m0-verdict-nibli-r1,bounds,8,0.489622,load,9,,,,,,,,,,
00150-bounds-chain-8-backward-s11-d20-m0-verdict-nibli-r1,bounds,8,30.745577,query,,0,False,0,FALSE,,,,,,
00151-bounds-chain-8-backward-s11-d20-m0-verdict-nibli-r2,bounds,8,0.02631,open,,,,,,,,,,,
00151-bounds-chain-8-backward-s11-d20-m0-verdict-nibli-r2,bounds,8,0.495912,load,9,,,,,,,,,,
00151-bounds-chain-8-backward-s11-d20-m0-verdict-nibli-r2,bounds,8,29.183552000000002,query,,0,False,0,FALSE,,,,,,
00153-bounds-chain-8-backward-s131-d5-m1-verdict-nibli-r0,bounds,8,0.026220999999999998,open,,,,,,,,,,,
00153-bounds-chain-8-backward-s131-d5-m1-verdict-nibli-r0,bounds,8,0.491352,load,9,,,,,,,,,,
00153-bounds-chain-8-backward-s131-d5-m1-verdict-nibli-r0,bounds,8,30.023187999999998,query,,0,False,0,FALSE,,,,,,
00154-bounds-chain-8-backward-s131-d5-m1-verdict-nibli-r1,bounds,8,0.025281,open,,,,,,,,,,,
00154-bounds-chain-8-backward-s131-d5-m1-verdict-nibli-r1,bounds,8,0.482812,load,9,,,,,,,,,,
00154-bounds-chain-8-backward-s131-d5-m1-verdict-nibli-r1,bounds,8,29.872035,query,,0,False,0,FALSE,,,,,,
00155-bounds-chain-8-backward-s131-d5-m1-verdict-nibli-r2,bounds,8,0.025241,open,,,,,,,,,,,
00155-bounds-chain-8-backward-s131-d5-m1-verdict-nibli-r2,bounds,8,0.481312,load,9,,,,,,,,,,
00155-bounds-chain-8-backward-s131-d5-m1-verdict-nibli-r2,bounds,8,30.619293,query,,0,False,0,FALSE,,,,,,
00161-comparison-chain-4-forward-s83-d10-m1-verdict-nibli-r0,comparison,4,0.027430999999999997,open,,,,,,,,,,,
00161-comparison-chain-4-forward-s83-d10-m1-verdict-nibli-r0,comparison,4,0.325418,load,5,,,,,,,,,,
00161-comparison-chain-4-forward-s83-d10-m1-verdict-nibli-r0,comparison,4,64.53729399999999,query,,0,True,0,TRUE,,,,,,
00163-comparison-chain-4-forward-s83-d10-m1-verdict-nibli-r1,comparison,4,0.030381,open,,,,,,,,,,,
00163-comparison-chain-4-forward-s83-d10-m1-verdict-nibli-r1,comparison,4,0.387269,load,5,,,,,,,,,,
00163-comparison-chain-4-forward-s83-d10-m1-verdict-nibli-r1,comparison,4,63.35001,query,,0,True,0,TRUE,,,,,,
00165-comparison-chain-4-forward-s83-d10-m1-verdict-nibli-r2,comparison,4,0.028111,open,,,,,,,,,,,
00165-comparison-chain-4-forward-s83-d10-m1-verdict-nibli-r2,comparison,4,0.32613800000000004,load,5,,,,,,,,,,
00165-comparison-chain-4-forward-s83-d10-m1-verdict-nibli-r2,comparison,4,63.098999000000006,query,,0,True,0,TRUE,,,,,,
00173-comparison-chain-12-forward-s83-d10-m1-verdict-nibli-r0,comparison,12,0.028731,open,,,,,,,,,,,
00173-comparison-chain-12-forward-s83-d10-m1-verdict-nibli-r0,comparison,12,0.970863,load,13,,,,,,,,,,
00174-comparison-chain-12-forward-s83-d10-m1-verdict-nibli-r1,comparison,12,0.030001,open,,,,,,,,,,,
00174-comparison-chain-12-forward-s83-d10-m1-verdict-nibli-r1,comparison,12,0.812569,load,13,,,,,,,,,,
00178-comparison-chain-12-forward-s83-d10-m1-verdict-nibli-r2,comparison,12,0.031730999999999995,open,,,,,,,,,,,
00178-comparison-chain-12-forward-s83-d10-m1-verdict-nibli-r2,comparison,12,1.125099,load,13,,,,,,,,,,
00181-bounds-chain-8-forward-s83-d5-m0-verdict-nibli-r0,bounds,8,0.029691000000000002,open,,,,,,,,,,,
00181-bounds-chain-8-forward-s83-d5-m0-verdict-nibli-r0,bounds,8,0.579814,load,9,,,,,,,,,,
00181-bounds-chain-8-forward-s83-d5-m0-verdict-nibli-r0,bounds,8,3788.296651,query,,0,{'Unknown': 'CycleCut'},0,UNKNOWN,,,,,,
00182-bounds-chain-8-forward-s83-d5-m0-verdict-nibli-r1,bounds,8,0.030630000000000004,open,,,,,,,,,,,
00182-bounds-chain-8-forward-s83-d5-m0-verdict-nibli-r1,bounds,8,0.583874,load,9,,,,,,,,,,
00182-bounds-chain-8-forward-s83-d5-m0-verdict-nibli-r1,bounds,8,3693.060482,query,,0,{'Unknown': 'CycleCut'},0,UNKNOWN,,,,,,
00183-bounds-chain-8-forward-s83-d5-m0-verdict-nibli-r2,bounds,8,0.030081,open,,,,,,,,,,,
00183-bounds-chain-8-forward-s83-d5-m0-verdict-nibli-r2,bounds,8,0.533073,load,9,,,,,,,,,,
00183-bounds-chain-8-forward-s83-d5-m0-verdict-nibli-r2,bounds,8,3764.921182,query,,0,{'Unknown': 'CycleCut'},0,UNKNOWN,,,,,,
00187-comparison-policy-100-both-s47-d10-m1-verdict-nibli-r0,comparison,100,0.026621000000000002,open,,,,,,,,,,,
00187-comparison-policy-100-both-s47-d10-m1-verdict-nibli-r0,comparison,100,42.104403999999995,load,96,,,,,,,,,,
00187-comparison-policy-100-both-s47-d10-m1-verdict-nibli-r0,comparison,100,0.37629900000000005,query,,0,False,0,FALSE,,,,,,
00187-comparison-policy-100-both-s47-d10-m1-verdict-nibli-r0,comparison,100,0.031680999999999994,query,,1,True,0,TRUE,,,,,,
00192-comparison-policy-100-both-s47-d10-m1-verdict-nibli-r1,comparison,100,0.02807,open,,,,,,,,,,,
00192-comparison-policy-100-both-s47-d10-m1-verdict-nibli-r1,comparison,100,41.403228,load,96,,,,,,,,,,
00192-comparison-policy-100-both-s47-d10-m1-verdict-nibli-r1,comparison,100,0.324768,query,,0,False,0,FALSE,,,,,,
00192-comparison-policy-100-both-s47-d10-m1-verdict-nibli-r1,comparison,100,0.01487,query,,1,True,0,TRUE,,,,,,
00194-comparison-policy-100-both-s47-d10-m1-verdict-nibli-r2,comparison,100,0.026351,open,,,,,,,,,,,
00194-comparison-policy-100-both-s47-d10-m1-verdict-nibli-r2,comparison,100,39.183040000000005,load,96,,,,,,,,,,
00194-comparison-policy-100-both-s47-d10-m1-verdict-nibli-r2,comparison,100,0.316338,query,,0,False,0,FALSE,,,,,,
00194-comparison-policy-100-both-s47-d10-m1-verdict-nibli-r2,comparison,100,0.01412,query,,1,True,0,TRUE,,,,,,
00197-evidence-policy-1000-both-s131-d10-m1-certificate-nibli-r0,evidence,1000,0.028891,open,,,,,,,,,,,
00197-evidence-policy-1000-both-s131-d10-m1-certificate-nibli-r0,evidence,1000,4399.088400000001,load,1017,,,,,,,,,,
00197-evidence-policy-1000-both-s131-d10-m1-certificate-nibli-r0,evidence,1000,64.86957,certificate,,0,,0,FALSE,985654,,True,0.723707,8746,0.016311
00197-evidence-policy-1000-both-s131-d10-m1-certificate-nibli-r0,evidence,1000,17.321196,certificate,,1,,0,TRUE,5102,,True,0.014861000000000001,36,0.00046
00198-evidence-policy-1000-both-s131-d10-m1-certificate-nibli-r1,evidence,1000,0.027750999999999998,open,,,,,,,,,,,
00198-evidence-policy-1000-both-s131-d10-m1-certificate-nibli-r1,evidence,1000,4278.538184,load,1017,,,,,,,,,,
00198-evidence-policy-1000-both-s131-d10-m1-certificate-nibli-r1,evidence,1000,62.541714999999996,certificate,,0,,0,FALSE,985654,,True,0.41695000000000004,8746,0.018770000000000002
00198-evidence-policy-1000-both-s131-d10-m1-certificate-nibli-r1,evidence,1000,17.497872,certificate,,1,,0,TRUE,5102,,True,0.013651,36,0.0007199999999999999
00199-evidence-policy-1000-both-s131-d10-m1-certificate-nibli-r2,evidence,1000,0.027381000000000003,open,,,,,,,,,,,
00199-evidence-policy-1000-both-s131-d10-m1-certificate-nibli-r2,evidence,1000,4865.3910160000005,load,1017,,,,,,,,,,
00199-evidence-policy-1000-both-s131-d10-m1-certificate-nibli-r2,evidence,1000,70.90972500000001,certificate,,0,,0,FALSE,985654,,True,0.960917,8746,0.015761
00199-evidence-policy-1000-both-s131-d10-m1-certificate-nibli-r2,evidence,1000,19.924319,certificate,,1,,0,TRUE,5102,,True,0.016079999999999997,36,0.0014500000000000001
00201-bounds-chain-8-forward-s11-d5-m0-verdict-nibli-r0,bounds,8,0.028621,open,,,,,,,,,,,
00201-bounds-chain-8-forward-s11-d5-m0-verdict-nibli-r0,bounds,8,0.7686029999999999,load,9,,,,,,,,,,
00201-bounds-chain-8-forward-s11-d5-m0-verdict-nibli-r0,bounds,8,5048.94722,query,,0,True,0,TRUE,,,,,,
00202-bounds-chain-8-forward-s11-d5-m0-verdict-nibli-r1,bounds,8,0.037451,open,,,,,,,,,,,
00202-bounds-chain-8-forward-s11-d5-m0-verdict-nibli-r1,bounds,8,0.6042839999999999,load,9,,,,,,,,,,
00202-bounds-chain-8-forward-s11-d5-m0-verdict-nibli-r1,bounds,8,5102.138111,query,,0,True,0,TRUE,,,,,,
00203-bounds-chain-8-forward-s11-d5-m0-verdict-nibli-r2,bounds,8,0.02753,open,,,,,,,,,,,
00203-bounds-chain-8-forward-s11-d5-m0-verdict-nibli-r2,bounds,8,0.600244,load,9,,,,,,,,,,
00203-bounds-chain-8-forward-s11-d5-m0-verdict-nibli-r2,bounds,8,5058.047039,query,,0,True,0,TRUE,,,,,,
00205-evidence-policy-10000-both-s47-d10-m1-certificate-nibli-r0,evidence,10000,0.029831,open,,,,,,,,,,,
00206-evidence-policy-10000-both-s47-d10-m1-certificate-nibli-r1,evidence,10000,0.03039,open,,,,,,,,,,,
00207-evidence-policy-10000-both-s47-d10-m1-certificate-nibli-r2,evidence,10000,0.0301,open,,,,,,,,,,,
00209-bounds-policy-100-both-s131-d2-m1-verdict-nibli-r0,bounds,100,0.029581,open,,,,,,,,,,,
00209-bounds-policy-100-both-s131-d2-m1-verdict-nibli-r0,bounds,100,46.387129,load,103,,,,,,,,,,
00209-bounds-policy-100-both-s131-d2-m1-verdict-nibli-r0,bounds,100,0.33698799999999995,query,,0,False,0,FALSE,,,,,,
00209-bounds-policy-100-both-s131-d2-m1-verdict-nibli-r0,bounds,100,0.015221,query,,1,True,0,TRUE,,,,,,
00210-bounds-policy-100-both-s131-d2-m1-verdict-nibli-r1,bounds,100,0.02812,open,,,,,,,,,,,
00210-bounds-policy-100-both-s131-d2-m1-verdict-nibli-r1,bounds,100,46.113841,load,103,,,,,,,,,,
00210-bounds-policy-100-both-s131-d2-m1-verdict-nibli-r1,bounds,100,0.39396400000000004,query,,0,False,0,FALSE,,,,,,
00210-bounds-policy-100-both-s131-d2-m1-verdict-nibli-r1,bounds,100,0.033389999999999996,query,,1,True,0,TRUE,,,,,,
00211-bounds-policy-100-both-s131-d2-m1-verdict-nibli-r2,bounds,100,0.030871000000000003,open,,,,,,,,,,,
00211-bounds-policy-100-both-s131-d2-m1-verdict-nibli-r2,bounds,100,47.87671,load,103,,,,,,,,,,
00211-bounds-policy-100-both-s131-d2-m1-verdict-nibli-r2,bounds,100,0.32729800000000003,query,,0,False,0,FALSE,,,,,,
00211-bounds-policy-100-both-s131-d2-m1-verdict-nibli-r2,bounds,100,0.049461,query,,1,True,0,TRUE,,,,,,
00216-comparison-chain-16-forward-s23-d10-m1-verdict-nibli-r0,comparison,16,0.027569999999999997,open,,,,,,,,,,,
00216-comparison-chain-16-forward-s23-d10-m1-verdict-nibli-r0,comparison,16,1.335236,load,17,,,,,,,,,,
00218-comparison-chain-16-forward-s23-d10-m1-verdict-nibli-r1,comparison,16,0.173038,open,,,,,,,,,,,
00218-comparison-chain-16-forward-s23-d10-m1-verdict-nibli-r1,comparison,16,1.784813,load,17,,,,,,,,,,
00222-comparison-chain-16-forward-s23-d10-m1-verdict-nibli-r2,comparison,16,0.035181000000000004,open,,,,,,,,,,,
00222-comparison-chain-16-forward-s23-d10-m1-verdict-nibli-r2,comparison,16,1.356512,load,17,,,,,,,,,,
00225-evidence-policy-100-both-s11-d10-m1-certificate-nibli-r0,evidence,100,0.027639999999999998,open,,,,,,,,,,,
00225-evidence-policy-100-both-s11-d10-m1-certificate-nibli-r0,evidence,100,52.303068,load,102,,,,,,,,,,
00225-evidence-policy-100-both-s11-d10-m1-certificate-nibli-r0,evidence,100,2.6930389999999997,certificate,,0,,0,FALSE,100679,,True,0.118813,901,0.00147
00225-evidence-policy-100-both-s11-d10-m1-certificate-nibli-r0,evidence,100,1.165858,certificate,,1,,0,TRUE,5072,,True,0.013191,36,0.00041
00226-evidence-policy-100-both-s11-d10-m1-certificate-nibli-r1,evidence,100,0.03008,open,,,,,,,,,,,
00226-evidence-policy-100-both-s11-d10-m1-certificate-nibli-r1,evidence,100,51.762339999999995,load,102,,,,,,,,,,
00226-evidence-policy-100-both-s11-d10-m1-certificate-nibli-r1,evidence,100,2.7716770000000004,certificate,,0,,0,FALSE,100679,,True,0.082142,901,0.00179
00226-evidence-policy-100-both-s11-d10-m1-certificate-nibli-r1,evidence,100,1.086516,certificate,,1,,0,TRUE,5072,,True,0.0131,36,0.00045
00227-evidence-policy-100-both-s11-d10-m1-certificate-nibli-r2,evidence,100,0.033970999999999994,open,,,,,,,,,,,
00227-evidence-policy-100-both-s11-d10-m1-certificate-nibli-r2,evidence,100,52.217937,load,102,,,,,,,,,,
00227-evidence-policy-100-both-s11-d10-m1-certificate-nibli-r2,evidence,100,2.464939,certificate,,0,,0,FALSE,100679,,True,0.08896200000000001,901,0.0014
00227-evidence-policy-100-both-s11-d10-m1-certificate-nibli-r2,evidence,100,0.9862829999999999,certificate,,1,,0,TRUE,5072,,True,0.014071,36,0.00039000000000000005
00229-bounds-chain-8-backward-s23-d10-m1-verdict-nibli-r0,bounds,8,0.02852,open,,,,,,,,,,,
00229-bounds-chain-8-backward-s23-d10-m1-verdict-nibli-r0,bounds,8,0.626305,load,9,,,,,,,,,,
00229-bounds-chain-8-backward-s23-d10-m1-verdict-nibli-r0,bounds,8,35.070529,query,,0,False,0,FALSE,,,,,,
00230-bounds-chain-8-backward-s23-d10-m1-verdict-nibli-r1,bounds,8,0.026690000000000002,open,,,,,,,,,,,
00230-bounds-chain-8-backward-s23-d10-m1-verdict-nibli-r1,bounds,8,0.512632,load,9,,,,,,,,,,
00230-bounds-chain-8-backward-s23-d10-m1-verdict-nibli-r1,bounds,8,34.047129000000005,query,,0,False,0,FALSE,,,,,,
00231-bounds-chain-8-backward-s23-d10-m1-verdict-nibli-r2,bounds,8,0.030181,open,,,,,,,,,,,
00231-bounds-chain-8-backward-s23-d10-m1-verdict-nibli-r2,bounds,8,0.576714,load,9,,,,,,,,,,
00231-bounds-chain-8-backward-s23-d10-m1-verdict-nibli-r2,bounds,8,35.229862,query,,0,False,0,FALSE,,,,,,
00233-bounds-chain-8-forward-s11-d10-m1-verdict-nibli-r0,bounds,8,0.040761,open,,,,,,,,,,,
00233-bounds-chain-8-forward-s11-d10-m1-verdict-nibli-r0,bounds,8,0.591664,load,9,,,,,,,,,,
00233-bounds-chain-8-forward-s11-d10-m1-verdict-nibli-r0,bounds,8,5146.666827999999,query,,0,True,0,TRUE,,,,,,
00234-bounds-chain-8-forward-s11-d10-m1-verdict-nibli-r1,bounds,8,0.02845,open,,,,,,,,,,,
00234-bounds-chain-8-forward-s11-d10-m1-verdict-nibli-r1,bounds,8,0.617915,load,9,,,,,,,,,,
00234-bounds-chain-8-forward-s11-d10-m1-verdict-nibli-r1,bounds,8,5157.782558,query,,0,True,0,TRUE,,,,,,
00235-bounds-chain-8-forward-s11-d10-m1-verdict-nibli-r2,bounds,8,0.035981,open,,,,,,,,,,,
00235-bounds-chain-8-forward-s11-d10-m1-verdict-nibli-r2,bounds,8,0.5739029999999999,load,9,,,,,,,,,,
00235-bounds-chain-8-forward-s11-d10-m1-verdict-nibli-r2,bounds,8,5224.822163,query,,0,True,0,TRUE,,,,,,
00240-comparison-chain-12-backward-s23-d10-m1-verdict-nibli-r0,comparison,12,0.030131,open,,,,,,,,,,,
00240-comparison-chain-12-backward-s23-d10-m1-verdict-nibli-r0,comparison,12,0.955303,load,13,,,,,,,,,,
00240-comparison-chain-12-backward-s23-d10-m1-verdict-nibli-r0,comparison,12,115.365472,query,,0,False,0,FALSE,,,,,,
00244-comparison-chain-12-backward-s23-d10-m1-verdict-nibli-r1,comparison,12,0.032531,open,,,,,,,,,,,
00244-comparison-chain-12-backward-s23-d10-m1-verdict-nibli-r1,comparison,12,0.890381,load,13,,,,,,,,,,
00244-comparison-chain-12-backward-s23-d10-m1-verdict-nibli-r1,comparison,12,110.770412,query,,0,False,0,FALSE,,,,,,
00247-comparison-chain-12-backward-s23-d10-m1-verdict-nibli-r2,comparison,12,0.028901,open,,,,,,,,,,,
00247-comparison-chain-12-backward-s23-d10-m1-verdict-nibli-r2,comparison,12,0.81682,load,13,,,,,,,,,,
00247-comparison-chain-12-backward-s23-d10-m1-verdict-nibli-r2,comparison,12,104.78643799999999,query,,0,False,0,FALSE,,,,,,
00249-bounds-chain-8-backward-s83-d20-m1-verdict-nibli-r0,bounds,8,0.02697,open,,,,,,,,,,,
00249-bounds-chain-8-backward-s83-d20-m1-verdict-nibli-r0,bounds,8,0.561993,load,9,,,,,,,,,,
00249-bounds-chain-8-backward-s83-d20-m1-verdict-nibli-r0,bounds,8,33.520477,query,,0,False,0,FALSE,,,,,,
00250-bounds-chain-8-backward-s83-d20-m1-verdict-nibli-r1,bounds,8,0.027461,open,,,,,,,,,,,
00250-bounds-chain-8-backward-s83-d20-m1-verdict-nibli-r1,bounds,8,0.5380429999999999,load,9,,,,,,,,,,
00250-bounds-chain-8-backward-s83-d20-m1-verdict-nibli-r1,bounds,8,32.748098000000006,query,,0,False,0,FALSE,,,,,,
00251-bounds-chain-8-backward-s83-d20-m1-verdict-nibli-r2,bounds,8,0.025769999999999998,open,,,,,,,,,,,
00251-bounds-chain-8-backward-s83-d20-m1-verdict-nibli-r2,bounds,8,0.540273,load,9,,,,,,,,,,
00251-bounds-chain-8-backward-s83-d20-m1-verdict-nibli-r2,bounds,8,47.279738,query,,0,False,0,FALSE,,,,,,
00253-evidence-policy-10000-both-s11-d10-m1-certificate-nibli-r0,evidence,10000,0.038781,open,,,,,,,,,,,
00254-evidence-policy-10000-both-s11-d10-m1-certificate-nibli-r1,evidence,10000,0.034191,open,,,,,,,,,,,
00255-evidence-policy-10000-both-s11-d10-m1-certificate-nibli-r2,evidence,10000,0.028971,open,,,,,,,,,,,
00257-bounds-chain-8-backward-s83-d10-m1-verdict-nibli-r0,bounds,8,0.029870999999999998,open,,,,,,,,,,,
00257-bounds-chain-8-backward-s83-d10-m1-verdict-nibli-r0,bounds,8,0.610015,load,9,,,,,,,,,,
00257-bounds-chain-8-backward-s83-d10-m1-verdict-nibli-r0,bounds,8,49.267145,query,,0,False,0,FALSE,,,,,,
00258-bounds-chain-8-backward-s83-d10-m1-verdict-nibli-r1,bounds,8,0.034121,open,,,,,,,,,,,
00258-bounds-chain-8-backward-s83-d10-m1-verdict-nibli-r1,bounds,8,0.556763,load,9,,,,,,,,,,
00258-bounds-chain-8-backward-s83-d10-m1-verdict-nibli-r1,bounds,8,41.966246,query,,0,False,0,FALSE,,,,,,
00259-bounds-chain-8-backward-s83-d10-m1-verdict-nibli-r2,bounds,8,0.035711,open,,,,,,,,,,,
00259-bounds-chain-8-backward-s83-d10-m1-verdict-nibli-r2,bounds,8,0.634165,load,9,,,,,,,,,,
00259-bounds-chain-8-backward-s83-d10-m1-verdict-nibli-r2,bounds,8,77.779922,query,,0,False,0,FALSE,,,,,,
00261-evidence-policy-10000-both-s47-d10-m1-verdict-nibli-r0,evidence,10000,0.043931,open,,,,,,,,,,,
00262-evidence-policy-10000-both-s47-d10-m1-verdict-nibli-r1,evidence,10000,0.041090999999999996,open,,,,,,,,,,,
00263-evidence-policy-10000-both-s47-d10-m1-verdict-nibli-r2,evidence,10000,0.030691000000000003,open,,,,,,,,,,,
00265-bounds-chain-8-backward-s131-d10-m0-verdict-nibli-r0,bounds,8,0.030660999999999997,open,,,,,,,,,,,
00265-bounds-chain-8-backward-s131-d10-m0-verdict-nibli-r0,bounds,8,0.590445,load,9,,,,,,,,,,
00265-bounds-chain-8-backward-s131-d10-m0-verdict-nibli-r0,bounds,8,31.553769000000003,query,,0,False,0,FALSE,,,,,,
00266-bounds-chain-8-backward-s131-d10-m0-verdict-nibli-r1,bounds,8,0.027841,open,,,,,,,,,,,
00266-bounds-chain-8-backward-s131-d10-m0-verdict-nibli-r1,bounds,8,0.6544260000000001,load,9,,,,,,,,,,
00266-bounds-chain-8-backward-s131-d10-m0-verdict-nibli-r1,bounds,8,41.306394000000004,query,,0,False,0,FALSE,,,,,,
00267-bounds-chain-8-backward-s131-d10-m0-verdict-nibli-r2,bounds,8,0.028391,open,,,,,,,,,,,
00267-bounds-chain-8-backward-s131-d10-m0-verdict-nibli-r2,bounds,8,0.5687230000000001,load,9,,,,,,,,,,
00267-bounds-chain-8-backward-s131-d10-m0-verdict-nibli-r2,bounds,8,30.417853,query,,0,False,0,FALSE,,,,,,
00269-evidence-policy-10000-both-s131-d10-m1-certificate-nibli-r0,evidence,10000,0.028051,open,,,,,,,,,,,
00270-evidence-policy-10000-both-s131-d10-m1-certificate-nibli-r1,evidence,10000,0.02999,open,,,,,,,,,,,
00271-evidence-policy-10000-both-s131-d10-m1-certificate-nibli-r2,evidence,10000,0.028471,open,,,,,,,,,,,
00273-bounds-policy-100-both-s83-d2-m0-verdict-nibli-r0,bounds,100,0.03273,open,,,,,,,,,,,
00273-bounds-policy-100-both-s83-d2-m0-verdict-nibli-r0,bounds,100,43.831752,load,101,,,,,,,,,,
00273-bounds-policy-100-both-s83-d2-m0-verdict-nibli-r0,bounds,100,983.715847,query,,0,False,0,FALSE,,,,,,
00273-bounds-policy-100-both-s83-d2-m0-verdict-nibli-r0,bounds,100,2648.445362,query,,1,True,0,TRUE,,,,,,
00274-bounds-policy-100-both-s83-d2-m0-verdict-nibli-r1,bounds,100,0.031871000000000003,open,,,,,,,,,,,
00274-bounds-policy-100-both-s83-d2-m0-verdict-nibli-r1,bounds,100,43.190712999999995,load,101,,,,,,,,,,
00274-bounds-policy-100-both-s83-d2-m0-verdict-nibli-r1,bounds,100,943.243214,query,,0,False,0,FALSE,,,,,,
00274-bounds-policy-100-both-s83-d2-m0-verdict-nibli-r1,bounds,100,2601.466307,query,,1,True,0,TRUE,,,,,,
00275-bounds-policy-100-both-s83-d2-m0-verdict-nibli-r2,bounds,100,0.028691,open,,,,,,,,,,,
00275-bounds-policy-100-both-s83-d2-m0-verdict-nibli-r2,bounds,100,42.898431,load,101,,,,,,,,,,
00275-bounds-policy-100-both-s83-d2-m0-verdict-nibli-r2,bounds,100,942.871805,query,,0,False,0,FALSE,,,,,,
00275-bounds-policy-100-both-s83-d2-m0-verdict-nibli-r2,bounds,100,2669.708929,query,,1,True,0,TRUE,,,,,,
00277-evidence-policy-1000-both-s23-d10-m1-certificate-nibli-r0,evidence,1000,0.035970999999999996,open,,,,,,,,,,,
00277-evidence-policy-1000-both-s23-d10-m1-certificate-nibli-r0,evidence,1000,4077.8126859999998,load,985,,,,,,,,,,
00277-evidence-policy-1000-both-s23-d10-m1-certificate-nibli-r0,evidence,1000,65.794166,certificate,,0,,0,FALSE,967549,,True,0.730468,8586,0.016739999999999998
00277-evidence-policy-1000-both-s23-d10-m1-certificate-nibli-r0,evidence,1000,17.140391,certificate,,1,,0,TRUE,5102,,True,0.01243,36,0.00043
00278-evidence-policy-1000-both-s23-d10-m1-certificate-nibli-r1,evidence,1000,0.027379999999999998,open,,,,,,,,,,,
00278-evidence-policy-1000-both-s23-d10-m1-certificate-nibli-r1,evidence,1000,4013.4915180000003,load,985,,,,,,,,,,
00278-evidence-policy-1000-both-s23-d10-m1-certificate-nibli-r1,evidence,1000,61.422874,certificate,,0,,0,FALSE,967549,,True,0.39423,8586,0.01616
00278-evidence-policy-1000-both-s23-d10-m1-certificate-nibli-r1,evidence,1000,17.437428,certificate,,1,,0,TRUE,5102,,True,0.01256,36,0.00044
00279-evidence-policy-1000-both-s23-d10-m1-certificate-nibli-r2,evidence,1000,0.029830000000000002,open,,,,,,,,,,,
00279-evidence-policy-1000-both-s23-d10-m1-certificate-nibli-r2,evidence,1000,4006.477403,load,985,,,,,,,,,,
00279-evidence-policy-1000-both-s23-d10-m1-certificate-nibli-r2,evidence,1000,62.172466,certificate,,0,,0,FALSE,967549,,True,0.676106,8586,0.021990000000000003
00279-evidence-policy-1000-both-s23-d10-m1-certificate-nibli-r2,evidence,1000,16.732878,certificate,,1,,0,TRUE,5102,,True,0.013011,36,0.00054
00285-comparison-chain-12-forward-s47-d10-m1-verdict-nibli-r0,comparison,12,0.033081,open,,,,,,,,,,,
00285-comparison-chain-12-forward-s47-d10-m1-verdict-nibli-r0,comparison,12,1.145867,load,13,,,,,,,,,,
00288-comparison-chain-12-forward-s47-d10-m1-verdict-nibli-r1,comparison,12,0.029251000000000003,open,,,,,,,,,,,
00288-comparison-chain-12-forward-s47-d10-m1-verdict-nibli-r1,comparison,12,0.970954,load,13,,,,,,,,,,
00290-comparison-chain-12-forward-s47-d10-m1-verdict-nibli-r2,comparison,12,0.028371,open,,,,,,,,,,,
00290-comparison-chain-12-forward-s47-d10-m1-verdict-nibli-r2,comparison,12,0.80362,load,13,,,,,,,,,,
00293-bounds-chain-8-forward-s131-d5-m1-verdict-nibli-r0,bounds,8,0.031901,open,,,,,,,,,,,
00293-bounds-chain-8-forward-s131-d5-m1-verdict-nibli-r0,bounds,8,0.5358729999999999,load,9,,,,,,,,,,
00293-bounds-chain-8-forward-s131-d5-m1-verdict-nibli-r0,bounds,8,2972.6516699999997,query,,0,True,0,TRUE,,,,,,
00294-bounds-chain-8-forward-s131-d5-m1-verdict-nibli-r1,bounds,8,0.02728,open,,,,,,,,,,,
00294-bounds-chain-8-forward-s131-d5-m1-verdict-nibli-r1,bounds,8,0.662006,load,9,,,,,,,,,,
00294-bounds-chain-8-forward-s131-d5-m1-verdict-nibli-r1,bounds,8,2949.6640159999997,query,,0,True,0,TRUE,,,,,,
00295-bounds-chain-8-forward-s131-d5-m1-verdict-nibli-r2,bounds,8,0.028461,open,,,,,,,,,,,
00295-bounds-chain-8-forward-s131-d5-m1-verdict-nibli-r2,bounds,8,0.541783,load,9,,,,,,,,,,
00295-bounds-chain-8-forward-s131-d5-m1-verdict-nibli-r2,bounds,8,2996.5590660000003,query,,0,True,0,TRUE,,,,,,
00297-bounds-chain-8-forward-s23-d5-m0-verdict-nibli-r0,bounds,8,0.02683,open,,,,,,,,,,,
00297-bounds-chain-8-forward-s23-d5-m0-verdict-nibli-r0,bounds,8,0.541343,load,9,,,,,,,,,,
00297-bounds-chain-8-forward-s23-d5-m0-verdict-nibli-r0,bounds,8,7039.900936999999,query,,0,True,0,TRUE,,,,,,
00298-bounds-chain-8-forward-s23-d5-m0-verdict-nibli-r1,bounds,8,0.030311,open,,,,,,,,,,,
00298-bounds-chain-8-forward-s23-d5-m0-verdict-nibli-r1,bounds,8,0.613319,load,9,,,,,,,,,,
00298-bounds-chain-8-forward-s23-d5-m0-verdict-nibli-r1,bounds,8,6962.914435,query,,0,True,0,TRUE,,,,,,
00299-bounds-chain-8-forward-s23-d5-m0-verdict-nibli-r2,bounds,8,0.02865,open,,,,,,,,,,,
00299-bounds-chain-8-forward-s23-d5-m0-verdict-nibli-r2,bounds,8,0.619675,load,9,,,,,,,,,,
00299-bounds-chain-8-forward-s23-d5-m0-verdict-nibli-r2,bounds,8,7014.747844,query,,0,True,0,TRUE,,,,,,
00305-comparison-chain-32-forward-s11-d10-m1-verdict-nibli-r0,comparison,32,0.029091,open,,,,,,,,,,,
00305-comparison-chain-32-forward-s11-d10-m1-verdict-nibli-r0,comparison,32,3.883053,load,33,,,,,,,,,,
00306-comparison-chain-32-forward-s11-d10-m1-verdict-nibli-r1,comparison,32,0.031761000000000005,open,,,,,,,,,,,
00306-comparison-chain-32-forward-s11-d10-m1-verdict-nibli-r1,comparison,32,6.1430419999999994,load,33,,,,,,,,,,
00309-comparison-chain-32-forward-s11-d10-m1-verdict-nibli-r2,comparison,32,0.033701,open,,,,,,,,,,,
00309-comparison-chain-32-forward-s11-d10-m1-verdict-nibli-r2,comparison,32,3.662257,load,33,,,,,,,,,,
00313-bounds-chain-8-forward-s83-d5-m1-verdict-nibli-r0,bounds,8,0.02866,open,,,,,,,,,,,
00313-bounds-chain-8-forward-s83-d5-m1-verdict-nibli-r0,bounds,8,0.5483830000000001,load,9,,,,,,,,,,
00313-bounds-chain-8-forward-s83-d5-m1-verdict-nibli-r0,bounds,8,3735.329725,query,,0,True,0,TRUE,,,,,,
00314-bounds-chain-8-forward-s83-d5-m1-verdict-nibli-r1,bounds,8,0.026441,open,,,,,,,,,,,
00314-bounds-chain-8-forward-s83-d5-m1-verdict-nibli-r1,bounds,8,0.534493,load,9,,,,,,,,,,
00314-bounds-chain-8-forward-s83-d5-m1-verdict-nibli-r1,bounds,8,3699.841902,query,,0,True,0,TRUE,,,,,,
00315-bounds-chain-8-forward-s83-d5-m1-verdict-nibli-r2,bounds,8,0.027121,open,,,,,,,,,,,
00315-bounds-chain-8-forward-s83-d5-m1-verdict-nibli-r2,bounds,8,0.5451330000000001,load,9,,,,,,,,,,
00315-bounds-chain-8-forward-s83-d5-m1-verdict-nibli-r2,bounds,8,3763.714027,query,,0,True,0,TRUE,,,,,,
00320-comparison-chain-16-forward-s83-d10-m1-verdict-nibli-r0,comparison,16,0.02886,open,,,,,,,,,,,
00320-comparison-chain-16-forward-s83-d10-m1-verdict-nibli-r0,comparison,16,1.289269,load,17,,,,,,,,,,
00323-comparison-chain-16-forward-s83-d10-m1-verdict-nibli-r1,comparison,16,0.028671000000000002,open,,,,,,,,,,,
00323-comparison-chain-16-forward-s83-d10-m1-verdict-nibli-r1,comparison,16,1.214669,load,17,,,,,,,,,,
00326-comparison-chain-16-forward-s83-d10-m1-verdict-nibli-r2,comparison,16,0.028891,open,,,,,,,,,,,
00326-comparison-chain-16-forward-s83-d10-m1-verdict-nibli-r2,comparison,16,1.163917,load,17,,,,,,,,,,
00329-bounds-chain-8-forward-s11-d10-m0-verdict-nibli-r0,bounds,8,0.028591000000000002,open,,,,,,,,,,,
00329-bounds-chain-8-forward-s11-d10-m0-verdict-nibli-r0,bounds,8,2.928071,load,9,,,,,,,,,,
00329-bounds-chain-8-forward-s11-d10-m0-verdict-nibli-r0,bounds,8,5009.996105,query,,0,True,0,TRUE,,,,,,
00330-bounds-chain-8-forward-s11-d10-m0-verdict-nibli-r1,bounds,8,0.02735,open,,,,,,,,,,,
00330-bounds-chain-8-forward-s11-d10-m0-verdict-nibli-r1,bounds,8,0.546983,load,9,,,,,,,,,,
00330-bounds-chain-8-forward-s11-d10-m0-verdict-nibli-r1,bounds,8,4961.405777999999,query,,0,True,0,TRUE,,,,,,
00331-bounds-chain-8-forward-s11-d10-m0-verdict-nibli-r2,bounds,8,0.028340999999999998,open,,,,,,,,,,,
00331-bounds-chain-8-forward-s11-d10-m0-verdict-nibli-r2,bounds,8,0.544723,load,9,,,,,,,,,,
00331-bounds-chain-8-forward-s11-d10-m0-verdict-nibli-r2,bounds,8,5121.451408000001,query,,0,True,0,TRUE,,,,,,
00333-bounds-chain-8-backward-s47-d2-m1-verdict-nibli-r0,bounds,8,0.031951,open,,,,,,,,,,,
00333-bounds-chain-8-backward-s47-d2-m1-verdict-nibli-r0,bounds,8,0.562864,load,9,,,,,,,,,,
00333-bounds-chain-8-backward-s47-d2-m1-verdict-nibli-r0,bounds,8,28.926348,query,,0,False,0,FALSE,,,,,,
00334-bounds-chain-8-backward-s47-d2-m1-verdict-nibli-r1,bounds,8,0.02514,open,,,,,,,,,,,
00334-bounds-chain-8-backward-s47-d2-m1-verdict-nibli-r1,bounds,8,0.49114199999999997,load,9,,,,,,,,,,
00334-bounds-chain-8-backward-s47-d2-m1-verdict-nibli-r1,bounds,8,29.716691,query,,0,False,0,FALSE,,,,,,
00335-bounds-chain-8-backward-s47-d2-m1-verdict-nibli-r2,bounds,8,0.02629,open,,,,,,,,,,,
00335-bounds-chain-8-backward-s47-d2-m1-verdict-nibli-r2,bounds,8,0.486011,load,9,,,,,,,,,,
00335-bounds-chain-8-backward-s47-d2-m1-verdict-nibli-r2,bounds,8,30.773582,query,,0,False,0,FALSE,,,,,,
00337-bounds-chain-8-backward-s23-d20-m0-verdict-nibli-r0,bounds,8,0.025490000000000002,open,,,,,,,,,,,
00337-bounds-chain-8-backward-s23-d20-m0-verdict-nibli-r0,bounds,8,0.529112,load,9,,,,,,,,,,
00337-bounds-chain-8-backward-s23-d20-m0-verdict-nibli-r0,bounds,8,32.156742,query,,0,False,0,FALSE,,,,,,
00338-bounds-chain-8-backward-s23-d20-m0-verdict-nibli-r1,bounds,8,0.02819,open,,,,,,,,,,,
00338-bounds-chain-8-backward-s23-d20-m0-verdict-nibli-r1,bounds,8,0.589354,load,9,,,,,,,,,,
00338-bounds-chain-8-backward-s23-d20-m0-verdict-nibli-r1,bounds,8,32.433063,query,,0,False,0,FALSE,,,,,,
00339-bounds-chain-8-backward-s23-d20-m0-verdict-nibli-r2,bounds,8,0.024960000000000003,open,,,,,,,,,,,
00339-bounds-chain-8-backward-s23-d20-m0-verdict-nibli-r2,bounds,8,0.640915,load,9,,,,,,,,,,
00339-bounds-chain-8-backward-s23-d20-m0-verdict-nibli-r2,bounds,8,32.539564999999996,query,,0,False,0,FALSE,,,,,,
00343-comparison-chain-32-forward-s23-d10-m1-verdict-nibli-r0,comparison,32,0.028241,open,,,,,,,,,,,
00343-comparison-chain-32-forward-s23-d10-m1-verdict-nibli-r0,comparison,32,3.604957,load,33,,,,,,,,,,
00348-comparison-chain-32-forward-s23-d10-m1-verdict-nibli-r1,comparison,32,0.02913,open,,,,,,,,,,,
00348-comparison-chain-32-forward-s23-d10-m1-verdict-nibli-r1,comparison,32,3.5204839999999997,load,33,,,,,,,,,,
00350-comparison-chain-32-forward-s23-d10-m1-verdict-nibli-r2,comparison,32,0.026860000000000002,open,,,,,,,,,,,
00350-comparison-chain-32-forward-s23-d10-m1-verdict-nibli-r2,comparison,32,3.596806,load,33,,,,,,,,,,
00353-bounds-policy-100-both-s23-d20-m0-verdict-nibli-r0,bounds,100,0.029081000000000003,open,,,,,,,,,,,
00353-bounds-policy-100-both-s23-d20-m0-verdict-nibli-r0,bounds,100,44.040901,load,100,,,,,,,,,,
00353-bounds-policy-100-both-s23-d20-m0-verdict-nibli-r0,bounds,100,983.594698,query,,0,False,0,FALSE,,,,,,
00353-bounds-policy-100-both-s23-d20-m0-verdict-nibli-r0,bounds,100,2618.4539099999997,query,,1,True,0,TRUE,,,,,,
00354-bounds-policy-100-both-s23-d20-m0-verdict-nibli-r1,bounds,100,0.036541000000000004,open,,,,,,,,,,,
00354-bounds-policy-100-both-s23-d20-m0-verdict-nibli-r1,bounds,100,43.906922,load,100,,,,,,,,,,
00354-bounds-policy-100-both-s23-d20-m0-verdict-nibli-r1,bounds,100,949.860715,query,,0,False,0,FALSE,,,,,,
00354-bounds-policy-100-both-s23-d20-m0-verdict-nibli-r1,bounds,100,2629.873925,query,,1,True,0,TRUE,,,,,,
00355-bounds-policy-100-both-s23-d20-m0-verdict-nibli-r2,bounds,100,0.031991,open,,,,,,,,,,,
00355-bounds-policy-100-both-s23-d20-m0-verdict-nibli-r2,bounds,100,43.784724,load,100,,,,,,,,,,
00355-bounds-policy-100-both-s23-d20-m0-verdict-nibli-r2,bounds,100,1009.447027,query,,0,False,0,FALSE,,,,,,
00355-bounds-policy-100-both-s23-d20-m0-verdict-nibli-r2,bounds,100,2647.937874,query,,1,True,0,TRUE,,,,,,
00359-comparison-chain-8-forward-s11-d10-m1-verdict-nibli-r0,comparison,8,0.028680999999999998,open,,,,,,,,,,,
00359-comparison-chain-8-forward-s11-d10-m1-verdict-nibli-r0,comparison,8,0.551244,load,9,,,,,,,,,,
00359-comparison-chain-8-forward-s11-d10-m1-verdict-nibli-r0,comparison,8,5195.440654999999,query,,0,True,0,TRUE,,,,,,
00364-comparison-chain-8-forward-s11-d10-m1-verdict-nibli-r1,comparison,8,0.029401,open,,,,,,,,,,,
00364-comparison-chain-8-forward-s11-d10-m1-verdict-nibli-r1,comparison,8,0.606965,load,9,,,,,,,,,,
00364-comparison-chain-8-forward-s11-d10-m1-verdict-nibli-r1,comparison,8,4955.916125,query,,0,True,0,TRUE,,,,,,
00367-comparison-chain-8-forward-s11-d10-m1-verdict-nibli-r2,comparison,8,0.02916,open,,,,,,,,,,,
00367-comparison-chain-8-forward-s11-d10-m1-verdict-nibli-r2,comparison,8,0.5360630000000001,load,9,,,,,,,,,,
00367-comparison-chain-8-forward-s11-d10-m1-verdict-nibli-r2,comparison,8,4999.80921,query,,0,True,0,TRUE,,,,,,
00369-bounds-chain-8-forward-s131-d2-m1-verdict-nibli-r0,bounds,8,0.031121000000000003,open,,,,,,,,,,,
00369-bounds-chain-8-forward-s131-d2-m1-verdict-nibli-r0,bounds,8,0.586534,load,9,,,,,,,,,,
00369-bounds-chain-8-forward-s131-d2-m1-verdict-nibli-r0,bounds,8,668.30156,query,,0,True,0,TRUE,,,,,,
00370-bounds-chain-8-forward-s131-d2-m1-verdict-nibli-r1,bounds,8,0.042641,open,,,,,,,,,,,
00370-bounds-chain-8-forward-s131-d2-m1-verdict-nibli-r1,bounds,8,0.617375,load,9,,,,,,,,,,
00370-bounds-chain-8-forward-s131-d2-m1-verdict-nibli-r1,bounds,8,637.645767,query,,0,True,0,TRUE,,,,,,
00371-bounds-chain-8-forward-s131-d2-m1-verdict-nibli-r2,bounds,8,0.034731,open,,,,,,,,,,,
00371-bounds-chain-8-forward-s131-d2-m1-verdict-nibli-r2,bounds,8,1.059085,load,9,,,,,,,,,,
00371-bounds-chain-8-forward-s131-d2-m1-verdict-nibli-r2,bounds,8,660.994746,query,,0,True,0,TRUE,,,,,,
00373-bounds-policy-100-both-s23-d2-m1-verdict-nibli-r0,bounds,100,0.02573,open,,,,,,,,,,,
00373-bounds-policy-100-both-s23-d2-m1-verdict-nibli-r0,bounds,100,41.694019,load,100,,,,,,,,,,
00373-bounds-policy-100-both-s23-d2-m1-verdict-nibli-r0,bounds,100,0.321687,query,,0,False,0,FALSE,,,,,,
00373-bounds-policy-100-both-s23-d2-m1-verdict-nibli-r0,bounds,100,0.01484,query,,1,True,0,TRUE,,,,,,
00374-bounds-policy-100-both-s23-d2-m1-verdict-nibli-r1,bounds,100,0.024741,open,,,,,,,,,,,
00374-bounds-policy-100-both-s23-d2-m1-verdict-nibli-r1,bounds,100,41.512789,load,100,,,,,,,,,,
00374-bounds-policy-100-both-s23-d2-m1-verdict-nibli-r1,bounds,100,0.30077800000000005,query,,0,False,0,FALSE,,,,,,
00374-bounds-policy-100-both-s23-d2-m1-verdict-nibli-r1,bounds,100,0.01414,query,,1,True,0,TRUE,,,,,,
00375-bounds-policy-100-both-s23-d2-m1-verdict-nibli-r2,bounds,100,0.030620999999999995,open,,,,,,,,,,,
00375-bounds-policy-100-both-s23-d2-m1-verdict-nibli-r2,bounds,100,42.297993999999996,load,100,,,,,,,,,,
00375-bounds-policy-100-both-s23-d2-m1-verdict-nibli-r2,bounds,100,0.323008,query,,0,False,0,FALSE,,,,,,
00375-bounds-policy-100-both-s23-d2-m1-verdict-nibli-r2,bounds,100,0.016050000000000002,query,,1,True,0,TRUE,,,,,,
00377-evidence-policy-1000-both-s11-d10-m1-certificate-nibli-r0,evidence,1000,0.027871,open,,,,,,,,,,,
00377-evidence-policy-1000-both-s11-d10-m1-certificate-nibli-r0,evidence,1000,3895.748218,load,983,,,,,,,,,,
00377-evidence-policy-1000-both-s11-d10-m1-certificate-nibli-r0,evidence,1000,64.91068999999999,certificate,,0,,0,FALSE,966419,,True,0.693021,8576,0.023461000000000003
00377-evidence-policy-1000-both-s11-d10-m1-certificate-nibli-r0,evidence,1000,18.182945,certificate,,1,,0,TRUE,5102,,True,0.012,36,0.00076
00378-evidence-policy-1000-both-s11-d10-m1-certificate-nibli-r1,evidence,1000,0.026881,open,,,,,,,,,,,
00378-evidence-policy-1000-both-s11-d10-m1-certificate-nibli-r1,evidence,1000,3992.180953,load,983,,,,,,,,,,
00378-evidence-policy-1000-both-s11-d10-m1-certificate-nibli-r1,evidence,1000,63.22486500000001,certificate,,0,,0,FALSE,966419,,True,0.559924,8576,0.02222
00378-evidence-policy-1000-both-s11-d10-m1-certificate-nibli-r1,evidence,1000,16.208384,certificate,,1,,0,TRUE,5102,,True,0.01285,36,0.00071
00379-evidence-policy-1000-both-s11-d10-m1-certificate-nibli-r2,evidence,1000,0.027909999999999997,open,,,,,,,,,,,
00379-evidence-policy-1000-both-s11-d10-m1-certificate-nibli-r2,evidence,1000,3998.437809,load,983,,,,,,,,,,
00379-evidence-policy-1000-both-s11-d10-m1-certificate-nibli-r2,evidence,1000,60.682783,certificate,,0,,0,FALSE,966419,,True,0.701866,8576,0.015581
00379-evidence-policy-1000-both-s11-d10-m1-certificate-nibli-r2,evidence,1000,16.724560999999998,certificate,,1,,0,TRUE,5102,,True,0.01188,36,0.00049
00381-bounds-chain-8-backward-s23-d2-m1-verdict-nibli-r0,bounds,8,0.02655,open,,,,,,,,,,,
00381-bounds-chain-8-backward-s23-d2-m1-verdict-nibli-r0,bounds,8,0.49461199999999994,load,9,,,,,,,,,,
00381-bounds-chain-8-backward-s23-d2-m1-verdict-nibli-r0,bounds,8,31.336840999999996,query,,0,False,0,FALSE,,,,,,
00382-bounds-chain-8-backward-s23-d2-m1-verdict-nibli-r1,bounds,8,0.027111,open,,,,,,,,,,,
00382-bounds-chain-8-backward-s23-d2-m1-verdict-nibli-r1,bounds,8,0.499472,load,9,,,,,,,,,,
00382-bounds-chain-8-backward-s23-d2-m1-verdict-nibli-r1,bounds,8,32.727444,query,,0,False,0,FALSE,,,,,,
00383-bounds-chain-8-backward-s23-d2-m1-verdict-nibli-r2,bounds,8,0.027041000000000003,open,,,,,,,,,,,
00383-bounds-chain-8-backward-s23-d2-m1-verdict-nibli-r2,bounds,8,0.628585,load,9,,,,,,,,,,
00383-bounds-chain-8-backward-s23-d2-m1-verdict-nibli-r2,bounds,8,32.228862,query,,0,False,0,FALSE,,,,,,
00385-bounds-chain-8-forward-s11-d20-m1-verdict-nibli-r0,bounds,8,0.02731,open,,,,,,,,,,,
00385-bounds-chain-8-forward-s11-d20-m1-verdict-nibli-r0,bounds,8,0.549053,load,9,,,,,,,,,,
00385-bounds-chain-8-forward-s11-d20-m1-verdict-nibli-r0,bounds,8,4854.080623,query,,0,True,0,TRUE,,,,,,
00386-bounds-chain-8-forward-s11-d20-m1-verdict-nibli-r1,bounds,8,0.028671000000000002,open,,,,,,,,,,,
00386-bounds-chain-8-forward-s11-d20-m1-verdict-nibli-r1,bounds,8,0.5428930000000001,load,9,,,,,,,,,,
00386-bounds-chain-8-forward-s11-d20-m1-verdict-nibli-r1,bounds,8,4897.453339,query,,0,True,0,TRUE,,,,,,
00387-bounds-chain-8-forward-s11-d20-m1-verdict-nibli-r2,bounds,8,0.030551,open,,,,,,,,,,,
00387-bounds-chain-8-forward-s11-d20-m1-verdict-nibli-r2,bounds,8,0.555393,load,9,,,,,,,,,,
00387-bounds-chain-8-forward-s11-d20-m1-verdict-nibli-r2,bounds,8,5028.588984,query,,0,True,0,TRUE,,,,,,
00389-updates-policy-1000-both-s47-d10-m1-updates-nibli-r0,updates,1000,11.802918,open,,,,,,,,,,,
00389-updates-policy-1000-both-s47-d10-m1-updates-nibli-r0,updates,1000,8146.881039,load,976,,,,,,,,,,
00389-updates-policy-1000-both-s47-d10-m1-updates-nibli-r0,updates,1000,23.007611,certificate,,0,,0,TRUE,8580,,True,0.037571,60,0.00074
00389-updates-policy-1000-both-s47-d10-m1-updates-nibli-r0,updates,1000,61.923724,certificate,,1,,0,FALSE,962464,,True,0.38337899999999997,8541,0.018539999999999997
00389-updates-policy-1000-both-s47-d10-m1-updates-nibli-r0,updates,1000,23.282258,certificate,,2,,0,TRUE,8610,,True,0.03535,60,0.0007700000000000001
00389-updates-policy-1000-both-s47-d10-m1-updates-nibli-r0,updates,1000,58.998344,certificate,,3,,0,FALSE,962464,,True,0.376229,8541,0.018181
00389-updates-policy-1000-both-s47-d10-m1-updates-nibli-r0,updates,1000,166.92839800000002,withdrawal,,,,1,,,,,,,
00389-updates-policy-1000-both-s47-d10-m1-updates-nibli-r0,updates,1000,78.58591299999999,certificate,,0,,1,TRUE,9083,,True,0.065272,64,0.00083
00389-updates-policy-1000-both-s47-d10-m1-updates-nibli-r0,updates,1000,62.506694,certificate,,1,,1,FALSE,961899,,True,0.43876,8536,0.0171
00389-updates-policy-1000-both-s47-d10-m1-updates-nibli-r0,updates,1000,24.124099,certificate,,2,,1,TRUE,8610,,True,0.080192,60,0.0005600000000000001
00389-updates-policy-1000-both-s47-d10-m1-updates-nibli-r0,updates,1000,64.31843099999999,certificate,,3,,1,FALSE,961899,,True,0.694767,8536,0.018541000000000002
00389-updates-policy-1000-both-s47-d10-m1-updates-nibli-r0,updates,1000,93.62759299999999,withdrawal,,,,2,,,,,,,
00389-updates-policy-1000-both-s47-d10-m1-updates-nibli-r0,updates,1000,127.635217,certificate,,0,,2,FALSE,2408212,,True,1.83436,17061,0.044150999999999996
00389-updates-policy-1000-both-s47-d10-m1-updates-nibli-r0,updates,1000,21.857629,certificate,,1,,2,TRUE,5072,,True,0.025611,36,0.00042
00389-updates-policy-1000-both-s47-d10-m1-updates-nibli-r0,updates,1000,27.022707999999998,certificate,,2,,2,TRUE,8610,,True,0.070062,60,0.0005
00389-updates-policy-1000-both-s47-d10-m1-updates-nibli-r0,updates,1000,64.538501,certificate,,3,,2,FALSE,961334,,True,0.42238,8531,0.016120000000000002
00389-updates-policy-1000-both-s47-d10-m1-updates-nibli-r0,updates,1000,73.05834399999999,reassertion,,,,3,,,,,,,
00389-updates-policy-1000-both-s47-d10-m1-updates-nibli-r0,updates,1000,22.782937999999998,certificate,,0,,3,TRUE,8580,,True,0.041691,60,0.0007899999999999999
00389-updates-policy-1000-both-s47-d10-m1-updates-nibli-r0,updates,1000,60.577726,certificate,,1,,3,FALSE,961899,,True,0.39763,8536,0.01492
00389-updates-policy-1000-both-s47-d10-m1-updates-nibli-r0,updates,1000,23.841426,certificate,,2,,3,TRUE,8610,,True,0.037831,60,0.00054
00389-updates-policy-1000-both-s47-d10-m1-updates-nibli-r0,updates,1000,70.803721,certificate,,3,,3,FALSE,961899,,True,0.43029100000000003,8536,0.01836
00389-updates-policy-1000-both-s47-d10-m1-updates-nibli-r0,updates,1000,7049.8387219999995,reopen,,,,4,,,,,,,
00389-updates-policy-1000-both-s47-d10-m1-updates-nibli-r0,updates,1000,26.065629,certificate,,0,,4,TRUE,8580,,True,0.057192,60,0.0006799999999999999
00389-updates-policy-1000-both-s47-d10-m1-updates-nibli-r0,updates,1000,62.731812,certificate,,1,,4,FALSE,961899,,True,0.40277,8536,0.021431
00389-updates-policy-1000-both-s47-d10-m1-updates-nibli-r0,updates,1000,30.111757,certificate,,2,,4,TRUE,8610,,True,0.150999,60,0.0008500000000000001
00389-updates-policy-1000-both-s47-d10-m1-updates-nibli-r0,updates,1000,62.713617,certificate,,3,,4,FALSE,961899,,True,0.430945,8536,0.016551
00389-updates-policy-1000-both-s47-d10-m1-updates-nibli-r0,updates,1000,167.046913,withdrawal,,,,5,,,,,,,
00389-updates-policy-1000-both-s47-d10-m1-updates-nibli-r0,updates,1000,27.070599,certificate,,0,,5,TRUE,8580,,True,0.079062,60,0.00067
00389-updates-policy-1000-both-s47-d10-m1-updates-nibli-r0,updates,1000,65.061548,certificate,,1,,5,FALSE,961334,,True,0.402189,8531,0.016521
00389-updates-policy-1000-both-s47-d10-m1-updates-nibli-r0,updates,1000,120.198745,certificate,,2,,5,FALSE,2408212,,True,1.1994289999999999,17061,0.045021
00389-updates-policy-1000-both-s47-d10-m1-updates-nibli-r0,updates,1000,16.802221999999997,certificate,,3,,5,TRUE,5102,,True,0.030011,36,0.00033
00389-updates-policy-1000-both-s47-d10-m1-updates-nibli-r0,updates,1000,100.167226,reassertion,,,,6,,,,,,,
00389-updates-policy-1000-both-s47-d10-m1-updates-nibli-r0,updates,1000,23.907242,certificate,,0,,6,TRUE,8580,,True,0.073881,60,0.0005
00389-updates-policy-1000-both-s47-d10-m1-updates-nibli-r0,updates,1000,70.362877,certificate,,1,,6,FALSE,961899,,True,0.753023,8536,0.027791
00389-updates-policy-1000-both-s47-d10-m1-updates-nibli-r0,updates,1000,35.507506,certificate,,2,,6,TRUE,8610,,True,0.055091,60,0.00046
00389-updates-policy-1000-both-s47-d10-m1-updates-nibli-r0,updates,1000,75.11670400000001,certificate,,3,,6,FALSE,961899,,True,0.43467,8536,0.016321
00389-updates-policy-1000-both-s47-d10-m1-updates-nibli-r0,updates,1000,7074.364476999999,reopen,,,,7,,,,,,,
00389-updates-policy-1000-both-s47-d10-m1-updates-nibli-r0,updates,1000,23.478173,certificate,,0,,7,TRUE,8580,,True,0.057621000000000006,60,0.00065
00389-updates-policy-1000-both-s47-d10-m1-updates-nibli-r0,updates,1000,60.259437999999996,certificate,,1,,7,FALSE,961899,,True,0.576956,8536,0.01626
00389-updates-policy-1000-both-s47-d10-m1-updates-nibli-r0,updates,1000,22.828823,certificate,,2,,7,TRUE,8610,,True,0.048102,60,0.00053
00389-updates-policy-1000-both-s47-d10-m1-updates-nibli-r0,updates,1000,58.849075,certificate,,3,,7,FALSE,961899,,True,0.40513000000000005,8536,0.016451
00390-updates-policy-1000-both-s47-d10-m1-updates-nibli-r1,updates,1000,168.490944,open,,,,,,,,,,,
00390-updates-policy-1000-both-s47-d10-m1-updates-nibli-r1,updates,1000,7921.893769,load,976,,,,,,,,,,
00390-updates-policy-1000-both-s47-d10-m1-updates-nibli-r1,updates,1000,23.048928,certificate,,0,,0,TRUE,8580,,True,0.038491000000000004,60,0.0007199999999999999
00390-updates-policy-1000-both-s47-d10-m1-updates-nibli-r1,updates,1000,61.797846,certificate,,1,,0,FALSE,962464,,True,0.39940899999999996,8541,0.016481
00390-updates-policy-1000-both-s47-d10-m1-updates-nibli-r1,updates,1000,23.085677999999998,certificate,,2,,0,TRUE,8610,,True,0.033250999999999996,60,0.00039999999999999996
00390-updates-policy-1000-both-s47-d10-m1-updates-nibli-r1,updates,1000,58.661283000000005,certificate,,3,,0,FALSE,962464,,True,0.6596259999999999,8541,0.026671
00390-updates-policy-1000-both-s47-d10-m1-updates-nibli-r1,updates,1000,19.242272,withdrawal,,,,1,,,,,,,
00390-updates-policy-1000-both-s47-d10-m1-updates-nibli-r1,updates,1000,79.341784,certificate,,0,,1,TRUE,9083,,True,0.194114,64,0.00122
00390-updates-policy-1000-both-s47-d10-m1-updates-nibli-r1,updates,1000,62.595671,certificate,,1,,1,FALSE,961899,,True,0.664096,8536,0.017171
00390-updates-policy-1000-both-s47-d10-m1-updates-nibli-r1,updates,1000,23.828912,certificate,,2,,1,TRUE,8610,,True,0.071912,60,0.0005899999999999999
00390-updates-policy-1000-both-s47-d10-m1-updates-nibli-r1,updates,1000,69.850386,certificate,,3,,1,FALSE,961899,,True,0.691077,8536,0.0165
00390-updates-policy-1000-both-s47-d10-m1-updates-nibli-r1,updates,1000,20.462695,withdrawal,,,,2,,,,,,,
00390-updates-policy-1000-both-s47-d10-m1-updates-nibli-r1,updates,1000,117.796552,certificate,,0,,2,FALSE,2408212,,True,2.026034,17061,0.037041
00390-updates-policy-1000-both-s47-d10-m1-updates-nibli-r1,updates,1000,20.343119,certificate,,1,,2,TRUE,5072,,True,0.02484,36,0.00052
00390-updates-policy-1000-both-s47-d10-m1-updates-nibli-r1,updates,1000,27.629392,certificate,,2,,2,TRUE,8610,,True,0.117143,60,0.0005700000000000001
00390-updates-policy-1000-both-s47-d10-m1-updates-nibli-r1,updates,1000,62.469468,certificate,,3,,2,FALSE,961334,,True,0.41075900000000004,8531,0.016331
00390-updates-policy-1000-both-s47-d10-m1-updates-nibli-r1,updates,1000,13.9754,reassertion,,,,3,,,,,,,
00390-updates-policy-1000-both-s47-d10-m1-updates-nibli-r1,updates,1000,22.724310000000003,certificate,,0,,3,TRUE,8580,,True,0.036691,60,0.00047
00390-updates-policy-1000-both-s47-d10-m1-updates-nibli-r1,updates,1000,66.16166299999999,certificate,,1,,3,FALSE,961899,,True,0.424845,8536,0.01679
00390-updates-policy-1000-both-s47-d10-m1-updates-nibli-r1,updates,1000,25.931881999999998,certificate,,2,,3,TRUE,8610,,True,0.045401000000000004,60,0.00064
00390-updates-policy-1000-both-s47-d10-m1-updates-nibli-r1,updates,1000,59.796994999999995,certificate,,3,,3,FALSE,961899,,True,0.49435699999999994,8536,0.016051
00390-updates-policy-1000-both-s47-d10-m1-updates-nibli-r1,updates,1000,6846.339999,reopen,,,,4,,,,,,,
00390-updates-policy-1000-both-s47-d10-m1-updates-nibli-r1,updates,1000,25.928362,certificate,,0,,4,TRUE,8580,,True,0.061280999999999995,60,0.0005899999999999999
00390-updates-policy-1000-both-s47-d10-m1-updates-nibli-r1,updates,1000,62.431917000000006,certificate,,1,,4,FALSE,961899,,True,0.654456,8536,0.015780000000000002
00390-updates-policy-1000-both-s47-d10-m1-updates-nibli-r1,updates,1000,22.631203,certificate,,2,,4,TRUE,8610,,True,0.070382,60,0.0005700000000000001
00390-updates-policy-1000-both-s47-d10-m1-updates-nibli-r1,updates,1000,76.79926300000001,certificate,,3,,4,FALSE,961899,,True,0.64181,8536,0.016079999999999997
00390-updates-policy-1000-both-s47-d10-m1-updates-nibli-r1,updates,1000,20.594309000000003,withdrawal,,,,5,,,,,,,
00390-updates-policy-1000-both-s47-d10-m1-updates-nibli-r1,updates,1000,23.914313,certificate,,0,,5,TRUE,8580,,True,0.108902,60,0.00064
00390-updates-policy-1000-both-s47-d10-m1-updates-nibli-r1,updates,1000,61.515129,certificate,,1,,5,FALSE,961334,,True,0.388129,8531,0.016001
00390-updates-policy-1000-both-s47-d10-m1-updates-nibli-r1,updates,1000,116.276733,certificate,,2,,5,FALSE,2408212,,True,1.6152689999999998,17061,0.059580999999999995
00390-updates-policy-1000-both-s47-d10-m1-updates-nibli-r1,updates,1000,17.498898999999998,certificate,,3,,5,TRUE,5102,,True,0.031831,36,0.00049
00390-updates-policy-1000-both-s47-d10-m1-updates-nibli-r1,updates,1000,16.281615,reassertion,,,,6,,,,,,,
00390-updates-policy-1000-both-s47-d10-m1-updates-nibli-r1,updates,1000,23.991555,certificate,,0,,6,TRUE,8580,,True,0.055811,60,0.00053
00390-updates-policy-1000-both-s47-d10-m1-updates-nibli-r1,updates,1000,61.643139,certificate,,1,,6,FALSE,961899,,True,0.39528,8536,0.01602
00390-updates-policy-1000-both-s47-d10-m1-updates-nibli-r1,updates,1000,22.027893,certificate,,2,,6,TRUE,8610,,True,0.052122,60,0.00082
00390-updates-policy-1000-both-s47-d10-m1-updates-nibli-r1,updates,1000,65.929954,certificate,,3,,6,FALSE,961899,,True,0.390609,8536,0.018550999999999998
00390-updates-policy-1000-both-s47-d10-m1-updates-nibli-r1,updates,1000,6820.189073,reopen,,,,7,,,,,,,
00390-updates-policy-1000-both-s47-d10-m1-updates-nibli-r1,updates,1000,23.592025999999997,certificate,,0,,7,TRUE,8580,,True,0.056602,60,0.00069
00390-updates-policy-1000-both-s47-d10-m1-updates-nibli-r1,updates,1000,59.373922,certificate,,1,,7,FALSE,961899,,True,0.39797,8536,0.01575
00390-updates-policy-1000-both-s47-d10-m1-updates-nibli-r1,updates,1000,22.945955,certificate,,2,,7,TRUE,8610,,True,0.050911,60,0.00047999999999999996
00390-updates-policy-1000-both-s47-d10-m1-updates-nibli-r1,updates,1000,59.415598,certificate,,3,,7,FALSE,961899,,True,0.384829,8536,0.015611
00391-updates-policy-1000-both-s47-d10-m1-updates-nibli-r2,updates,1000,12.114481999999999,open,,,,,,,,,,,
00391-updates-policy-1000-both-s47-d10-m1-updates-nibli-r2,updates,1000,7933.778859,load,976,,,,,,,,,,
00391-updates-policy-1000-both-s47-d10-m1-updates-nibli-r2,updates,1000,22.866398,certificate,,0,,0,TRUE,8580,,True,0.051310999999999996,60,0.00083
00391-updates-policy-1000-both-s47-d10-m1-updates-nibli-r2,updates,1000,62.83567599999999,certificate,,1,,0,FALSE,962464,,True,0.40204900000000005,8541,0.016201
00391-updates-policy-1000-both-s47-d10-m1-updates-nibli-r2,updates,1000,23.536393999999998,certificate,,2,,0,TRUE,8610,,True,0.033491,60,0.00061
00391-updates-policy-1000-both-s47-d10-m1-updates-nibli-r2,updates,1000,61.363675,certificate,,3,,0,FALSE,962464,,True,0.38521999999999995,8541,0.01552
00391-updates-policy-1000-both-s47-d10-m1-updates-nibli-r2,updates,1000,19.812823,withdrawal,,,,1,,,,,,,
00391-updates-policy-1000-both-s47-d10-m1-updates-nibli-r2,updates,1000,79.662875,certificate,,0,,1,TRUE,9083,,True,0.062252,64,0.00061
00391-updates-policy-1000-both-s47-d10-m1-updates-nibli-r2,updates,1000,63.431184,certificate,,1,,1,FALSE,961899,,True,0.40919,8536,0.01649
00391-updates-policy-1000-both-s47-d10-m1-updates-nibli-r2,updates,1000,23.406597,certificate,,2,,1,TRUE,8610,,True,0.065122,60,0.00053
00391-updates-policy-1000-both-s47-d10-m1-updates-nibli-r2,updates,1000,60.227577999999994,certificate,,3,,1,FALSE,961899,,True,0.685446,8536,0.01621
00391-updates-policy-1000-both-s47-d10-m1-updates-nibli-r2,updates,1000,21.482448,withdrawal,,,,2,,,,,,,
00391-updates-policy-1000-both-s47-d10-m1-updates-nibli-r2,updates,1000,118.797789,certificate,,0,,2,FALSE,2408212,,True,1.737102,17061,0.036581
00391-updates-policy-1000-both-s47-d10-m1-updates-nibli-r2,updates,1000,19.242991,certificate,,1,,2,TRUE,5072,,True,0.093552,36,0.0006
00391-updates-policy-1000-both-s47-d10-m1-updates-nibli-r2,updates,1000,24.196375,certificate,,2,,2,TRUE,8610,,True,0.06378199999999999,60,0.00043
00391-updates-policy-1000-both-s47-d10-m1-updates-nibli-r2,updates,1000,56.937580000000004,certificate,,3,,2,FALSE,961334,,True,0.42057,8531,0.017210999999999997
00391-updates-policy-1000-both-s47-d10-m1-updates-nibli-r2,updates,1000,13.464698,reassertion,,,,3,,,,,,,
00391-updates-policy-1000-both-s47-d10-m1-updates-nibli-r2,updates,1000,23.322547999999998,certificate,,0,,3,TRUE,8580,,True,0.036431,60,0.00052
00391-updates-policy-1000-both-s47-d10-m1-updates-nibli-r2,updates,1000,59.933453,certificate,,1,,3,FALSE,961899,,True,0.39239999999999997,8536,0.02455
00391-updates-policy-1000-both-s47-d10-m1-updates-nibli-r2,updates,1000,22.413952000000002,certificate,,2,,3,TRUE,8610,,True,0.036551,60,0.00047
00391-updates-policy-1000-both-s47-d10-m1-updates-nibli-r2,updates,1000,58.957873,certificate,,3,,3,FALSE,961899,,True,0.40752,8536,0.01609
00391-updates-policy-1000-both-s47-d10-m1-updates-nibli-r2,updates,1000,6831.332834999999,reopen,,,,4,,,,,,,
00391-updates-policy-1000-both-s47-d10-m1-updates-nibli-r2,updates,1000,23.249824999999998,certificate,,0,,4,TRUE,8580,,True,0.070982,60,0.00105
00391-updates-policy-1000-both-s47-d10-m1-updates-nibli-r2,updates,1000,57.871223,certificate,,1,,4,FALSE,961899,,True,0.388969,8536,0.01613
00391-updates-policy-1000-both-s47-d10-m1-updates-nibli-r2,updates,1000,23.339739,certificate,,2,,4,TRUE,8610,,True,0.08653300000000001,60,0.00084
00391-updates-policy-1000-both-s47-d10-m1-updates-nibli-r2,updates,1000,56.799867,certificate,,3,,4,FALSE,961899,,True,0.38569899999999996,8536,0.027430999999999997
00391-updates-policy-1000-both-s47-d10-m1-updates-nibli-r2,updates,1000,18.267822,withdrawal,,,,5,,,,,,,
00391-updates-policy-1000-both-s47-d10-m1-updates-nibli-r2,updates,1000,24.593141,certificate,,0,,5,TRUE,8580,,True,0.08260200000000001,60,0.00073
00391-updates-policy-1000-both-s47-d10-m1-updates-nibli-r2,updates,1000,61.069609,certificate,,1,,5,FALSE,961334,,True,0.40802,8531,0.017410000000000002
00391-updates-policy-1000-both-s47-d10-m1-updates-nibli-r2,updates,1000,116.208016,certificate,,2,,5,FALSE,2408212,,True,1.22536,17061,0.051081
00391-updates-policy-1000-both-s47-d10-m1-updates-nibli-r2,updates,1000,17.253484,certificate,,3,,5,TRUE,5102,,True,0.030321,36,0.0009299999999999999
00391-updates-policy-1000-both-s47-d10-m1-updates-nibli-r2,updates,1000,16.520885999999997,reassertion,,,,6,,,,,,,
00391-updates-policy-1000-both-s47-d10-m1-updates-nibli-r2,updates,1000,23.484093,certificate,,0,,6,TRUE,8580,,True,0.090082,60,0.00069
00391-updates-policy-1000-both-s47-d10-m1-updates-nibli-r2,updates,1000,64.713856,certificate,,1,,6,FALSE,961899,,True,0.680477,8536,0.016900000000000002
00391-updates-policy-1000-both-s47-d10-m1-updates-nibli-r2,updates,1000,23.114639,certificate,,2,,6,TRUE,8610,,True,0.056111,60,0.00045
00391-updates-policy-1000-both-s47-d10-m1-updates-nibli-r2,updates,1000,60.30009,certificate,,3,,6,FALSE,961899,,True,0.40236,8536,0.0157
00391-updates-policy-1000-both-s47-d10-m1-updates-nibli-r2,updates,1000,6858.849109999999,reopen,,,,7,,,,,,,
00391-updates-policy-1000-both-s47-d10-m1-updates-nibli-r2,updates,1000,23.655092,certificate,,0,,7,TRUE,8580,,True,0.057401,60,0.00099
00391-updates-policy-1000-both-s47-d10-m1-updates-nibli-r2,updates,1000,64.595763,certificate,,1,,7,FALSE,961899,,True,0.39094,8536,0.015000000000000001
00391-updates-policy-1000-both-s47-d10-m1-updates-nibli-r2,updates,1000,23.735218999999997,certificate,,2,,7,TRUE,8610,,True,0.062652,60,0.00061
00391-updates-policy-1000-both-s47-d10-m1-updates-nibli-r2,updates,1000,63.307401,certificate,,3,,7,FALSE,961899,,True,0.395329,8536,0.014610999999999999
00393-updates-policy-100-both-s83-d10-m1-updates-nibli-r0,updates,100,11.205444,open,,,,,,,,,,,
00393-updates-policy-100-both-s83-d10-m1-updates-nibli-r0,updates,100,390.08754600000003,load,102,,,,,,,,,,
00393-updates-policy-100-both-s83-d10-m1-updates-nibli-r0,updates,100,1.7612619999999999,certificate,,0,,0,TRUE,8541,,True,0.020791,60,0.00065
00393-updates-policy-100-both-s83-d10-m1-updates-nibli-r0,updates,100,2.0902410000000002,certificate,,1,,0,FALSE,100679,,True,0.059341,901,0.00141
00393-updates-policy-100-both-s83-d10-m1-updates-nibli-r0,updates,100,1.827393,certificate,,2,,0,TRUE,8560,,True,0.021731,60,0.00047
00393-updates-policy-100-both-s83-d10-m1-updates-nibli-r0,updates,100,2.09958,certificate,,3,,0,FALSE,100679,,True,0.042071,901,0.00129
00393-updates-policy-100-both-s83-d10-m1-updates-nibli-r0,updates,100,2.745491,withdrawal,,,,1,,,,,,,
00393-updates-policy-100-both-s83-d10-m1-updates-nibli-r0,updates,100,3.292159,certificate,,0,,1,TRUE,9039,,True,0.01855,64,0.00039000000000000005
00393-updates-policy-100-both-s83-d10-m1-updates-nibli-r0,updates,100,2.040998,certificate,,1,,1,FALSE,100119,,True,0.042011,896,0.00126
00393-updates-policy-100-both-s83-d10-m1-updates-nibli-r0,updates,100,1.815394,certificate,,2,,1,TRUE,8560,,True,0.019651,60,0.00041
00393-updates-policy-100-both-s83-d10-m1-updates-nibli-r0,updates,100,1.902176,certificate,,3,,1,FALSE,100119,,True,0.042391,896,0.00125
00393-updates-policy-100-both-s83-d10-m1-updates-nibli-r0,updates,100,2.394883,withdrawal,,,,2,,,,,,,
00393-updates-policy-100-both-s83-d10-m1-updates-nibli-r0,updates,100,5.675256,certificate,,0,,2,FALSE,249543,,True,0.14093299999999997,1781,0.00395
00393-updates-policy-100-both-s83-d10-m1-updates-nibli-r0,updates,100,1.156977,certificate,,1,,2,TRUE,5072,,True,0.012771,36,0.00031
00393-updates-policy-100-both-s83-d10-m1-updates-nibli-r0,updates,100,1.582038,certificate,,2,,2,TRUE,8560,,True,0.017859999999999997,60,0.00028000000000000003
00393-updates-policy-100-both-s83-d10-m1-updates-nibli-r0,updates,100,1.974202,certificate,,3,,2,FALSE,99559,,True,0.043281,891,0.00128
00393-updates-policy-100-both-s83-d10-m1-updates-nibli-r0,updates,100,4.7210280000000004,reassertion,,,,3,,,,,,,
00393-updates-policy-100-both-s83-d10-m1-updates-nibli-r0,updates,100,2.31233,certificate,,0,,3,TRUE,8556,,True,0.01832,60,0.00039999999999999996
00393-updates-policy-100-both-s83-d10-m1-updates-nibli-r0,updates,100,2.051419,certificate,,1,,3,FALSE,100119,,True,0.043431,896,0.00132
00393-updates-policy-100-both-s83-d10-m1-updates-nibli-r0,updates,100,1.686261,certificate,,2,,3,TRUE,8560,,True,0.01991,60,0.00042
00393-updates-policy-100-both-s83-d10-m1-updates-nibli-r0,updates,100,1.8982750000000002,certificate,,3,,3,FALSE,100119,,True,0.042701,896,0.0012300000000000002
00393-updates-policy-100-both-s83-d10-m1-updates-nibli-r0,updates,100,338.692309,reopen,,,,4,,,,,,,
00393-updates-policy-100-both-s83-d10-m1-updates-nibli-r0,updates,100,1.7515720000000001,certificate,,0,,4,TRUE,8556,,True,0.021061,60,0.00067
00393-updates-policy-100-both-s83-d10-m1-updates-nibli-r0,updates,100,2.126426,certificate,,1,,4,FALSE,100119,,True,0.045101,896,0.00135
00393-updates-policy-100-both-s83-d10-m1-updates-nibli-r0,updates,100,1.7983529999999999,certificate,,2,,4,TRUE,8560,,True,0.019821,60,0.00042
00393-updates-policy-100-both-s83-d10-m1-updates-nibli-r0,updates,100,1.928933,certificate,,3,,4,FALSE,100119,,True,0.042221,896,0.0013
00393-updates-policy-100-both-s83-d10-m1-updates-nibli-r0,updates,100,3.9519480000000002,withdrawal,,,,5,,,,,,,
00393-updates-policy-100-both-s83-d10-m1-updates-nibli-r0,updates,100,1.870025,certificate,,0,,5,TRUE,8556,,True,0.01175,60,0.00043
00393-updates-policy-100-both-s83-d10-m1-updates-nibli-r0,updates,100,2.082506,certificate,,1,,5,FALSE,99559,,True,0.044421,891,0.00117
00393-updates-policy-100-both-s83-d10-m1-updates-nibli-r0,updates,100,4.086907,certificate,,2,,5,FALSE,249543,,True,0.097963,1781,0.0022199999999999998
00393-updates-policy-100-both-s83-d10-m1-updates-nibli-r0,updates,100,1.009214,certificate,,3,,5,TRUE,5072,,True,0.0118,36,0.00031
00393-updates-policy-100-both-s83-d10-m1-updates-nibli-r0,updates,100,3.237377,reassertion,,,,6,,,,,,,
00393-updates-policy-100-both-s83-d10-m1-updates-nibli-r0,updates,100,1.688556,certificate,,0,,6,TRUE,8556,,True,0.020881,60,0.00041
00393-updates-policy-100-both-s83-d10-m1-updates-nibli-r0,updates,100,2.1008899999999997,certificate,,1,,6,FALSE,100119,,True,0.041911,896,0.00126
00393-updates-policy-100-both-s83-d10-m1-updates-nibli-r0,updates,100,1.6789800000000001,certificate,,2,,6,TRUE,8560,,True,0.019190000000000002,60,0.00035
00393-updates-policy-100-both-s83-d10-m1-updates-nibli-r0,updates,100,1.9328159999999999,certificate,,3,,6,FALSE,100119,,True,0.042221,896,0.0012300000000000002
00393-updates-policy-100-both-s83-d10-m1-updates-nibli-r0,updates,100,345.21869399999997,reopen,,,,7,,,,,,,
00393-updates-policy-100-both-s83-d10-m1-updates-nibli-r0,updates,100,1.8318500000000002,certificate,,0,,7,TRUE,8556,,True,0.020751,60,0.00087
00393-updates-policy-100-both-s83-d10-m1-updates-nibli-r0,updates,100,2.453289,certificate,,1,,7,FALSE,100119,,True,0.042811,896,0.00129
00393-updates-policy-100-both-s83-d10-m1-updates-nibli-r0,updates,100,1.665386,certificate,,2,,7,TRUE,8560,,True,0.02057,60,0.00045
00393-updates-policy-100-both-s83-d10-m1-updates-nibli-r0,updates,100,1.938467,certificate,,3,,7,FALSE,100119,,True,0.041180999999999995,896,0.00124
00394-updates-policy-100-both-s83-d10-m1-updates-nibli-r1,updates,100,13.220717,open,,,,,,,,,,,
00394-updates-policy-100-both-s83-d10-m1-updates-nibli-r1,updates,100,376.158651,load,102,,,,,,,,,,
00394-updates-policy-100-both-s83-d10-m1-updates-nibli-r1,updates,100,1.747033,certificate,,0,,0,TRUE,8541,,True,0.022721,60,0.00109
00394-updates-policy-100-both-s83-d10-m1-updates-nibli-r1,updates,100,2.115211,certificate,,1,,0,FALSE,100679,,True,0.056282,901,0.00124
00394-updates-policy-100-both-s83-d10-m1-updates-nibli-r1,updates,100,1.847525,certificate,,2,,0,TRUE,8560,,True,0.021189999999999997,60,0.00039000000000000005
00394-updates-policy-100-both-s83-d10-m1-updates-nibli-r1,updates,100,2.555871,certificate,,3,,0,FALSE,100679,,True,0.043391,901,0.00126
00394-updates-policy-100-both-s83-d10-m1-updates-nibli-r1,updates,100,2.952141,withdrawal,,,,1,,,,,,,
00394-updates-policy-100-both-s83-d10-m1-updates-nibli-r1,updates,100,3.6663799999999998,certificate,,0,,1,TRUE,9039,,True,0.019411,64,0.00042
00394-updates-policy-100-both-s83-d10-m1-updates-nibli-r1,updates,100,2.070535,certificate,,1,,1,FALSE,100119,,True,0.042741,896,0.0012699999999999999
00394-updates-policy-100-both-s83-d10-m1-updates-nibli-r1,updates,100,1.69068,certificate,,2,,1,TRUE,8560,,True,0.01866,60,0.00035999999999999997
00394-updates-policy-100-both-s83-d10-m1-updates-nibli-r1,updates,100,2.2535540000000003,certificate,,3,,1,FALSE,100119,,True,0.043311,896,0.00128
00394-updates-policy-100-both-s83-d10-m1-updates-nibli-r1,updates,100,2.523796,withdrawal,,,,2,,,,,,,
00394-updates-policy-100-both-s83-d10-m1-updates-nibli-r1,updates,100,5.053464,certificate,,0,,2,FALSE,249543,,True,0.143244,1781,0.0033699999999999997
00394-updates-policy-100-both-s83-d10-m1-updates-nibli-r1,updates,100,1.1248770000000001,certificate,,1,,2,TRUE,5072,,True,0.011980000000000001,36,0.0003
00394-updates-policy-100-both-s83-d10-m1-updates-nibli-r1,updates,100,1.735502,certificate,,2,,2,TRUE,8560,,True,0.01892,60,0.00037
00394-updates-policy-100-both-s83-d10-m1-updates-nibli-r1,updates,100,1.876925,certificate,,3,,2,FALSE,99559,,True,0.042321,891,0.0012300000000000002
00394-updates-policy-100-both-s83-d10-m1-updates-nibli-r1,updates,100,3.4304840000000003,reassertion,,,,3,,,,,,,
00394-updates-policy-100-both-s83-d10-m1-updates-nibli-r1,updates,100,2.220513,certificate,,0,,3,TRUE,8556,,True,0.019701,60,0.00039000000000000005
00394-updates-policy-100-both-s83-d10-m1-updates-nibli-r1,updates,100,2.326586,certificate,,1,,3,FALSE,100119,,True,0.044681,896,0.00133
00394-updates-policy-100-both-s83-d10-m1-updates-nibli-r1,updates,100,2.280049,certificate,,2,,3,TRUE,8560,,True,0.020690999999999998,60,0.00043
00394-updates-policy-100-both-s83-d10-m1-updates-nibli-r1,updates,100,2.0100890000000002,certificate,,3,,3,FALSE,100119,,True,0.042081,896,0.0013
00394-updates-policy-100-both-s83-d10-m1-updates-nibli-r1,updates,100,334.33527000000004,reopen,,,,4,,,,,,,
00394-updates-policy-100-both-s83-d10-m1-updates-nibli-r1,updates,100,1.8118139999999998,certificate,,0,,4,TRUE,8556,,True,0.02132,60,0.0006799999999999999
00394-updates-policy-100-both-s83-d10-m1-updates-nibli-r1,updates,100,2.126161,certificate,,1,,4,FALSE,100119,,True,0.042911000000000005,896,0.00129
00394-updates-policy-100-both-s83-d10-m1-updates-nibli-r1,updates,100,1.9662270000000002,certificate,,2,,4,TRUE,8560,,True,0.02005,60,0.00047
00394-updates-policy-100-both-s83-d10-m1-updates-nibli-r1,updates,100,1.9219110000000001,certificate,,3,,4,FALSE,100119,,True,0.042581,896,0.00141
00394-updates-policy-100-both-s83-d10-m1-updates-nibli-r1,updates,100,3.8518519999999996,withdrawal,,,,5,,,,,,,
00394-updates-policy-100-both-s83-d10-m1-updates-nibli-r1,updates,100,1.819703,certificate,,0,,5,TRUE,8556,,True,0.019031000000000003,60,0.00039000000000000005
00394-updates-policy-100-both-s83-d10-m1-updates-nibli-r1,updates,100,2.242064,certificate,,1,,5,FALSE,99559,,True,0.044051,891,0.0012300000000000002
00394-updates-policy-100-both-s83-d10-m1-updates-nibli-r1,updates,100,7.661498,certificate,,2,,5,FALSE,249543,,True,0.130175,1781,0.0025399999999999997
00394-updates-policy-100-both-s83-d10-m1-updates-nibli-r1,updates,100,1.2793290000000002,certificate,,3,,5,TRUE,5072,,True,0.01227,36,0.00033
00394-updates-policy-100-both-s83-d10-m1-updates-nibli-r1,updates,100,7.261074,reassertion,,,,6,,,,,,,
00394-updates-policy-100-both-s83-d10-m1-updates-nibli-r1,updates,100,1.706291,certificate,,0,,6,TRUE,8556,,True,0.01931,60,0.00039999999999999996
00394-updates-policy-100-both-s83-d10-m1-updates-nibli-r1,updates,100,2.09416,certificate,,1,,6,FALSE,100119,,True,0.042211,896,0.0012
00394-updates-policy-100-both-s83-d10-m1-updates-nibli-r1,updates,100,2.730186,certificate,,2,,6,TRUE,8560,,True,0.01945,60,0.00039999999999999996
00394-updates-policy-100-both-s83-d10-m1-updates-nibli-r1,updates,100,1.867135,certificate,,3,,6,FALSE,100119,,True,0.043391,896,0.0012
00394-updates-policy-100-both-s83-d10-m1-updates-nibli-r1,updates,100,327.727355,reopen,,,,7,,,,,,,
00394-updates-policy-100-both-s83-d10-m1-updates-nibli-r1,updates,100,1.872336,certificate,,0,,7,TRUE,8556,,True,0.02215,60,0.00066
00394-updates-policy-100-both-s83-d10-m1-updates-nibli-r1,updates,100,2.039389,certificate,,1,,7,FALSE,100119,,True,0.08430199999999999,896,0.0012100000000000001
00394-updates-policy-100-both-s83-d10-m1-updates-nibli-r1,updates,100,1.654269,certificate,,2,,7,TRUE,8560,,True,0.020180999999999998,60,0.00039999999999999996
00394-updates-policy-100-both-s83-d10-m1-updates-nibli-r1,updates,100,1.870155,certificate,,3,,7,FALSE,100119,,True,0.042811,896,0.0012
00395-updates-policy-100-both-s83-d10-m1-updates-nibli-r2,updates,100,11.194268000000001,open,,,,,,,,,,,
00395-updates-policy-100-both-s83-d10-m1-updates-nibli-r2,updates,100,423.693573,load,102,,,,,,,,,,
00395-updates-policy-100-both-s83-d10-m1-updates-nibli-r2,updates,100,1.7322710000000001,certificate,,0,,0,TRUE,8541,,True,0.021421,60,0.00105
00395-updates-policy-100-both-s83-d10-m1-updates-nibli-r2,updates,100,2.162438,certificate,,1,,0,FALSE,100679,,True,0.066872,901,0.00137
00395-updates-policy-100-both-s83-d10-m1-updates-nibli-r2,updates,100,1.745527,certificate,,2,,0,TRUE,8560,,True,0.020659999999999998,60,0.00041
00395-updates-policy-100-both-s83-d10-m1-updates-nibli-r2,updates,100,1.929656,certificate,,3,,0,FALSE,100679,,True,0.041481,901,0.0012300000000000002
00395-updates-policy-100-both-s83-d10-m1-updates-nibli-r2,updates,100,2.312685,withdrawal,,,,1,,,,,,,
00395-updates-policy-100-both-s83-d10-m1-updates-nibli-r2,updates,100,3.143066,certificate,,0,,1,TRUE,9039,,True,0.02006,64,0.00041
00395-updates-policy-100-both-s83-d10-m1-updates-nibli-r2,updates,100,2.134311,certificate,,1,,1,FALSE,100119,,True,0.054891,896,0.00119
00395-updates-policy-100-both-s83-d10-m1-updates-nibli-r2,updates,100,1.789534,certificate,,2,,1,TRUE,8560,,True,0.019530000000000002,60,0.00041
00395-updates-policy-100-both-s83-d10-m1-updates-nibli-r2,updates,100,2.045639,certificate,,3,,1,FALSE,100119,,True,0.047051,896,0.00188
00395-updates-policy-100-both-s83-d10-m1-updates-nibli-r2,updates,100,2.383862,withdrawal,,,,2,,,,,,,
00395-updates-policy-100-both-s83-d10-m1-updates-nibli-r2,updates,100,4.540379,certificate,,0,,2,FALSE,249543,,True,0.145924,1781,0.00233
00395-updates-policy-100-both-s83-d10-m1-updates-nibli-r2,updates,100,1.171568,certificate,,1,,2,TRUE,5072,,True,0.01293,36,0.00033
00395-updates-policy-100-both-s83-d10-m1-updates-nibli-r2,updates,100,1.659529,certificate,,2,,2,TRUE,8560,,True,0.019211,60,0.00039000000000000005
00395-updates-policy-100-both-s83-d10-m1-updates-nibli-r2,updates,100,1.8808150000000001,certificate,,3,,2,FALSE,99559,,True,0.042811,891,0.00115
00395-updates-policy-100-both-s83-d10-m1-updates-nibli-r2,updates,100,3.3882019999999997,reassertion,,,,3,,,,,,,
00395-updates-policy-100-both-s83-d10-m1-updates-nibli-r2,updates,100,1.70403,certificate,,0,,3,TRUE,8556,,True,0.021280999999999998,60,0.00044
00395-updates-policy-100-both-s83-d10-m1-updates-nibli-r2,updates,100,2.164373,certificate,,1,,3,FALSE,100119,,True,0.043951,896,0.0012
00395-updates-policy-100-both-s83-d10-m1-updates-nibli-r2,updates,100,1.6113989999999998,certificate,,2,,3,TRUE,8560,,True,0.01865,60,0.00035999999999999997
00395-updates-policy-100-both-s83-d10-m1-updates-nibli-r2,updates,100,2.020403,certificate,,3,,3,FALSE,100119,,True,0.043681,896,0.00125
00395-updates-policy-100-both-s83-d10-m1-updates-nibli-r2,updates,100,365.338829,reopen,,,,4,,,,,,,
00395-updates-policy-100-both-s83-d10-m1-updates-nibli-r2,updates,100,1.7672720000000002,certificate,,0,,4,TRUE,8556,,True,0.021161,60,0.00065
00395-updates-policy-100-both-s83-d10-m1-updates-nibli-r2,updates,100,2.567891,certificate,,1,,4,FALSE,100119,,True,0.047152,896,0.00139
00395-updates-policy-100-both-s83-d10-m1-updates-nibli-r2,updates,100,1.611388,certificate,,2,,4,TRUE,8560,,True,0.020901,60,0.0007800000000000001
00395-updates-policy-100-both-s83-d10-m1-updates-nibli-r2,updates,100,2.411678,certificate,,3,,4,FALSE,100119,,True,0.044361,896,0.00172
00395-updates-policy-100-both-s83-d10-m1-updates-nibli-r2,updates,100,3.6197820000000003,withdrawal,,,,5,,,,,,,
00395-updates-policy-100-both-s83-d10-m1-updates-nibli-r2,updates,100,1.7886829999999998,certificate,,0,,5,TRUE,8556,,True,0.02008,60,0.00044
00395-updates-policy-100-both-s83-d10-m1-updates-nibli-r2,updates,100,2.1270909999999996,certificate,,1,,5,FALSE,99559,,True,0.044001,891,0.0012100000000000001
00395-updates-policy-100-both-s83-d10-m1-updates-nibli-r2,updates,100,6.027109,certificate,,2,,5,FALSE,249543,,True,0.105253,1781,0.00363
00395-updates-policy-100-both-s83-d10-m1-updates-nibli-r2,updates,100,0.9882540000000001,certificate,,3,,5,TRUE,5072,,True,0.01233,36,0.00032
00395-updates-policy-100-both-s83-d10-m1-updates-nibli-r2,updates,100,6.648268,reassertion,,,,6,,,,,,,
00395-updates-policy-100-both-s83-d10-m1-updates-nibli-r2,updates,100,1.688061,certificate,,0,,6,TRUE,8556,,True,0.0193,60,0.00041
00395-updates-policy-100-both-s83-d10-m1-updates-nibli-r2,updates,100,2.07439,certificate,,1,,6,FALSE,100119,,True,0.043281,896,0.00124
00395-updates-policy-100-both-s83-d10-m1-updates-nibli-r2,updates,100,1.64995,certificate,,2,,6,TRUE,8560,,True,0.021041,60,0.00039999999999999996
00395-updates-policy-100-both-s83-d10-m1-updates-nibli-r2,updates,100,2.262724,certificate,,3,,6,FALSE,100119,,True,0.113473,896,0.00122
00395-updates-policy-100-both-s83-d10-m1-updates-nibli-r2,updates,100,353.817342,reopen,,,,7,,,,,,,
00395-updates-policy-100-both-s83-d10-m1-updates-nibli-r2,updates,100,2.2302839999999997,certificate,,0,,7,TRUE,8556,,True,0.023030000000000002,60,0.0007
00395-updates-policy-100-both-s83-d10-m1-updates-nibli-r2,updates,100,2.634193,certificate,,1,,7,FALSE,100119,,True,0.061492,896,0.0013599999999999999
00395-updates-policy-100-both-s83-d10-m1-updates-nibli-r2,updates,100,2.020103,certificate,,2,,7,TRUE,8560,,True,0.055771,60,0.00041
00395-updates-policy-100-both-s83-d10-m1-updates-nibli-r2,updates,100,2.062739,certificate,,3,,7,FALSE,100119,,True,0.045202,896,0.0013
00400-comparison-chain-12-forward-s23-d10-m1-verdict-nibli-r0,comparison,12,0.030301,open,,,,,,,,,,,
00400-comparison-chain-12-forward-s23-d10-m1-verdict-nibli-r0,comparison,12,1.1052970000000002,load,13,,,,,,,,,,
00402-comparison-chain-12-forward-s23-d10-m1-verdict-nibli-r1,comparison,12,0.02889,open,,,,,,,,,,,
00402-comparison-chain-12-forward-s23-d10-m1-verdict-nibli-r1,comparison,12,2.218931,load,13,,,,,,,,,,
00405-comparison-chain-12-forward-s23-d10-m1-verdict-nibli-r2,comparison,12,0.036751,open,,,,,,,,,,,
00405-comparison-chain-12-forward-s23-d10-m1-verdict-nibli-r2,comparison,12,0.884211,load,13,,,,,,,,,,
00412-comparison-chain-16-backward-s83-d10-m1-verdict-nibli-r0,comparison,16,0.028061000000000003,open,,,,,,,,,,,
00412-comparison-chain-16-backward-s83-d10-m1-verdict-nibli-r0,comparison,16,1.190979,load,17,,,,,,,,,,
00412-comparison-chain-16-backward-s83-d10-m1-verdict-nibli-r0,comparison,16,197.750915,query,,0,False,0,FALSE,,,,,,
00415-comparison-chain-16-backward-s83-d10-m1-verdict-nibli-r1,comparison,16,0.025371,open,,,,,,,,,,,
00415-comparison-chain-16-backward-s83-d10-m1-verdict-nibli-r1,comparison,16,1.2816310000000002,load,17,,,,,,,,,,
00415-comparison-chain-16-backward-s83-d10-m1-verdict-nibli-r1,comparison,16,199.528501,query,,0,False,0,FALSE,,,,,,
00417-comparison-chain-16-backward-s83-d10-m1-verdict-nibli-r2,comparison,16,0.02618,open,,,,,,,,,,,
00417-comparison-chain-16-backward-s83-d10-m1-verdict-nibli-r2,comparison,16,1.102656,load,17,,,,,,,,,,
00417-comparison-chain-16-backward-s83-d10-m1-verdict-nibli-r2,comparison,16,199.67862,query,,0,False,0,FALSE,,,,,,
00423-comparison-chain-12-forward-s11-d10-m1-verdict-nibli-r0,comparison,12,0.02878,open,,,,,,,,,,,
00423-comparison-chain-12-forward-s11-d10-m1-verdict-nibli-r0,comparison,12,0.901551,load,13,,,,,,,,,,
00426-comparison-chain-12-forward-s11-d10-m1-verdict-nibli-r1,comparison,12,0.02745,open,,,,,,,,,,,
00426-comparison-chain-12-forward-s11-d10-m1-verdict-nibli-r1,comparison,12,0.801859,load,13,,,,,,,,,,
00430-comparison-chain-12-forward-s11-d10-m1-verdict-nibli-r2,comparison,12,0.03232,open,,,,,,,,,,,
00430-comparison-chain-12-forward-s11-d10-m1-verdict-nibli-r2,comparison,12,0.953373,load,13,,,,,,,,,,
00433-evidence-policy-100-both-s47-d10-m1-verdict-nibli-r0,evidence,100,0.02666,open,,,,,,,,,,,
00433-evidence-policy-100-both-s47-d10-m1-verdict-nibli-r0,evidence,100,48.558707999999996,load,96,,,,,,,,,,
00433-evidence-policy-100-both-s47-d10-m1-verdict-nibli-r0,evidence,100,0.392179,query,,0,False,0,FALSE,,,,,,
00433-evidence-policy-100-both-s47-d10-m1-verdict-nibli-r0,evidence,100,0.032621,query,,1,True,0,TRUE,,,,,,
00434-evidence-policy-100-both-s47-d10-m1-verdict-nibli-r1,evidence,100,0.026041,open,,,,,,,,,,,
00434-evidence-policy-100-both-s47-d10-m1-verdict-nibli-r1,evidence,100,38.333104999999996,load,96,,,,,,,,,,
00434-evidence-policy-100-both-s47-d10-m1-verdict-nibli-r1,evidence,100,0.32650799999999996,query,,0,False,0,FALSE,,,,,,
00434-evidence-policy-100-both-s47-d10-m1-verdict-nibli-r1,evidence,100,0.015731,query,,1,True,0,TRUE,,,,,,
00435-evidence-policy-100-both-s47-d10-m1-verdict-nibli-r2,evidence,100,0.026131,open,,,,,,,,,,,
00435-evidence-policy-100-both-s47-d10-m1-verdict-nibli-r2,evidence,100,37.712743,load,96,,,,,,,,,,
00435-evidence-policy-100-both-s47-d10-m1-verdict-nibli-r2,evidence,100,0.30390700000000004,query,,0,False,0,FALSE,,,,,,
00435-evidence-policy-100-both-s47-d10-m1-verdict-nibli-r2,evidence,100,0.014391,query,,1,True,0,TRUE,,,,,,
00437-bounds-chain-8-backward-s23-d20-m1-verdict-nibli-r0,bounds,8,0.026261000000000003,open,,,,,,,,,,,
00437-bounds-chain-8-backward-s23-d20-m1-verdict-nibli-r0,bounds,8,0.49450199999999994,load,9,,,,,,,,,,
00437-bounds-chain-8-backward-s23-d20-m1-verdict-nibli-r0,bounds,8,32.034926999999996,query,,0,False,0,FALSE,,,,,,
00438-bounds-chain-8-backward-s23-d20-m1-verdict-nibli-r1,bounds,8,0.02605,open,,,,,,,,,,,
00438-bounds-chain-8-backward-s23-d20-m1-verdict-nibli-r1,bounds,8,0.496672,load,9,,,,,,,,,,
00438-bounds-chain-8-backward-s23-d20-m1-verdict-nibli-r1,bounds,8,32.227332,query,,0,False,0,FALSE,,,,,,
00439-bounds-chain-8-backward-s23-d20-m1-verdict-nibli-r2,bounds,8,0.026449999999999998,open,,,,,,,,,,,
00439-bounds-chain-8-backward-s23-d20-m1-verdict-nibli-r2,bounds,8,0.538513,load,9,,,,,,,,,,
00439-bounds-chain-8-backward-s23-d20-m1-verdict-nibli-r2,bounds,8,31.887259,query,,0,False,0,FALSE,,,,,,
00441-bounds-chain-8-forward-s131-d2-m0-verdict-nibli-r0,bounds,8,0.02812,open,,,,,,,,,,,
00441-bounds-chain-8-forward-s131-d2-m0-verdict-nibli-r0,bounds,8,0.6257250000000001,load,9,,,,,,,,,,
00441-bounds-chain-8-forward-s131-d2-m0-verdict-nibli-r0,bounds,8,645.977021,query,,0,{'ResourceExceeded': 'Depth'},0,RESOURCE_EXCEEDED,,,,,,
00442-bounds-chain-8-forward-s131-d2-m0-verdict-nibli-r1,bounds,8,0.0294,open,,,,,,,,,,,
00442-bounds-chain-8-forward-s131-d2-m0-verdict-nibli-r1,bounds,8,0.574813,load,9,,,,,,,,,,
00442-bounds-chain-8-forward-s131-d2-m0-verdict-nibli-r1,bounds,8,647.311379,query,,0,{'ResourceExceeded': 'Depth'},0,RESOURCE_EXCEEDED,,,,,,
00443-bounds-chain-8-forward-s131-d2-m0-verdict-nibli-r2,bounds,8,0.029369999999999997,open,,,,,,,,,,,
00443-bounds-chain-8-forward-s131-d2-m0-verdict-nibli-r2,bounds,8,0.565754,load,9,,,,,,,,,,
00443-bounds-chain-8-forward-s131-d2-m0-verdict-nibli-r2,bounds,8,642.727559,query,,0,{'ResourceExceeded': 'Depth'},0,RESOURCE_EXCEEDED,,,,,,
00445-bounds-policy-100-both-s83-d10-m1-verdict-nibli-r0,bounds,100,0.030331,open,,,,,,,,,,,
00445-bounds-policy-100-both-s83-d10-m1-verdict-nibli-r0,bounds,100,57.36073,load,101,,,,,,,,,,
00445-bounds-policy-100-both-s83-d10-m1-verdict-nibli-r0,bounds,100,0.318508,query,,0,False,0,FALSE,,,,,,
00445-bounds-policy-100-both-s83-d10-m1-verdict-nibli-r0,bounds,100,0.014110000000000001,query,,1,True,0,TRUE,,,,,,
00446-bounds-policy-100-both-s83-d10-m1-verdict-nibli-r1,bounds,100,0.026220999999999998,open,,,,,,,,,,,
00446-bounds-policy-100-both-s83-d10-m1-verdict-nibli-r1,bounds,100,41.292806,load,101,,,,,,,,,,
00446-bounds-policy-100-both-s83-d10-m1-verdict-nibli-r1,bounds,100,0.32895800000000003,query,,0,False,0,FALSE,,,,,,
00446-bounds-policy-100-both-s83-d10-m1-verdict-nibli-r1,bounds,100,0.031041000000000003,query,,1,True,0,TRUE,,,,,,
00447-bounds-policy-100-both-s83-d10-m1-verdict-nibli-r2,bounds,100,0.025791,open,,,,,,,,,,,
00447-bounds-policy-100-both-s83-d10-m1-verdict-nibli-r2,bounds,100,41.777561,load,101,,,,,,,,,,
00447-bounds-policy-100-both-s83-d10-m1-verdict-nibli-r2,bounds,100,0.326588,query,,0,False,0,FALSE,,,,,,
00447-bounds-policy-100-both-s83-d10-m1-verdict-nibli-r2,bounds,100,0.014780000000000001,query,,1,True,0,TRUE,,,,,,
00449-bounds-chain-8-backward-s47-d10-m0-verdict-nibli-r0,bounds,8,0.025880999999999998,open,,,,,,,,,,,
00449-bounds-chain-8-backward-s47-d10-m0-verdict-nibli-r0,bounds,8,0.531453,load,9,,,,,,,,,,
00449-bounds-chain-8-backward-s47-d10-m0-verdict-nibli-r0,bounds,8,28.161974999999998,query,,0,False,0,FALSE,,,,,,
00450-bounds-chain-8-backward-s47-d10-m0-verdict-nibli-r1,bounds,8,0.038651,open,,,,,,,,,,,
00450-bounds-chain-8-backward-s47-d10-m0-verdict-nibli-r1,bounds,8,0.47825100000000004,load,9,,,,,,,,,,
00450-bounds-chain-8-backward-s47-d10-m0-verdict-nibli-r1,bounds,8,37.937574000000005,query,,0,False,0,FALSE,,,,,,
00451-bounds-chain-8-backward-s47-d10-m0-verdict-nibli-r2,bounds,8,0.026220999999999998,open,,,,,,,,,,,
00451-bounds-chain-8-backward-s47-d10-m0-verdict-nibli-r2,bounds,8,0.49755199999999994,load,9,,,,,,,,,,
00451-bounds-chain-8-backward-s47-d10-m0-verdict-nibli-r2,bounds,8,29.477746,query,,0,False,0,FALSE,,,,,,
00457-comparison-policy-1000-both-s23-d10-m1-verdict-nibli-r0,comparison,1000,0.037530999999999995,open,,,,,,,,,,,
00457-comparison-policy-1000-both-s23-d10-m1-verdict-nibli-r0,comparison,1000,3818.224999,load,985,,,,,,,,,,
00457-comparison-policy-1000-both-s23-d10-m1-verdict-nibli-r0,comparison,1000,1.903116,query,,0,False,0,FALSE,,,,,,
00457-comparison-policy-1000-both-s23-d10-m1-verdict-nibli-r0,comparison,1000,0.032241,query,,1,True,0,TRUE,,,,,,
00460-comparison-policy-1000-both-s23-d10-m1-verdict-nibli-r1,comparison,1000,0.027441,open,,,,,,,,,,,
00460-comparison-policy-1000-both-s23-d10-m1-verdict-nibli-r1,comparison,1000,3834.338254,load,985,,,,,,,,,,
00460-comparison-policy-1000-both-s23-d10-m1-verdict-nibli-r1,comparison,1000,1.974858,query,,0,False,0,FALSE,,,,,,
00460-comparison-policy-1000-both-s23-d10-m1-verdict-nibli-r1,comparison,1000,0.035290999999999996,query,,1,True,0,TRUE,,,,,,
00461-comparison-policy-1000-both-s23-d10-m1-verdict-nibli-r2,comparison,1000,0.026621000000000002,open,,,,,,,,,,,
00461-comparison-policy-1000-both-s23-d10-m1-verdict-nibli-r2,comparison,1000,3895.310228,load,985,,,,,,,,,,
00461-comparison-policy-1000-both-s23-d10-m1-verdict-nibli-r2,comparison,1000,2.124755,query,,0,False,0,FALSE,,,,,,
00461-comparison-policy-1000-both-s23-d10-m1-verdict-nibli-r2,comparison,1000,0.035821,query,,1,True,0,TRUE,,,,,,
00465-bounds-chain-8-forward-s47-d2-m1-verdict-nibli-r0,bounds,8,0.026871,open,,,,,,,,,,,
00465-bounds-chain-8-forward-s47-d2-m1-verdict-nibli-r0,bounds,8,0.539023,load,9,,,,,,,,,,
00465-bounds-chain-8-forward-s47-d2-m1-verdict-nibli-r0,bounds,8,601.614841,query,,0,True,0,TRUE,,,,,,
00466-bounds-chain-8-forward-s47-d2-m1-verdict-nibli-r1,bounds,8,0.0295,open,,,,,,,,,,,
00466-bounds-chain-8-forward-s47-d2-m1-verdict-nibli-r1,bounds,8,0.545343,load,9,,,,,,,,,,
00466-bounds-chain-8-forward-s47-d2-m1-verdict-nibli-r1,bounds,8,600.082945,query,,0,True,0,TRUE,,,,,,
00467-bounds-chain-8-forward-s47-d2-m1-verdict-nibli-r2,bounds,8,0.027129999999999998,open,,,,,,,,,,,
00467-bounds-chain-8-forward-s47-d2-m1-verdict-nibli-r2,bounds,8,0.536513,load,9,,,,,,,,,,
00467-bounds-chain-8-forward-s47-d2-m1-verdict-nibli-r2,bounds,8,605.323125,query,,0,True,0,TRUE,,,,,,
00469-updates-policy-1000-both-s131-d10-m1-updates-nibli-r0,updates,1000,219.85686199999998,open,,,,,,,,,,,
00469-updates-policy-1000-both-s131-d10-m1-updates-nibli-r0,updates,1000,8196.240985999999,load,1018,,,,,,,,,,
00469-updates-policy-1000-both-s131-d10-m1-updates-nibli-r0,updates,1000,23.653678,certificate,,0,,0,TRUE,8595,,True,0.040711,60,0.0007999999999999999
00469-updates-policy-1000-both-s131-d10-m1-updates-nibli-r0,updates,1000,62.132332,certificate,,1,,0,FALSE,986220,,True,0.709977,8751,0.01884
00469-updates-policy-1000-both-s131-d10-m1-updates-nibli-r0,updates,1000,23.232051,certificate,,2,,0,TRUE,8625,,True,0.038981,60,0.0011
00469-updates-policy-1000-both-s131-d10-m1-updates-nibli-r0,updates,1000,69.388091,certificate,,3,,0,FALSE,986220,,True,0.714757,8751,0.021381
00469-updates-policy-1000-both-s131-d10-m1-updates-nibli-r0,updates,1000,111.348189,withdrawal,,,,1,,,,,,,
00469-updates-policy-1000-both-s131-d10-m1-updates-nibli-r0,updates,1000,79.59999900000001,certificate,,0,,1,TRUE,9113,,True,0.068642,64,0.00082
00469-updates-policy-1000-both-s131-d10-m1-updates-nibli-r0,updates,1000,64.09683600000001,certificate,,1,,1,FALSE,985654,,True,0.787989,8746,0.02052
00469-updates-policy-1000-both-s131-d10-m1-updates-nibli-r0,updates,1000,24.625846,certificate,,2,,1,TRUE,8625,,True,0.071252,60,0.00101
00469-updates-policy-1000-both-s131-d10-m1-updates-nibli-r0,updates,1000,60.53868,certificate,,3,,1,FALSE,985654,,True,0.790184,8746,0.018751
00469-updates-policy-1000-both-s131-d10-m1-updates-nibli-r0,updates,1000,71.708608,withdrawal,,,,2,,,,,,,
00469-updates-policy-1000-both-s131-d10-m1-updates-nibli-r0,updates,1000,132.91441500000002,certificate,,0,,2,FALSE,2467900,,True,16.205436,17481,0.058172
00469-updates-policy-1000-both-s131-d10-m1-updates-nibli-r0,updates,1000,21.203985000000003,certificate,,1,,2,TRUE,5102,,True,0.03061,36,0.001
00469-updates-policy-1000-both-s131-d10-m1-updates-nibli-r0,updates,1000,24.387349,certificate,,2,,2,TRUE,8625,,True,0.074641,60,0.0007899999999999999
00469-updates-policy-1000-both-s131-d10-m1-updates-nibli-r0,updates,1000,61.176146,certificate,,3,,2,FALSE,985088,,True,0.7655780000000001,8741,0.019761
00469-updates-policy-1000-both-s131-d10-m1-updates-nibli-r0,updates,1000,204.968931,reassertion,,,,3,,,,,,,
00469-updates-policy-1000-both-s131-d10-m1-updates-nibli-r0,updates,1000,24.855516,certificate,,0,,3,TRUE,8625,,True,0.043211,60,0.00103
00469-updates-policy-1000-both-s131-d10-m1-updates-nibli-r0,updates,1000,76.512518,certificate,,1,,3,FALSE,985654,,True,0.45092,8746,0.023531
00469-updates-policy-1000-both-s131-d10-m1-updates-nibli-r0,updates,1000,23.431220999999997,certificate,,2,,3,TRUE,8625,,True,0.038531,60,0.0007700000000000001
00469-updates-policy-1000-both-s131-d10-m1-updates-nibli-r0,updates,1000,59.764012,certificate,,3,,3,FALSE,985654,,True,0.44738,8746,0.022671
00469-updates-policy-1000-both-s131-d10-m1-updates-nibli-r0,updates,1000,7002.325966,reopen,,,,4,,,,,,,
00469-updates-policy-1000-both-s131-d10-m1-updates-nibli-r0,updates,1000,25.933232,certificate,,0,,4,TRUE,8625,,True,0.06257099999999999,60,0.0011200000000000001
00469-updates-policy-1000-both-s131-d10-m1-updates-nibli-r0,updates,1000,62.915048,certificate,,1,,4,FALSE,985654,,True,0.42689,8746,0.022031
00469-updates-policy-1000-both-s131-d10-m1-updates-nibli-r0,updates,1000,24.02117,certificate,,2,,4,TRUE,8625,,True,0.072032,60,0.001
00469-updates-policy-1000-both-s131-d10-m1-updates-nibli-r0,updates,1000,60.469165,certificate,,3,,4,FALSE,985654,,True,0.42501,8746,0.019530000000000002
00469-updates-policy-1000-both-s131-d10-m1-updates-nibli-r0,updates,1000,174.048336,withdrawal,,,,5,,,,,,,
00469-updates-policy-1000-both-s131-d10-m1-updates-nibli-r0,updates,1000,24.344359,certificate,,0,,5,TRUE,8625,,True,0.182205,60,0.00113
00469-updates-policy-1000-both-s131-d10-m1-updates-nibli-r0,updates,1000,61.671548,certificate,,1,,5,FALSE,985088,,True,0.42032,8741,0.019910999999999998
00469-updates-policy-1000-both-s131-d10-m1-updates-nibli-r0,updates,1000,122.805314,certificate,,2,,5,FALSE,2467900,,True,1.576908,17481,0.052191
00469-updates-policy-1000-both-s131-d10-m1-updates-nibli-r0,updates,1000,18.373712,certificate,,3,,5,TRUE,5102,,True,0.039381,36,0.00064
00469-updates-policy-1000-both-s131-d10-m1-updates-nibli-r0,updates,1000,82.87858100000001,reassertion,,,,6,,,,,,,
00469-updates-policy-1000-both-s131-d10-m1-updates-nibli-r0,updates,1000,23.420308000000002,certificate,,0,,6,TRUE,8625,,True,0.06177200000000001,60,0.0007700000000000001
00469-updates-policy-1000-both-s131-d10-m1-updates-nibli-r0,updates,1000,66.710024,certificate,,1,,6,FALSE,985654,,True,0.7387859999999999,8746,0.022841
00469-updates-policy-1000-both-s131-d10-m1-updates-nibli-r0,updates,1000,23.409345000000002,certificate,,2,,6,TRUE,8625,,True,0.061832,60,0.00064
00469-updates-policy-1000-both-s131-d10-m1-updates-nibli-r0,updates,1000,58.963598999999995,certificate,,3,,6,FALSE,985654,,True,0.460031,8746,0.042755
00469-updates-policy-1000-both-s131-d10-m1-updates-nibli-r0,updates,1000,7137.380643,reopen,,,,7,,,,,,,
00469-updates-policy-1000-both-s131-d10-m1-updates-nibli-r0,updates,1000,27.712141,certificate,,0,,7,TRUE,8625,,True,0.064571,60,0.00103
00469-updates-policy-1000-both-s131-d10-m1-updates-nibli-r0,updates,1000,69.413809,certificate,,1,,7,FALSE,985654,,True,0.42797,8746,0.026
00469-updates-policy-1000-both-s131-d10-m1-updates-nibli-r0,updates,1000,27.392037000000002,certificate,,2,,7,TRUE,8625,,True,0.055631,60,0.0006799999999999999
00469-updates-policy-1000-both-s131-d10-m1-updates-nibli-r0,updates,1000,71.047603,certificate,,3,,7,FALSE,985654,,True,0.411989,8746,0.020311
00470-updates-policy-1000-both-s131-d10-m1-updates-nibli-r1,updates,1000,163.913529,open,,,,,,,,,,,
00470-updates-policy-1000-both-s131-d10-m1-updates-nibli-r1,updates,1000,8098.228874,load,1018,,,,,,,,,,
00470-updates-policy-1000-both-s131-d10-m1-updates-nibli-r1,updates,1000,22.849718000000003,certificate,,0,,0,TRUE,8595,,True,0.038751,60,0.00062
00470-updates-policy-1000-both-s131-d10-m1-updates-nibli-r1,updates,1000,64.054845,certificate,,1,,0,FALSE,986220,,True,0.39200999999999997,8751,0.01713
00470-updates-policy-1000-both-s131-d10-m1-updates-nibli-r1,updates,1000,26.034134,certificate,,2,,0,TRUE,8625,,True,0.040121,60,0.00042
00470-updates-policy-1000-both-s131-d10-m1-updates-nibli-r1,updates,1000,61.967205,certificate,,3,,0,FALSE,986220,,True,0.392119,8751,0.017231000000000003
00470-updates-policy-1000-both-s131-d10-m1-updates-nibli-r1,updates,1000,153.45463800000002,withdrawal,,,,1,,,,,,,
00470-updates-policy-1000-both-s131-d10-m1-updates-nibli-r1,updates,1000,80.09618,certificate,,0,,1,TRUE,9113,,True,0.069632,64,0.0006
00470-updates-policy-1000-both-s131-d10-m1-updates-nibli-r1,updates,1000,65.97639099999999,certificate,,1,,1,FALSE,985654,,True,0.80844,8746,0.02588
00470-updates-policy-1000-both-s131-d10-m1-updates-nibli-r1,updates,1000,24.399810000000002,certificate,,2,,1,TRUE,8625,,True,0.068861,60,0.00044
00470-updates-policy-1000-both-s131-d10-m1-updates-nibli-r1,updates,1000,69.657213,certificate,,3,,1,FALSE,985654,,True,0.693557,8746,0.01782
00470-updates-policy-1000-both-s131-d10-m1-updates-nibli-r1,updates,1000,25.272506,withdrawal,,,,2,,,,,,,
00470-updates-policy-1000-both-s131-d10-m1-updates-nibli-r1,updates,1000,120.43383100000001,certificate,,0,,2,FALSE,2467900,,True,1.66464,17481,0.040471
00470-updates-policy-1000-both-s131-d10-m1-updates-nibli-r1,updates,1000,19.183124,certificate,,1,,2,TRUE,5102,,True,0.02633,36,0.00042
00470-updates-policy-1000-both-s131-d10-m1-updates-nibli-r1,updates,1000,26.827889,certificate,,2,,2,TRUE,8625,,True,0.077142,60,0.00053
00470-updates-policy-1000-both-s131-d10-m1-updates-nibli-r1,updates,1000,68.149958,certificate,,3,,2,FALSE,985088,,True,0.9035420000000001,8741,0.026651
00470-updates-policy-1000-both-s131-d10-m1-updates-nibli-r1,updates,1000,90.635693,reassertion,,,,3,,,,,,,
00470-updates-policy-1000-both-s131-d10-m1-updates-nibli-r1,updates,1000,29.162173,certificate,,0,,3,TRUE,8625,,True,0.06442200000000001,60,0.0007899999999999999
00470-updates-policy-1000-both-s131-d10-m1-updates-nibli-r1,updates,1000,75.04720900000001,certificate,,1,,3,FALSE,985654,,True,0.4278,8746,0.021990000000000003
00470-updates-policy-1000-both-s131-d10-m1-updates-nibli-r1,updates,1000,30.228044999999998,certificate,,2,,3,TRUE,8625,,True,0.06370100000000001,60,0.00099
00470-updates-policy-1000-both-s131-d10-m1-updates-nibli-r1,updates,1000,69.61125,certificate,,3,,3,FALSE,985654,,True,0.435561,8746,0.02163
00470-updates-policy-1000-both-s131-d10-m1-updates-nibli-r1,updates,1000,7089.270673,reopen,,,,4,,,,,,,
00470-updates-policy-1000-both-s131-d10-m1-updates-nibli-r1,updates,1000,21.962526,certificate,,0,,4,TRUE,8625,,True,0.056112,60,0.00065
00470-updates-policy-1000-both-s131-d10-m1-updates-nibli-r1,updates,1000,59.694581,certificate,,1,,4,FALSE,985654,,True,0.395109,8746,0.016541
00470-updates-policy-1000-both-s131-d10-m1-updates-nibli-r1,updates,1000,23.787464,certificate,,2,,4,TRUE,8625,,True,0.054411,60,0.00045
00470-updates-policy-1000-both-s131-d10-m1-updates-nibli-r1,updates,1000,58.881448000000006,certificate,,3,,4,FALSE,985654,,True,0.4172,8746,0.01766
00470-updates-policy-1000-both-s131-d10-m1-updates-nibli-r1,updates,1000,177.296304,withdrawal,,,,5,,,,,,,
00470-updates-policy-1000-both-s131-d10-m1-updates-nibli-r1,updates,1000,25.301266,certificate,,0,,5,TRUE,8625,,True,0.081932,60,0.00062
00470-updates-policy-1000-both-s131-d10-m1-updates-nibli-r1,updates,1000,71.117724,certificate,,1,,5,FALSE,985088,,True,0.436411,8741,0.01785
00470-updates-policy-1000-both-s131-d10-m1-updates-nibli-r1,updates,1000,138.35853,certificate,,2,,5,FALSE,2467900,,True,1.338737,17481,0.057822000000000005
00470-updates-policy-1000-both-s131-d10-m1-updates-nibli-r1,updates,1000,18.950238000000002,certificate,,3,,5,TRUE,5102,,True,0.038631000000000006,36,0.00041
00470-updates-policy-1000-both-s131-d10-m1-updates-nibli-r1,updates,1000,237.584083,reassertion,,,,6,,,,,,,
00470-updates-policy-1000-both-s131-d10-m1-updates-nibli-r1,updates,1000,24.737868,certificate,,0,,6,TRUE,8625,,True,0.062792,60,0.00084
00470-updates-policy-1000-both-s131-d10-m1-updates-nibli-r1,updates,1000,61.913539,certificate,,1,,6,FALSE,985654,,True,0.6904469999999999,8746,0.01643
00470-updates-policy-1000-both-s131-d10-m1-updates-nibli-r1,updates,1000,25.733186,certificate,,2,,6,TRUE,8625,,True,0.060121,60,0.00054
00470-updates-policy-1000-both-s131-d10-m1-updates-nibli-r1,updates,1000,69.381538,certificate,,3,,6,FALSE,985654,,True,0.439351,8746,0.02141
00470-updates-policy-1000-both-s131-d10-m1-updates-nibli-r1,updates,1000,8629.300989000001,reopen,,,,7,,,,,,,
00470-updates-policy-1000-both-s131-d10-m1-updates-nibli-r1,updates,1000,31.444327,certificate,,0,,7,TRUE,8625,,True,0.15184399999999998,60,0.001
00470-updates-policy-1000-both-s131-d10-m1-updates-nibli-r1,updates,1000,81.984187,certificate,,1,,7,FALSE,985654,,True,0.997834,8746,0.217115
00470-updates-policy-1000-both-s131-d10-m1-updates-nibli-r1,updates,1000,62.760334,certificate,,2,,7,TRUE,8625,,True,0.247826,60,0.0011
00470-updates-policy-1000-both-s131-d10-m1-updates-nibli-r1,updates,1000,167.771801,certificate,,3,,7,FALSE,985654,,True,0.562133,8746,0.035491
00471-updates-policy-1000-both-s131-d10-m1-updates-nibli-r2,updates,1000,42.935414,open,,,,,,,,,,,
00471-updates-policy-1000-both-s131-d10-m1-updates-nibli-r2,updates,1000,17317.234232,load,1018,,,,,,,,,,
00471-updates-policy-1000-both-s131-d10-m1-updates-nibli-r2,updates,1000,21.953256,certificate,,0,,0,TRUE,8595,,True,0.035481,60,0.0011
00471-updates-policy-1000-both-s131-d10-m1-updates-nibli-r2,updates,1000,61.319369,certificate,,1,,0,FALSE,986220,,True,0.711577,8751,0.023181
00471-updates-policy-1000-both-s131-d10-m1-updates-nibli-r2,updates,1000,22.664757,certificate,,2,,0,TRUE,8625,,True,0.034301000000000005,60,0.0007
00471-updates-policy-1000-both-s131-d10-m1-updates-nibli-r2,updates,1000,58.729839,certificate,,3,,0,FALSE,986220,,True,0.809039,8751,0.02045
00471-updates-policy-1000-both-s131-d10-m1-updates-nibli-r2,updates,1000,1188.7585629999999,withdrawal,,,,1,,,,,,,
00471-updates-policy-1000-both-s131-d10-m1-updates-nibli-r2,updates,1000,170.130386,certificate,,0,,1,TRUE,9113,,True,0.367109,64,0.00105
00471-updates-policy-1000-both-s131-d10-m1-updates-nibli-r2,updates,1000,143.754989,certificate,,1,,1,FALSE,985654,,True,1.874356,8746,0.02858
00471-updates-policy-1000-both-s131-d10-m1-updates-nibli-r2,updates,1000,62.612309,certificate,,2,,1,TRUE,8625,,True,0.134224,60,0.0011099999999999999
00471-updates-policy-1000-both-s131-d10-m1-updates-nibli-r2,updates,1000,125.074136,certificate,,3,,1,FALSE,985654,,True,0.959593,8746,0.027391
00471-updates-policy-1000-both-s131-d10-m1-updates-nibli-r2,updates,1000,54.386794,withdrawal,,,,2,,,,,,,
00471-updates-policy-1000-both-s131-d10-m1-updates-nibli-r2,updates,1000,248.077829,certificate,,0,,2,FALSE,2467900,,True,1.8577750000000002,17481,0.057301
00471-updates-policy-1000-both-s131-d10-m1-updates-nibli-r2,updates,1000,26.302526,certificate,,1,,2,TRUE,5102,,True,0.03111,36,0.00083
00471-updates-policy-1000-both-s131-d10-m1-updates-nibli-r2,updates,1000,54.286591,certificate,,2,,2,TRUE,8625,,True,0.075432,60,0.00116
00471-updates-policy-1000-both-s131-d10-m1-updates-nibli-r2,updates,1000,137.41224799999998,certificate,,3,,2,FALSE,985088,,True,0.733028,8741,0.025769999999999998
00471-updates-policy-1000-both-s131-d10-m1-updates-nibli-r2,updates,1000,24.492946,reassertion,,,,3,,,,,,,
00471-updates-policy-1000-both-s131-d10-m1-updates-nibli-r2,updates,1000,28.639292,certificate,,0,,3,TRUE,8625,,True,0.052601,60,0.0007700000000000001
00471-updates-policy-1000-both-s131-d10-m1-updates-nibli-r2,updates,1000,91.145567,certificate,,1,,3,FALSE,985654,,True,0.454021,8746,0.021731
00471-updates-policy-1000-both-s131-d10-m1-updates-nibli-r2,updates,1000,27.097324999999998,certificate,,2,,3,TRUE,8625,,True,0.040981,60,0.00092
00471-updates-policy-1000-both-s131-d10-m1-updates-nibli-r2,updates,1000,92.706797,certificate,,3,,3,FALSE,985654,,True,0.5009119999999999,8746,0.027041000000000003
00471-updates-policy-1000-both-s131-d10-m1-updates-nibli-r2,updates,1000,8140.313404,reopen,,,,4,,,,,,,
00471-updates-policy-1000-both-s131-d10-m1-updates-nibli-r2,updates,1000,31.447833000000003,certificate,,0,,4,TRUE,8625,,True,0.111193,60,0.00075
00471-updates-policy-1000-both-s131-d10-m1-updates-nibli-r2,updates,1000,71.916786,certificate,,1,,4,FALSE,985654,,True,0.665596,8746,0.036231
00471-updates-policy-1000-both-s131-d10-m1-updates-nibli-r2,updates,1000,27.741076,certificate,,2,,4,TRUE,8625,,True,0.068822,60,0.00066
00471-updates-policy-1000-both-s131-d10-m1-updates-nibli-r2,updates,1000,68.61318800000001,certificate,,3,,4,FALSE,985654,,True,0.488127,8746,0.027511
00471-updates-policy-1000-both-s131-d10-m1-updates-nibli-r2,updates,1000,23.176321,withdrawal,,,,5,,,,,,,
00471-updates-policy-1000-both-s131-d10-m1-updates-nibli-r2,updates,1000,34.910241,certificate,,0,,5,TRUE,8625,,True,0.092312,60,0.00076
00471-updates-policy-1000-both-s131-d10-m1-updates-nibli-r2,updates,1000,71.255145,certificate,,1,,5,FALSE,985088,,True,0.4333,8741,0.023961
00471-updates-policy-1000-both-s131-d10-m1-updates-nibli-r2,updates,1000,124.276971,certificate,,2,,5,FALSE,2467900,,True,1.712181,17481,0.048401
00471-updates-policy-1000-both-s131-d10-m1-updates-nibli-r2,updates,1000,17.27739,certificate,,3,,5,TRUE,5102,,True,0.067101,36,0.00047
00471-updates-policy-1000-both-s131-d10-m1-updates-nibli-r2,updates,1000,17.034033,reassertion,,,,6,,,,,,,
00471-updates-policy-1000-both-s131-d10-m1-updates-nibli-r2,updates,1000,24.088587,certificate,,0,,6,TRUE,8625,,True,0.061622,60,0.00047999999999999996
00471-updates-policy-1000-both-s131-d10-m1-updates-nibli-r2,updates,1000,77.249139,certificate,,1,,6,FALSE,985654,,True,0.47189299999999995,8746,0.02735
00471-updates-policy-1000-both-s131-d10-m1-updates-nibli-r2,updates,1000,52.637476,certificate,,2,,6,TRUE,8625,,True,0.058871,60,0.0011200000000000001
00471-updates-policy-1000-both-s131-d10-m1-updates-nibli-r2,updates,1000,133.79424500000002,certificate,,3,,6,FALSE,985654,,True,0.422881,8746,0.015710000000000002
00473-bounds-chain-8-forward-s23-d10-m1-verdict-nibli-r0,bounds,8,0.028821,open,,,,,,,,,,,
00473-bounds-chain-8-forward-s23-d10-m1-verdict-nibli-r0,bounds,8,0.548883,load,9,,,,,,,,,,
00473-bounds-chain-8-forward-s23-d10-m1-verdict-nibli-r0,bounds,8,9369.720913,query,,0,True,0,TRUE,,,,,,
00474-bounds-chain-8-forward-s23-d10-m1-verdict-nibli-r1,bounds,8,0.077652,open,,,,,,,,,,,
00474-bounds-chain-8-forward-s23-d10-m1-verdict-nibli-r1,bounds,8,0.7827780000000001,load,9,,,,,,,,,,
00474-bounds-chain-8-forward-s23-d10-m1-verdict-nibli-r1,bounds,8,7964.163998,query,,0,True,0,TRUE,,,,,,
00475-bounds-chain-8-forward-s23-d10-m1-verdict-nibli-r2,bounds,8,0.029091,open,,,,,,,,,,,
00475-bounds-chain-8-forward-s23-d10-m1-verdict-nibli-r2,bounds,8,0.603865,load,9,,,,,,,,,,
00475-bounds-chain-8-forward-s23-d10-m1-verdict-nibli-r2,bounds,8,7345.107489,query,,0,True,0,TRUE,,,,,,
00480-comparison-chain-8-backward-s131-d10-m1-verdict-nibli-r0,comparison,8,0.025951,open,,,,,,,,,,,
00480-comparison-chain-8-backward-s131-d10-m1-verdict-nibli-r0,comparison,8,0.523783,load,9,,,,,,,,,,
00480-comparison-chain-8-backward-s131-d10-m1-verdict-nibli-r0,comparison,8,30.181832,query,,0,False,0,FALSE,,,,,,
00484-comparison-chain-8-backward-s131-d10-m1-verdict-nibli-r1,comparison,8,0.02604,open,,,,,,,,,,,
00484-comparison-chain-8-backward-s131-d10-m1-verdict-nibli-r1,comparison,8,0.547733,load,9,,,,,,,,,,
00484-comparison-chain-8-backward-s131-d10-m1-verdict-nibli-r1,comparison,8,32.42178,query,,0,False,0,FALSE,,,,,,
00486-comparison-chain-8-backward-s131-d10-m1-verdict-nibli-r2,comparison,8,0.025221,open,,,,,,,,,,,
00486-comparison-chain-8-backward-s131-d10-m1-verdict-nibli-r2,comparison,8,0.504142,load,9,,,,,,,,,,
00486-comparison-chain-8-backward-s131-d10-m1-verdict-nibli-r2,comparison,8,29.788957,query,,0,False,0,FALSE,,,,,,
00492-comparison-chain-4-backward-s11-d10-m1-verdict-nibli-r0,comparison,4,0.025471,open,,,,,,,,,,,
00492-comparison-chain-4-backward-s11-d10-m1-verdict-nibli-r0,comparison,4,0.300558,load,5,,,,,,,,,,
00492-comparison-chain-4-backward-s11-d10-m1-verdict-nibli-r0,comparison,4,5.629457,query,,0,False,0,FALSE,,,,,,
00496-comparison-chain-4-backward-s11-d10-m1-verdict-nibli-r1,comparison,4,0.025861,open,,,,,,,,,,,
00496-comparison-chain-4-backward-s11-d10-m1-verdict-nibli-r1,comparison,4,0.293057,load,5,,,,,,,,,,
00496-comparison-chain-4-backward-s11-d10-m1-verdict-nibli-r1,comparison,4,6.018205,query,,0,False,0,FALSE,,,,,,
00498-comparison-chain-4-backward-s11-d10-m1-verdict-nibli-r2,comparison,4,0.027561,open,,,,,,,,,,,
00498-comparison-chain-4-backward-s11-d10-m1-verdict-nibli-r2,comparison,4,0.364459,load,5,,,,,,,,,,
00498-comparison-chain-4-backward-s11-d10-m1-verdict-nibli-r2,comparison,4,5.485651,query,,0,False,0,FALSE,,,,,,
00504-comparison-chain-16-forward-s47-d10-m1-verdict-nibli-r0,comparison,16,0.032209999999999996,open,,,,,,,,,,,
00504-comparison-chain-16-forward-s47-d10-m1-verdict-nibli-r0,comparison,16,1.217029,load,17,,,,,,,,,,
00508-comparison-chain-16-forward-s47-d10-m1-verdict-nibli-r1,comparison,16,0.02674,open,,,,,,,,,,,
00508-comparison-chain-16-forward-s47-d10-m1-verdict-nibli-r1,comparison,16,1.260654,load,17,,,,,,,,,,
00509-comparison-chain-16-forward-s47-d10-m1-verdict-nibli-r2,comparison,16,0.028246999999999998,open,,,,,,,,,,,
00509-comparison-chain-16-forward-s47-d10-m1-verdict-nibli-r2,comparison,16,1.427504,load,17,,,,,,,,,,
00517-comparison-chain-16-backward-s11-d10-m1-verdict-nibli-r0,comparison,16,0.030146,open,,,,,,,,,,,
00517-comparison-chain-16-backward-s11-d10-m1-verdict-nibli-r0,comparison,16,1.394957,load,17,,,,,,,,,,
00517-comparison-chain-16-backward-s11-d10-m1-verdict-nibli-r0,comparison,16,223.06747199999998,query,,0,False,0,FALSE,,,,,,
00518-comparison-chain-16-backward-s11-d10-m1-verdict-nibli-r1,comparison,16,0.031495999999999996,open,,,,,,,,,,,
00518-comparison-chain-16-backward-s11-d10-m1-verdict-nibli-r1,comparison,16,1.201573,load,17,,,,,,,,,,
00518-comparison-chain-16-backward-s11-d10-m1-verdict-nibli-r1,comparison,16,222.51782,query,,0,False,0,FALSE,,,,,,
00521-comparison-chain-16-backward-s11-d10-m1-verdict-nibli-r2,comparison,16,0.17550000000000002,open,,,,,,,,,,,
00521-comparison-chain-16-backward-s11-d10-m1-verdict-nibli-r2,comparison,16,1.264696,load,17,,,,,,,,,,
00521-comparison-chain-16-backward-s11-d10-m1-verdict-nibli-r2,comparison,16,234.08647399999998,query,,0,False,0,FALSE,,,,,,
00527-comparison-chain-32-forward-s47-d10-m1-verdict-nibli-r0,comparison,32,0.026497,open,,,,,,,,,,,
00527-comparison-chain-32-forward-s47-d10-m1-verdict-nibli-r0,comparison,32,3.3254970000000004,load,33,,,,,,,,,,
00531-comparison-chain-32-forward-s47-d10-m1-verdict-nibli-r1,comparison,32,0.075501,open,,,,,,,,,,,
00531-comparison-chain-32-forward-s47-d10-m1-verdict-nibli-r1,comparison,32,3.412451,load,33,,,,,,,,,,
00535-comparison-chain-32-forward-s47-d10-m1-verdict-nibli-r2,comparison,32,0.033856000000000004,open,,,,,,,,,,,
00535-comparison-chain-32-forward-s47-d10-m1-verdict-nibli-r2,comparison,32,3.5576649999999996,load,33,,,,,,,,,,
00537-updates-policy-1000-both-s83-d10-m1-updates-nibli-r0,updates,1000,190.02565900000002,open,,,,,,,,,,,
00537-updates-policy-1000-both-s83-d10-m1-updates-nibli-r0,updates,1000,7470.817403,load,973,,,,,,,,,,
00537-updates-policy-1000-both-s83-d10-m1-updates-nibli-r0,updates,1000,23.575538,certificate,,0,,0,TRUE,8595,,True,0.033596999999999995,60,0.001019
00537-updates-policy-1000-both-s83-d10-m1-updates-nibli-r0,updates,1000,59.562006000000004,certificate,,1,,0,FALSE,960769,,True,0.390156,8526,0.015709
00537-updates-policy-1000-both-s83-d10-m1-updates-nibli-r0,updates,1000,21.854214,certificate,,2,,0,TRUE,8610,,True,0.030626,60,0.00042
00537-updates-policy-1000-both-s83-d10-m1-updates-nibli-r0,updates,1000,57.751777999999995,certificate,,3,,0,FALSE,960769,,True,0.655496,8526,0.014908000000000001
00537-updates-policy-1000-both-s83-d10-m1-updates-nibli-r0,updates,1000,179.805823,withdrawal,,,,1,,,,,,,
00537-updates-policy-1000-both-s83-d10-m1-updates-nibli-r0,updates,1000,99.278827,certificate,,0,,1,TRUE,9113,,True,0.063773,64,0.00065
00537-updates-policy-1000-both-s83-d10-m1-updates-nibli-r0,updates,1000,76.81090999999999,certificate,,1,,1,FALSE,960204,,True,0.433082,8521,0.019728000000000002
00537-updates-policy-1000-both-s83-d10-m1-updates-nibli-r0,updates,1000,30.038426,certificate,,2,,1,TRUE,8610,,True,0.285234,60,0.00052
00537-updates-policy-1000-both-s83-d10-m1-updates-nibli-r0,updates,1000,62.557458,certificate,,3,,1,FALSE,960204,,True,0.7085499999999999,8521,0.018308
00537-updates-policy-1000-both-s83-d10-m1-updates-nibli-r0,updates,1000,106.28269499999999,withdrawal,,,,2,,,,,,,
00537-updates-policy-1000-both-s83-d10-m1-updates-nibli-r0,updates,1000,131.013676,certificate,,0,,2,FALSE,2403952,,True,1.856572,17031,0.035235999999999996
00537-updates-policy-1000-both-s83-d10-m1-updates-nibli-r0,updates,1000,20.029538,certificate,,1,,2,TRUE,5102,,True,0.025827,36,0.00044
00537-updates-policy-1000-both-s83-d10-m1-updates-nibli-r0,updates,1000,25.425911999999997,certificate,,2,,2,TRUE,8610,,True,0.065652,60,0.00215
00537-updates-policy-1000-both-s83-d10-m1-updates-nibli-r0,updates,1000,58.189685,certificate,,3,,2,FALSE,959639,,True,0.416583,8516,0.015007999999999999
00537-updates-policy-1000-both-s83-d10-m1-updates-nibli-r0,updates,1000,14.027716000000002,reassertion,,,,3,,,,,,,
00537-updates-policy-1000-both-s83-d10-m1-updates-nibli-r0,updates,1000,24.26619,certificate,,0,,3,TRUE,8610,,True,0.035966,60,0.00041
00537-updates-policy-1000-both-s83-d10-m1-updates-nibli-r0,updates,1000,59.617714,certificate,,1,,3,FALSE,960204,,True,0.38520699999999997,8521,0.014837999999999999
00537-updates-policy-1000-both-s83-d10-m1-updates-nibli-r0,updates,1000,22.46553,certificate,,2,,3,TRUE,8610,,True,0.031606,60,0.00041
00537-updates-policy-1000-both-s83-d10-m1-updates-nibli-r0,updates,1000,59.879705,certificate,,3,,3,FALSE,960204,,True,0.492409,8521,0.070312
00537-updates-policy-1000-both-s83-d10-m1-updates-nibli-r0,updates,1000,6425.509994999999,reopen,,,,4,,,,,,,
00537-updates-policy-1000-both-s83-d10-m1-updates-nibli-r0,updates,1000,22.021897,certificate,,0,,4,TRUE,8610,,True,0.053274,60,0.00095
00537-updates-policy-1000-both-s83-d10-m1-updates-nibli-r0,updates,1000,60.924882,certificate,,1,,4,FALSE,960204,,True,0.531091,8521,0.020998000000000003
00537-updates-policy-1000-both-s83-d10-m1-updates-nibli-r0,updates,1000,25.344088,certificate,,2,,4,TRUE,8610,,True,0.208337,60,0.00042899999999999997
00537-updates-policy-1000-both-s83-d10-m1-updates-nibli-r0,updates,1000,58.189072,certificate,,3,,4,FALSE,960204,,True,0.378978,8521,0.029977
00537-updates-policy-1000-both-s83-d10-m1-updates-nibli-r0,updates,1000,178.413935,withdrawal,,,,5,,,,,,,
00537-updates-policy-1000-both-s83-d10-m1-updates-nibli-r0,updates,1000,24.74252,certificate,,0,,5,TRUE,8610,,True,0.073232,60,0.00047999999999999996
00537-updates-policy-1000-both-s83-d10-m1-updates-nibli-r0,updates,1000,62.52693500000001,certificate,,1,,5,FALSE,959639,,True,0.507613,8516,0.036946
00537-updates-policy-1000-both-s83-d10-m1-updates-nibli-r0,updates,1000,113.469144,certificate,,2,,5,FALSE,2403952,,True,1.191597,17031,0.046964
00537-updates-policy-1000-both-s83-d10-m1-updates-nibli-r0,updates,1000,16.494594000000003,certificate,,3,,5,TRUE,5102,,True,0.029856999999999998,36,0.00035999999999999997
00537-updates-policy-1000-both-s83-d10-m1-updates-nibli-r0,updates,1000,111.288849,reassertion,,,,6,,,,,,,
00537-updates-policy-1000-both-s83-d10-m1-updates-nibli-r0,updates,1000,21.830484000000002,certificate,,0,,6,TRUE,8610,,True,0.056242999999999994,60,0.00041
00537-updates-policy-1000-both-s83-d10-m1-updates-nibli-r0,updates,1000,58.03859,certificate,,1,,6,FALSE,960204,,True,0.636988,8521,0.014878
00537-updates-policy-1000-both-s83-d10-m1-updates-nibli-r0,updates,1000,22.526926,certificate,,2,,6,TRUE,8610,,True,0.056632999999999996,60,0.00039999999999999996
00537-updates-policy-1000-both-s83-d10-m1-updates-nibli-r0,updates,1000,57.083192999999994,certificate,,3,,6,FALSE,960204,,True,0.407634,8521,0.015268
00537-updates-policy-1000-both-s83-d10-m1-updates-nibli-r0,updates,1000,6688.028542,reopen,,,,7,,,,,,,
00537-updates-policy-1000-both-s83-d10-m1-updates-nibli-r0,updates,1000,22.718263,certificate,,0,,7,TRUE,8610,,True,0.057333999999999996,60,0.0007999999999999999
00537-updates-policy-1000-both-s83-d10-m1-updates-nibli-r0,updates,1000,60.632850000000005,certificate,,1,,7,FALSE,960204,,True,0.381377,8521,0.025707
00537-updates-policy-1000-both-s83-d10-m1-updates-nibli-r0,updates,1000,32.817888,certificate,,2,,7,TRUE,8610,,True,0.049894,60,0.00039000000000000005
00537-updates-policy-1000-both-s83-d10-m1-updates-nibli-r0,updates,1000,59.060697000000005,certificate,,3,,7,FALSE,960204,,True,0.415863,8521,0.014728
00538-updates-policy-1000-both-s83-d10-m1-updates-nibli-r1,updates,1000,201.0505,open,,,,,,,,,,,
00538-updates-policy-1000-both-s83-d10-m1-updates-nibli-r1,updates,1000,7422.878981,load,973,,,,,,,,,,
00538-updates-policy-1000-both-s83-d10-m1-updates-nibli-r1,updates,1000,23.206062,certificate,,0,,0,TRUE,8595,,True,0.036156,60,0.00062
00538-updates-policy-1000-both-s83-d10-m1-updates-nibli-r1,updates,1000,60.304936000000005,certificate,,1,,0,FALSE,960769,,True,0.466757,8526,0.023268
00538-updates-policy-1000-both-s83-d10-m1-updates-nibli-r1,updates,1000,25.473726,certificate,,2,,0,TRUE,8610,,True,0.051434,60,0.00047
00538-updates-policy-1000-both-s83-d10-m1-updates-nibli-r1,updates,1000,57.785805,certificate,,3,,0,FALSE,960769,,True,0.645467,8526,0.015458
00538-updates-policy-1000-both-s83-d10-m1-updates-nibli-r1,updates,1000,176.23496799999998,withdrawal,,,,1,,,,,,,
00538-updates-policy-1000-both-s83-d10-m1-updates-nibli-r1,updates,1000,79.635333,certificate,,0,,1,TRUE,9113,,True,0.12335600000000001,64,0.00065
00538-updates-policy-1000-both-s83-d10-m1-updates-nibli-r1,updates,1000,58.855297,certificate,,1,,1,FALSE,960204,,True,0.46696699999999997,8521,0.019497999999999998
00538-updates-policy-1000-both-s83-d10-m1-updates-nibli-r1,updates,1000,23.880195,certificate,,2,,1,TRUE,8610,,True,0.062023,60,0.00041
00538-updates-policy-1000-both-s83-d10-m1-updates-nibli-r1,updates,1000,58.682799,certificate,,3,,1,FALSE,960204,,True,0.7765569999999999,8521,0.026807
00538-updates-policy-1000-both-s83-d10-m1-updates-nibli-r1,updates,1000,119.179398,withdrawal,,,,2,,,,,,,
00538-updates-policy-1000-both-s83-d10-m1-updates-nibli-r1,updates,1000,116.90600099999999,certificate,,0,,2,FALSE,2403952,,True,1.8153460000000001,17031,0.049485
00538-updates-policy-1000-both-s83-d10-m1-updates-nibli-r1,updates,1000,18.821098000000003,certificate,,1,,2,TRUE,5102,,True,0.024817,36,0.00041
00538-updates-policy-1000-both-s83-d10-m1-updates-nibli-r1,updates,1000,23.928060000000002,certificate,,2,,2,TRUE,8610,,True,0.059313,60,0.0005
00538-updates-policy-1000-both-s83-d10-m1-updates-nibli-r1,updates,1000,56.864203,certificate,,3,,2,FALSE,959639,,True,0.658916,8516,0.015068
00538-updates-policy-1000-both-s83-d10-m1-updates-nibli-r1,updates,1000,13.503197,reassertion,,,,3,,,,,,,
00538-updates-policy-1000-both-s83-d10-m1-updates-nibli-r1,updates,1000,23.494702999999998,certificate,,0,,3,TRUE,8610,,True,0.049035,60,0.00038
00538-updates-policy-1000-both-s83-d10-m1-updates-nibli-r1,updates,1000,60.728528,certificate,,1,,3,FALSE,960204,,True,0.40480499999999997,8521,0.019636999999999998
00538-updates-policy-1000-both-s83-d10-m1-updates-nibli-r1,updates,1000,23.581993,certificate,,2,,3,TRUE,8610,,True,0.035176000000000006,60,0.00042
00538-updates-policy-1000-both-s83-d10-m1-updates-nibli-r1,updates,1000,57.707172,certificate,,3,,3,FALSE,960204,,True,0.382307,8521,0.014918
00538-updates-policy-1000-both-s83-d10-m1-updates-nibli-r1,updates,1000,6564.433325,reopen,,,,4,,,,,,,
00538-updates-policy-1000-both-s83-d10-m1-updates-nibli-r1,updates,1000,22.449965,certificate,,0,,4,TRUE,8610,,True,0.07974099999999999,60,0.00064
00538-updates-policy-1000-both-s83-d10-m1-updates-nibli-r1,updates,1000,58.062792,certificate,,1,,4,FALSE,960204,,True,0.400664,8521,0.021138
00538-updates-policy-1000-both-s83-d10-m1-updates-nibli-r1,updates,1000,23.178238,certificate,,2,,4,TRUE,8610,,True,0.051995,60,0.0006
00538-updates-policy-1000-both-s83-d10-m1-updates-nibli-r1,updates,1000,57.497445,certificate,,3,,4,FALSE,960204,,True,0.560367,8521,0.015039
00538-updates-policy-1000-both-s83-d10-m1-updates-nibli-r1,updates,1000,174.122491,withdrawal,,,,5,,,,,,,
00538-updates-policy-1000-both-s83-d10-m1-updates-nibli-r1,updates,1000,23.595944,certificate,,0,,5,TRUE,8610,,True,0.074631,60,0.0005899999999999999
00538-updates-policy-1000-both-s83-d10-m1-updates-nibli-r1,updates,1000,59.828537000000004,certificate,,1,,5,FALSE,959639,,True,0.396366,8516,0.016838
00538-updates-policy-1000-both-s83-d10-m1-updates-nibli-r1,updates,1000,118.249162,certificate,,2,,5,FALSE,2403952,,True,1.766522,17031,0.062483000000000004
00538-updates-policy-1000-both-s83-d10-m1-updates-nibli-r1,updates,1000,17.377011,certificate,,3,,5,TRUE,5102,,True,0.029407000000000003,36,0.0006799999999999999
00538-updates-policy-1000-both-s83-d10-m1-updates-nibli-r1,updates,1000,103.069417,reassertion,,,,6,,,,,,,
00538-updates-policy-1000-both-s83-d10-m1-updates-nibli-r1,updates,1000,21.876745,certificate,,0,,6,TRUE,8610,,True,0.061213,60,0.0012100000000000001
00538-updates-policy-1000-both-s83-d10-m1-updates-nibli-r1,updates,1000,59.569357000000004,certificate,,1,,6,FALSE,960204,,True,0.946314,8521,0.025017
00538-updates-policy-1000-both-s83-d10-m1-updates-nibli-r1,updates,1000,22.810806,certificate,,2,,6,TRUE,8610,,True,0.051084,60,0.00041
00538-updates-policy-1000-both-s83-d10-m1-updates-nibli-r1,updates,1000,58.177832,certificate,,3,,6,FALSE,960204,,True,0.387827,8521,0.015248000000000001
00538-updates-policy-1000-both-s83-d10-m1-updates-nibli-r1,updates,1000,6502.5340639999995,reopen,,,,7,,,,,,,
00538-updates-policy-1000-both-s83-d10-m1-updates-nibli-r1,updates,1000,22.840701000000003,certificate,,0,,7,TRUE,8610,,True,0.056234,60,0.0007800000000000001
00538-updates-policy-1000-both-s83-d10-m1-updates-nibli-r1,updates,1000,60.499748,certificate,,1,,7,FALSE,960204,,True,0.427416,8521,0.015478
00538-updates-policy-1000-both-s83-d10-m1-updates-nibli-r1,updates,1000,22.669601,certificate,,2,,7,TRUE,8610,,True,0.050634,60,0.00042
00538-updates-policy-1000-both-s83-d10-m1-updates-nibli-r1,updates,1000,59.10517,certificate,,3,,7,FALSE,960204,,True,0.412194,8521,0.015407999999999998
00539-updates-policy-1000-both-s83-d10-m1-updates-nibli-r2,updates,1000,184.509532,open,,,,,,,,,,,
00539-updates-policy-1000-both-s83-d10-m1-updates-nibli-r2,updates,1000,7397.930701,load,973,,,,,,,,,,
00539-updates-policy-1000-both-s83-d10-m1-updates-nibli-r2,updates,1000,22.964098,certificate,,0,,0,TRUE,8595,,True,0.037106,60,0.00064
00539-updates-policy-1000-both-s83-d10-m1-updates-nibli-r2,updates,1000,61.300761,certificate,,1,,0,FALSE,960769,,True,0.659786,8526,0.017408
00539-updates-policy-1000-both-s83-d10-m1-updates-nibli-r2,updates,1000,22.933895999999997,certificate,,2,,0,TRUE,8610,,True,0.042615,60,0.00064
00539-updates-policy-1000-both-s83-d10-m1-updates-nibli-r2,updates,1000,58.037088,certificate,,3,,0,FALSE,960769,,True,0.679309,8526,0.021677
00539-updates-policy-1000-both-s83-d10-m1-updates-nibli-r2,updates,1000,246.731629,withdrawal,,,,1,,,,,,,
00539-updates-policy-1000-both-s83-d10-m1-updates-nibli-r2,updates,1000,79.211545,certificate,,0,,1,TRUE,9113,,True,0.107878,64,0.00066
00539-updates-policy-1000-both-s83-d10-m1-updates-nibli-r2,updates,1000,61.928205,certificate,,1,,1,FALSE,960204,,True,0.576831,8521,0.022607
00539-updates-policy-1000-both-s83-d10-m1-updates-nibli-r2,updates,1000,25.268729,certificate,,2,,1,TRUE,8610,,True,0.064983,60,0.00073
00539-updates-policy-1000-both-s83-d10-m1-updates-nibli-r2,updates,1000,65.658276,certificate,,3,,1,FALSE,960204,,True,0.724699,8521,0.043315
00539-updates-policy-1000-both-s83-d10-m1-updates-nibli-r2,updates,1000,25.063768,withdrawal,,,,2,,,,,,,
00539-updates-policy-1000-both-s83-d10-m1-updates-nibli-r2,updates,1000,132.64844300000001,certificate,,0,,2,FALSE,2403952,,True,1.7461639999999998,17031,0.050414
00539-updates-policy-1000-both-s83-d10-m1-updates-nibli-r2,updates,1000,19.292353000000002,certificate,,1,,2,TRUE,5102,,True,0.025598000000000003,36,0.00063
00539-updates-policy-1000-both-s83-d10-m1-updates-nibli-r2,updates,1000,24.726741,certificate,,2,,2,TRUE,8610,,True,0.18131,60,0.0005600000000000001
00539-updates-policy-1000-both-s83-d10-m1-updates-nibli-r2,updates,1000,61.056348,certificate,,3,,2,FALSE,959639,,True,0.413253,8516,0.020188
00539-updates-policy-1000-both-s83-d10-m1-updates-nibli-r2,updates,1000,14.664185,reassertion,,,,3,,,,,,,
00539-updates-policy-1000-both-s83-d10-m1-updates-nibli-r2,updates,1000,22.287684,certificate,,0,,3,TRUE,8610,,True,0.121722,60,0.00044
00539-updates-policy-1000-both-s83-d10-m1-updates-nibli-r2,updates,1000,60.925752,certificate,,1,,3,FALSE,960204,,True,0.420622,8521,0.016669
00539-updates-policy-1000-both-s83-d10-m1-updates-nibli-r2,updates,1000,21.376330999999997,certificate,,2,,3,TRUE,8610,,True,0.031486,60,0.00039999999999999996
00539-updates-policy-1000-both-s83-d10-m1-updates-nibli-r2,updates,1000,58.030198,certificate,,3,,3,FALSE,960204,,True,0.406155,8521,0.013978
00539-updates-policy-1000-both-s83-d10-m1-updates-nibli-r2,updates,1000,6557.354978,reopen,,,,4,,,,,,,
00539-updates-policy-1000-both-s83-d10-m1-updates-nibli-r2,updates,1000,23.502321,certificate,,0,,4,TRUE,8610,,True,0.056853,60,0.0007800000000000001
00539-updates-policy-1000-both-s83-d10-m1-updates-nibli-r2,updates,1000,58.431722,certificate,,1,,4,FALSE,960204,,True,0.385977,8521,0.016878
00539-updates-policy-1000-both-s83-d10-m1-updates-nibli-r2,updates,1000,22.387997,certificate,,2,,4,TRUE,8610,,True,0.067523,60,0.000599
00539-updates-policy-1000-both-s83-d10-m1-updates-nibli-r2,updates,1000,55.780328,certificate,,3,,4,FALSE,960204,,True,0.383367,8521,0.016128
00539-updates-policy-1000-both-s83-d10-m1-updates-nibli-r2,updates,1000,188.024362,withdrawal,,,,5,,,,,,,
00539-updates-policy-1000-both-s83-d10-m1-updates-nibli-r2,updates,1000,23.561246,certificate,,0,,5,TRUE,8610,,True,0.072901,60,0.00073
00539-updates-policy-1000-both-s83-d10-m1-updates-nibli-r2,updates,1000,58.800959,certificate,,1,,5,FALSE,959639,,True,0.42242199999999996,8516,0.017728
00539-updates-policy-1000-both-s83-d10-m1-updates-nibli-r2,updates,1000,115.763221,certificate,,2,,5,FALSE,2403952,,True,0.962631,17031,0.045865
00539-updates-policy-1000-both-s83-d10-m1-updates-nibli-r2,updates,1000,18.028447,certificate,,3,,5,TRUE,5102,,True,0.031785999999999995,36,0.00035
00539-updates-policy-1000-both-s83-d10-m1-updates-nibli-r2,updates,1000,112.886506,reassertion,,,,6,,,,,,,
00539-updates-policy-1000-both-s83-d10-m1-updates-nibli-r2,updates,1000,23.977881,certificate,,0,,6,TRUE,8610,,True,0.12454799999999999,60,0.0007199999999999999
00539-updates-policy-1000-both-s83-d10-m1-updates-nibli-r2,updates,1000,63.072813000000004,certificate,,1,,6,FALSE,960204,,True,0.396235,8521,0.017348000000000002
00539-updates-policy-1000-both-s83-d10-m1-updates-nibli-r2,updates,1000,21.519419000000003,certificate,,2,,6,TRUE,8610,,True,0.050004,60,0.00045
00539-updates-policy-1000-both-s83-d10-m1-updates-nibli-r2,updates,1000,57.432054,certificate,,3,,6,FALSE,960204,,True,0.39616500000000004,8521,0.016107999999999997
00539-updates-policy-1000-both-s83-d10-m1-updates-nibli-r2,updates,1000,6490.0843190000005,reopen,,,,7,,,,,,,
00539-updates-policy-1000-both-s83-d10-m1-updates-nibli-r2,updates,1000,23.267927,certificate,,0,,7,TRUE,8610,,True,0.054564,60,0.00067
00539-updates-policy-1000-both-s83-d10-m1-updates-nibli-r2,updates,1000,60.260677,certificate,,1,,7,FALSE,960204,,True,0.38553699999999996,8521,0.021067
00539-updates-policy-1000-both-s83-d10-m1-updates-nibli-r2,updates,1000,25.349479000000002,certificate,,2,,7,TRUE,8610,,True,0.051695,60,0.0007689999999999999
00539-updates-policy-1000-both-s83-d10-m1-updates-nibli-r2,updates,1000,56.916367,certificate,,3,,7,FALSE,960204,,True,0.379658,8521,0.017277999999999998
00544-comparison-chain-8-forward-s83-d10-m1-verdict-nibli-r0,comparison,8,0.027017,open,,,,,,,,,,,
00544-comparison-chain-8-forward-s83-d10-m1-verdict-nibli-r0,comparison,8,0.544028,load,9,,,,,,,,,,
00544-comparison-chain-8-forward-s83-d10-m1-verdict-nibli-r0,comparison,8,3499.316065,query,,0,True,0,TRUE,,,,,,
00548-comparison-chain-8-forward-s83-d10-m1-verdict-nibli-r1,comparison,8,0.027257,open,,,,,,,,,,,
00548-comparison-chain-8-forward-s83-d10-m1-verdict-nibli-r1,comparison,8,0.581234,load,9,,,,,,,,,,
00548-comparison-chain-8-forward-s83-d10-m1-verdict-nibli-r1,comparison,8,3519.426497,query,,0,True,0,TRUE,,,,,,
00549-comparison-chain-8-forward-s83-d10-m1-verdict-nibli-r2,comparison,8,0.027197,open,,,,,,,,,,,
00549-comparison-chain-8-forward-s83-d10-m1-verdict-nibli-r2,comparison,8,0.5332600000000001,load,9,,,,,,,,,,
00549-comparison-chain-8-forward-s83-d10-m1-verdict-nibli-r2,comparison,8,3480.000661,query,,0,True,0,TRUE,,,,,,
00557-comparison-chain-12-forward-s131-d10-m1-verdict-nibli-r0,comparison,12,0.027667,open,,,,,,,,,,,
00557-comparison-chain-12-forward-s131-d10-m1-verdict-nibli-r0,comparison,12,1.163819,load,13,,,,,,,,,,
00558-comparison-chain-12-forward-s131-d10-m1-verdict-nibli-r1,comparison,12,0.026987,open,,,,,,,,,,,
00558-comparison-chain-12-forward-s131-d10-m1-verdict-nibli-r1,comparison,12,0.850084,load,13,,,,,,,,,,
00562-comparison-chain-12-forward-s131-d10-m1-verdict-nibli-r2,comparison,12,0.026927000000000003,open,,,,,,,,,,,
00562-comparison-chain-12-forward-s131-d10-m1-verdict-nibli-r2,comparison,12,0.817658,load,13,,,,,,,,,,
00565-bounds-chain-8-forward-s83-d20-m0-verdict-nibli-r0,bounds,8,0.035756,open,,,,,,,,,,,
00565-bounds-chain-8-forward-s83-d20-m0-verdict-nibli-r0,bounds,8,0.62064,load,9,,,,,,,,,,
00565-bounds-chain-8-forward-s83-d20-m0-verdict-nibli-r0,bounds,8,3570.7868320000002,query,,0,{'Unknown': 'CycleCut'},0,UNKNOWN,,,,,,
00566-bounds-chain-8-forward-s83-d20-m0-verdict-nibli-r1,bounds,8,0.028137,open,,,,,,,,,,,
00566-bounds-chain-8-forward-s83-d20-m0-verdict-nibli-r1,bounds,8,0.539869,load,9,,,,,,,,,,
00566-bounds-chain-8-forward-s83-d20-m0-verdict-nibli-r1,bounds,8,3531.804232,query,,0,{'Unknown': 'CycleCut'},0,UNKNOWN,,,,,,
00567-bounds-chain-8-forward-s83-d20-m0-verdict-nibli-r2,bounds,8,0.026387,open,,,,,,,,,,,
00567-bounds-chain-8-forward-s83-d20-m0-verdict-nibli-r2,bounds,8,0.5309699999999999,load,9,,,,,,,,,,
00567-bounds-chain-8-forward-s83-d20-m0-verdict-nibli-r2,bounds,8,3547.011223,query,,0,{'Unknown': 'CycleCut'},0,UNKNOWN,,,,,,
00569-bounds-chain-8-backward-s11-d20-m1-verdict-nibli-r0,bounds,8,0.027707000000000002,open,,,,,,,,,,,
00569-bounds-chain-8-backward-s11-d20-m1-verdict-nibli-r0,bounds,8,1.180066,load,9,,,,,,,,,,
00569-bounds-chain-8-backward-s11-d20-m1-verdict-nibli-r0,bounds,8,35.045734,query,,0,False,0,FALSE,,,,,,
00570-bounds-chain-8-backward-s11-d20-m1-verdict-nibli-r1,bounds,8,0.025956999999999997,open,,,,,,,,,,,
00570-bounds-chain-8-backward-s11-d20-m1-verdict-nibli-r1,bounds,8,0.53041,load,9,,,,,,,,,,
00570-bounds-chain-8-backward-s11-d20-m1-verdict-nibli-r1,bounds,8,41.912440000000004,query,,0,False,0,FALSE,,,,,,
00571-bounds-chain-8-backward-s11-d20-m1-verdict-nibli-r2,bounds,8,0.032906,open,,,,,,,,,,,
00571-bounds-chain-8-backward-s11-d20-m1-verdict-nibli-r2,bounds,8,0.505193,load,9,,,,,,,,,,
00571-bounds-chain-8-backward-s11-d20-m1-verdict-nibli-r2,bounds,8,33.859801000000004,query,,0,False,0,FALSE,,,,,,
00573-updates-policy-100-both-s131-d10-m1-updates-nibli-r0,updates,100,15.650344,open,,,,,,,,,,,
00573-updates-policy-100-both-s131-d10-m1-updates-nibli-r0,updates,100,375.799213,load,104,,,,,,,,,,
00573-updates-policy-100-both-s131-d10-m1-updates-nibli-r0,updates,100,1.852302,certificate,,0,,0,TRUE,8545,,True,0.025448000000000002,60,0.0007390000000000001
00573-updates-policy-100-both-s131-d10-m1-updates-nibli-r0,updates,100,2.198373,certificate,,1,,0,FALSE,101799,,True,0.043644999999999996,911,0.0013599999999999999
00573-updates-policy-100-both-s131-d10-m1-updates-nibli-r0,updates,100,1.68468,certificate,,2,,0,TRUE,8560,,True,0.022247,60,0.00047999999999999996
00573-updates-policy-100-both-s131-d10-m1-updates-nibli-r0,updates,100,1.922013,certificate,,3,,0,FALSE,101799,,True,0.042266,911,0.0013599999999999999
00573-updates-policy-100-both-s131-d10-m1-updates-nibli-r0,updates,100,2.3787119999999997,withdrawal,,,,1,,,,,,,
00573-updates-policy-100-both-s131-d10-m1-updates-nibli-r0,updates,100,3.150646,certificate,,0,,1,TRUE,9043,,True,0.020188,64,0.00041
00573-updates-policy-100-both-s131-d10-m1-updates-nibli-r0,updates,100,2.111833,certificate,,1,,1,FALSE,101239,,True,0.042175000000000004,906,0.0012300000000000002
00573-updates-policy-100-both-s131-d10-m1-updates-nibli-r0,updates,100,1.677921,certificate,,2,,1,TRUE,8560,,True,0.019488000000000002,60,0.00039000000000000005
00573-updates-policy-100-both-s131-d10-m1-updates-nibli-r0,updates,100,2.374003,certificate,,3,,1,FALSE,101239,,True,0.043035,906,0.00128
00573-updates-policy-100-both-s131-d10-m1-updates-nibli-r0,updates,100,2.367779,withdrawal,,,,2,,,,,,,
00573-updates-policy-100-both-s131-d10-m1-updates-nibli-r0,updates,100,4.432511,certificate,,0,,2,FALSE,252363,,True,0.17443,1801,0.0022
00573-updates-policy-100-both-s131-d10-m1-updates-nibli-r0,updates,100,1.215553,certificate,,1,,2,TRUE,5072,,True,0.014389,36,0.00032
00573-updates-policy-100-both-s131-d10-m1-updates-nibli-r0,updates,100,1.6372360000000001,certificate,,2,,2,TRUE,8560,,True,0.019468,60,0.00039999999999999996
00573-updates-policy-100-both-s131-d10-m1-updates-nibli-r0,updates,100,1.899467,certificate,,3,,2,FALSE,100679,,True,0.15371300000000002,901,0.001269
00573-updates-policy-100-both-s131-d10-m1-updates-nibli-r0,updates,100,3.349945,reassertion,,,,3,,,,,,,
00573-updates-policy-100-both-s131-d10-m1-updates-nibli-r0,updates,100,1.769865,certificate,,0,,3,TRUE,8560,,True,0.019417999999999998,60,0.00039000000000000005
00573-updates-policy-100-both-s131-d10-m1-updates-nibli-r0,updates,100,2.1637560000000002,certificate,,1,,3,FALSE,101239,,True,0.043195000000000004,906,0.0012300000000000002
00573-updates-policy-100-both-s131-d10-m1-updates-nibli-r0,updates,100,1.7358040000000001,certificate,,2,,3,TRUE,8560,,True,0.019138,60,0.00041
00573-updates-policy-100-both-s131-d10-m1-updates-nibli-r0,updates,100,1.96232,certificate,,3,,3,FALSE,101239,,True,0.043825,906,0.0012490000000000001
00573-updates-policy-100-both-s131-d10-m1-updates-nibli-r0,updates,100,317.778191,reopen,,,,4,,,,,,,
00573-updates-policy-100-both-s131-d10-m1-updates-nibli-r0,updates,100,1.8366529999999999,certificate,,0,,4,TRUE,8560,,True,0.021557,60,0.00081
00573-updates-policy-100-both-s131-d10-m1-updates-nibli-r0,updates,100,2.340326,certificate,,1,,4,FALSE,101239,,True,0.045975,906,0.00139
00573-updates-policy-100-both-s131-d10-m1-updates-nibli-r0,updates,100,1.860776,certificate,,2,,4,TRUE,8560,,True,0.021758,60,0.0005600000000000001
00573-updates-policy-100-both-s131-d10-m1-updates-nibli-r0,updates,100,2.13563,certificate,,3,,4,FALSE,101239,,True,0.045875,906,0.00133
00573-updates-policy-100-both-s131-d10-m1-updates-nibli-r0,updates,100,4.564277000000001,withdrawal,,,,5,,,,,,,
00573-updates-policy-100-both-s131-d10-m1-updates-nibli-r0,updates,100,1.81518,certificate,,0,,5,TRUE,8560,,True,0.020638,60,0.00042
00573-updates-policy-100-both-s131-d10-m1-updates-nibli-r0,updates,100,3.660139,certificate,,1,,5,FALSE,100679,,True,0.044685,901,0.001199
00573-updates-policy-100-both-s131-d10-m1-updates-nibli-r0,updates,100,4.637348,certificate,,2,,5,FALSE,252363,,True,0.170311,1801,0.00238
00573-updates-policy-100-both-s131-d10-m1-updates-nibli-r0,updates,100,2.770788,certificate,,3,,5,TRUE,5072,,True,0.013279,36,0.00035
00573-updates-policy-100-both-s131-d10-m1-updates-nibli-r0,updates,100,4.449675,reassertion,,,,6,,,,,,,
00573-updates-policy-100-both-s131-d10-m1-updates-nibli-r0,updates,100,1.68723,certificate,,0,,6,TRUE,8560,,True,0.018978000000000002,60,0.00041
00573-updates-policy-100-both-s131-d10-m1-updates-nibli-r0,updates,100,2.08274,certificate,,1,,6,FALSE,101239,,True,0.043844999999999995,906,0.00119
00573-updates-policy-100-both-s131-d10-m1-updates-nibli-r0,updates,100,1.943997,certificate,,2,,6,TRUE,8560,,True,0.019548,60,0.00039000000000000005
00573-updates-policy-100-both-s131-d10-m1-updates-nibli-r0,updates,100,2.409737,certificate,,3,,6,FALSE,101239,,True,0.044245,906,0.00137
00573-updates-policy-100-both-s131-d10-m1-updates-nibli-r0,updates,100,316.160792,reopen,,,,7,,,,,,,
00573-updates-policy-100-both-s131-d10-m1-updates-nibli-r0,updates,100,1.7898079999999998,certificate,,0,,7,TRUE,8560,,True,1.333256,60,0.0006
00573-updates-policy-100-both-s131-d10-m1-updates-nibli-r0,updates,100,2.178106,certificate,,1,,7,FALSE,101239,,True,0.042556,906,0.0012490000000000001
00573-updates-policy-100-both-s131-d10-m1-updates-nibli-r0,updates,100,2.0231630000000003,certificate,,2,,7,TRUE,8560,,True,0.019908,60,0.000499
00573-updates-policy-100-both-s131-d10-m1-updates-nibli-r0,updates,100,2.691736,certificate,,3,,7,FALSE,101239,,True,0.044355,906,0.001629
00574-updates-policy-100-both-s131-d10-m1-updates-nibli-r1,updates,100,17.320062,open,,,,,,,,,,,
00574-updates-policy-100-both-s131-d10-m1-updates-nibli-r1,updates,100,402.117537,load,104,,,,,,,,,,
00574-updates-policy-100-both-s131-d10-m1-updates-nibli-r1,updates,100,1.810437,certificate,,0,,0,TRUE,8545,,True,0.052384,60,0.00107
00574-updates-policy-100-both-s131-d10-m1-updates-nibli-r1,updates,100,2.459213,certificate,,1,,0,FALSE,101799,,True,0.043765,911,0.00143
00574-updates-policy-100-both-s131-d10-m1-updates-nibli-r1,updates,100,1.916294,certificate,,2,,0,TRUE,8560,,True,0.019938,60,0.00041
00574-updates-policy-100-both-s131-d10-m1-updates-nibli-r1,updates,100,2.169825,certificate,,3,,0,FALSE,101799,,True,0.044465000000000005,911,0.00161
00574-updates-policy-100-both-s131-d10-m1-updates-nibli-r1,updates,100,2.520576,withdrawal,,,,1,,,,,,,
00574-updates-policy-100-both-s131-d10-m1-updates-nibli-r1,updates,100,3.259723,certificate,,0,,1,TRUE,9043,,True,0.019458,64,0.00042
00574-updates-policy-100-both-s131-d10-m1-updates-nibli-r1,updates,100,2.2340799999999996,certificate,,1,,1,FALSE,101239,,True,0.044005,906,0.00135
00574-updates-policy-100-both-s131-d10-m1-updates-nibli-r1,updates,100,1.9266839999999998,certificate,,2,,1,TRUE,8560,,True,0.020867,60,0.00043
00574-updates-policy-100-both-s131-d10-m1-updates-nibli-r1,updates,100,2.2944720000000003,certificate,,3,,1,FALSE,101239,,True,0.044206,906,0.0012490000000000001
00574-updates-policy-100-both-s131-d10-m1-updates-nibli-r1,updates,100,2.609521,withdrawal,,,,2,,,,,,,
00574-updates-policy-100-both-s131-d10-m1-updates-nibli-r1,updates,100,4.601762,certificate,,0,,2,FALSE,252363,,True,0.10456800000000001,1801,0.00241
00574-updates-policy-100-both-s131-d10-m1-updates-nibli-r1,updates,100,1.419856,certificate,,1,,2,TRUE,5072,,True,0.013029,36,0.00033999999999999997
00574-updates-policy-100-both-s131-d10-m1-updates-nibli-r1,updates,100,1.77438,certificate,,2,,2,TRUE,8560,,True,0.019667999999999998,60,0.00039999999999999996
00574-updates-policy-100-both-s131-d10-m1-updates-nibli-r1,updates,100,2.166576,certificate,,3,,2,FALSE,100679,,True,0.044385,901,0.00126
00574-updates-policy-100-both-s131-d10-m1-updates-nibli-r1,updates,100,3.164319,reassertion,,,,3,,,,,,,
00574-updates-policy-100-both-s131-d10-m1-updates-nibli-r1,updates,100,2.9814809999999996,certificate,,0,,3,TRUE,8560,,True,0.023247,60,0.00042
00574-updates-policy-100-both-s131-d10-m1-updates-nibli-r1,updates,100,4.055269,certificate,,1,,3,FALSE,101239,,True,0.143313,906,0.00134
00574-updates-policy-100-both-s131-d10-m1-updates-nibli-r1,updates,100,2.818504,certificate,,2,,3,TRUE,8560,,True,0.019488000000000002,60,0.000419
00574-updates-policy-100-both-s131-d10-m1-updates-nibli-r1,updates,100,2.834641,certificate,,3,,3,FALSE,101239,,True,0.045235000000000004,906,0.00132
00574-updates-policy-100-both-s131-d10-m1-updates-nibli-r1,updates,100,320.551262,reopen,,,,4,,,,,,,
00574-updates-policy-100-both-s131-d10-m1-updates-nibli-r1,updates,100,1.814616,certificate,,0,,4,TRUE,8560,,True,0.021528000000000002,60,0.00069
00574-updates-policy-100-both-s131-d10-m1-updates-nibli-r1,updates,100,2.438605,certificate,,1,,4,FALSE,101239,,True,0.058113,906,0.00128
00574-updates-policy-100-both-s131-d10-m1-updates-nibli-r1,updates,100,1.720767,certificate,,2,,4,TRUE,8560,,True,0.019996999999999997,60,0.00038
00574-updates-policy-100-both-s131-d10-m1-updates-nibli-r1,updates,100,2.462523,certificate,,3,,4,FALSE,101239,,True,0.056134,906,0.00134
00574-updates-policy-100-both-s131-d10-m1-updates-nibli-r1,updates,100,3.8661049999999997,withdrawal,,,,5,,,,,,,
00574-updates-policy-100-both-s131-d10-m1-updates-nibli-r1,updates,100,2.198303,certificate,,0,,5,TRUE,8560,,True,0.035376000000000005,60,0.00046
00574-updates-policy-100-both-s131-d10-m1-updates-nibli-r1,updates,100,3.076264,certificate,,1,,5,FALSE,100679,,True,0.044985,901,0.00137
00574-updates-policy-100-both-s131-d10-m1-updates-nibli-r1,updates,100,5.999906,certificate,,2,,5,FALSE,252363,,True,0.132875,1801,0.002499
00574-updates-policy-100-both-s131-d10-m1-updates-nibli-r1,updates,100,1.9665979999999998,certificate,,3,,5,TRUE,5072,,True,0.012699,36,0.00037
00574-updates-policy-100-both-s131-d10-m1-updates-nibli-r1,updates,100,3.4509060000000003,reassertion,,,,6,,,,,,,
00574-updates-policy-100-both-s131-d10-m1-updates-nibli-r1,updates,100,1.698129,certificate,,0,,6,TRUE,8560,,True,0.019327999999999998,60,0.00047
00574-updates-policy-100-both-s131-d10-m1-updates-nibli-r1,updates,100,2.087036,certificate,,1,,6,FALSE,101239,,True,0.042895,906,0.0012300000000000002
00574-updates-policy-100-both-s131-d10-m1-updates-nibli-r1,updates,100,1.649064,certificate,,2,,6,TRUE,8560,,True,0.019368000000000003,60,0.00039000000000000005
00574-updates-policy-100-both-s131-d10-m1-updates-nibli-r1,updates,100,1.891148,certificate,,3,,6,FALSE,101239,,True,0.042696,906,0.001209
00574-updates-policy-100-both-s131-d10-m1-updates-nibli-r1,updates,100,313.078983,reopen,,,,7,,,,,,,
00574-updates-policy-100-both-s131-d10-m1-updates-nibli-r1,updates,100,1.9891359999999998,certificate,,0,,7,TRUE,8560,,True,0.021558,60,0.00047999999999999996
00574-updates-policy-100-both-s131-d10-m1-updates-nibli-r1,updates,100,2.21856,certificate,,1,,7,FALSE,101239,,True,0.043725,906,0.00124
00574-updates-policy-100-both-s131-d10-m1-updates-nibli-r1,updates,100,1.7299049999999998,certificate,,2,,7,TRUE,8560,,True,0.019728000000000002,60,0.00037
00574-updates-policy-100-both-s131-d10-m1-updates-nibli-r1,updates,100,1.995845,certificate,,3,,7,FALSE,101239,,True,0.043414999999999995,906,0.0012100000000000001
00575-updates-policy-100-both-s131-d10-m1-updates-nibli-r2,updates,100,12.199537999999999,open,,,,,,,,,,,
00575-updates-policy-100-both-s131-d10-m1-updates-nibli-r2,updates,100,385.900237,load,104,,,,,,,,,,
00575-updates-policy-100-both-s131-d10-m1-updates-nibli-r2,updates,100,1.7644410000000001,certificate,,0,,0,TRUE,8545,,True,0.022478,60,0.0007800000000000001
00575-updates-policy-100-both-s131-d10-m1-updates-nibli-r2,updates,100,2.209242,certificate,,1,,0,FALSE,101799,,True,0.042824999999999995,911,0.0014399999999999999
00575-updates-policy-100-both-s131-d10-m1-updates-nibli-r2,updates,100,1.650295,certificate,,2,,0,TRUE,8560,,True,0.020107,60,0.00039999999999999996
00575-updates-policy-100-both-s131-d10-m1-updates-nibli-r2,updates,100,1.9121050000000002,certificate,,3,,0,FALSE,101799,,True,0.042135000000000006,911,0.0012699999999999999
00575-updates-policy-100-both-s131-d10-m1-updates-nibli-r2,updates,100,2.4058230000000003,withdrawal,,,,1,,,,,,,
00575-updates-policy-100-both-s131-d10-m1-updates-nibli-r2,updates,100,4.799246,certificate,,0,,1,TRUE,9043,,True,0.018987999999999998,64,0.00041
00575-updates-policy-100-both-s131-d10-m1-updates-nibli-r2,updates,100,2.5448250000000003,certificate,,1,,1,FALSE,101239,,True,0.052265,906,0.001339
00575-updates-policy-100-both-s131-d10-m1-updates-nibli-r2,updates,100,1.7367050000000002,certificate,,2,,1,TRUE,8560,,True,0.018848,60,0.00035
00575-updates-policy-100-both-s131-d10-m1-updates-nibli-r2,updates,100,1.942512,certificate,,3,,1,FALSE,101239,,True,0.043186,906,0.001259
00575-updates-policy-100-both-s131-d10-m1-updates-nibli-r2,updates,100,2.757074,withdrawal,,,,2,,,,,,,
00575-updates-policy-100-both-s131-d10-m1-updates-nibli-r2,updates,100,4.682874,certificate,,0,,2,FALSE,252363,,True,0.17494,1801,0.00244
00575-updates-policy-100-both-s131-d10-m1-updates-nibli-r2,updates,100,1.2164929999999998,certificate,,1,,2,TRUE,5072,,True,0.013019000000000001,36,0.00033
00575-updates-policy-100-both-s131-d10-m1-updates-nibli-r2,updates,100,1.77692,certificate,,2,,2,TRUE,8560,,True,0.019638,60,0.00043
00575-updates-policy-100-both-s131-d10-m1-updates-nibli-r2,updates,100,2.0240620000000002,certificate,,3,,2,FALSE,100679,,True,0.045165,901,0.00128
00575-updates-policy-100-both-s131-d10-m1-updates-nibli-r2,updates,100,3.090477,reassertion,,,,3,,,,,,,
00575-updates-policy-100-both-s131-d10-m1-updates-nibli-r2,updates,100,1.771241,certificate,,0,,3,TRUE,8560,,True,0.019718,60,0.00038
00575-updates-policy-100-both-s131-d10-m1-updates-nibli-r2,updates,100,2.139485,certificate,,1,,3,FALSE,101239,,True,0.043754999999999995,906,0.001269
00575-updates-policy-100-both-s131-d10-m1-updates-nibli-r2,updates,100,1.756337,certificate,,2,,3,TRUE,8560,,True,0.022397,60,0.00042
00575-updates-policy-100-both-s131-d10-m1-updates-nibli-r2,updates,100,2.210603,certificate,,3,,3,FALSE,101239,,True,0.044275,906,0.00124
00575-updates-policy-100-both-s131-d10-m1-updates-nibli-r2,updates,100,331.31003799999996,reopen,,,,4,,,,,,,
00575-updates-policy-100-both-s131-d10-m1-updates-nibli-r2,updates,100,1.792888,certificate,,0,,4,TRUE,8560,,True,0.020857,60,0.00055
00575-updates-policy-100-both-s131-d10-m1-updates-nibli-r2,updates,100,2.369693,certificate,,1,,4,FALSE,101239,,True,0.044325,906,0.0014190000000000001
00575-updates-policy-100-both-s131-d10-m1-updates-nibli-r2,updates,100,1.719637,certificate,,2,,4,TRUE,8560,,True,0.027625999999999998,60,0.00041
00575-updates-policy-100-both-s131-d10-m1-updates-nibli-r2,updates,100,1.9847010000000003,certificate,,3,,4,FALSE,101239,,True,0.043245,906,0.00125
00575-updates-policy-100-both-s131-d10-m1-updates-nibli-r2,updates,100,3.8958869999999997,withdrawal,,,,5,,,,,,,
00575-updates-policy-100-both-s131-d10-m1-updates-nibli-r2,updates,100,1.95639,certificate,,0,,5,TRUE,8560,,True,0.043955,60,0.00039999999999999996
00575-updates-policy-100-both-s131-d10-m1-updates-nibli-r2,updates,100,2.351269,certificate,,1,,5,FALSE,100679,,True,0.043495000000000006,901,0.0012699999999999999
00575-updates-policy-100-both-s131-d10-m1-updates-nibli-r2,updates,100,5.146487,certificate,,2,,5,FALSE,252363,,True,0.127735,1801,0.00251
00575-updates-policy-100-both-s131-d10-m1-updates-nibli-r2,updates,100,1.1730079999999998,certificate,,3,,5,TRUE,5072,,True,0.012478,36,0.00033
00575-updates-policy-100-both-s131-d10-m1-updates-nibli-r2,updates,100,3.1351370000000003,reassertion,,,,6,,,,,,,
00575-updates-policy-100-both-s131-d10-m1-updates-nibli-r2,updates,100,1.7721,certificate,,0,,6,TRUE,8560,,True,0.020358,60,0.00037
00575-updates-policy-100-both-s131-d10-m1-updates-nibli-r2,updates,100,2.148268,certificate,,1,,6,FALSE,101239,,True,0.052744,906,0.0012300000000000002
00575-updates-policy-100-both-s131-d10-m1-updates-nibli-r2,updates,100,1.8092270000000001,certificate,,2,,6,TRUE,8560,,True,0.029957,60,0.00039000000000000005
00575-updates-policy-100-both-s131-d10-m1-updates-nibli-r2,updates,100,2.069717,certificate,,3,,6,FALSE,101239,,True,0.044295,906,0.00132
00575-updates-policy-100-both-s131-d10-m1-updates-nibli-r2,updates,100,332.732937,reopen,,,,7,,,,,,,
00575-updates-policy-100-both-s131-d10-m1-updates-nibli-r2,updates,100,1.851377,certificate,,0,,7,TRUE,8560,,True,0.022317999999999998,60,0.00065
00575-updates-policy-100-both-s131-d10-m1-updates-nibli-r2,updates,100,2.445075,certificate,,1,,7,FALSE,101239,,True,0.047005,906,0.00132
00575-updates-policy-100-both-s131-d10-m1-updates-nibli-r2,updates,100,2.0684169999999997,certificate,,2,,7,TRUE,8560,,True,0.031377,60,0.00044
00575-updates-policy-100-both-s131-d10-m1-updates-nibli-r2,updates,100,2.5191760000000003,certificate,,3,,7,FALSE,101239,,True,0.063813,906,0.00148
00577-bounds-policy-100-both-s131-d20-m0-verdict-nibli-r0,bounds,100,0.036166,open,,,,,,,,,,,
00577-bounds-policy-100-both-s131-d20-m0-verdict-nibli-r0,bounds,100,53.923365000000004,load,103,,,,,,,,,,
00577-bounds-policy-100-both-s131-d20-m0-verdict-nibli-r0,bounds,100,1052.324116,query,,0,False,0,FALSE,,,,,,
00577-bounds-policy-100-both-s131-d20-m0-verdict-nibli-r0,bounds,100,2553.1126639999998,query,,1,True,0,TRUE,,,,,,
00578-bounds-policy-100-both-s131-d20-m0-verdict-nibli-r1,bounds,100,0.031566000000000004,open,,,,,,,,,,,
00578-bounds-policy-100-both-s131-d20-m0-verdict-nibli-r1,bounds,100,45.827735000000004,load,103,,,,,,,,,,
00578-bounds-policy-100-both-s131-d20-m0-verdict-nibli-r1,bounds,100,932.613937,query,,0,False,0,FALSE,,,,,,
00578-bounds-policy-100-both-s131-d20-m0-verdict-nibli-r1,bounds,100,2555.354899,query,,1,True,0,TRUE,,,,,,
00579-bounds-policy-100-both-s131-d20-m0-verdict-nibli-r2,bounds,100,0.028377,open,,,,,,,,,,,
00579-bounds-policy-100-both-s131-d20-m0-verdict-nibli-r2,bounds,100,45.197892,load,103,,,,,,,,,,
00579-bounds-policy-100-both-s131-d20-m0-verdict-nibli-r2,bounds,100,921.755335,query,,0,False,0,FALSE,,,,,,
00579-bounds-policy-100-both-s131-d20-m0-verdict-nibli-r2,bounds,100,2578.729193,query,,1,True,0,TRUE,,,,,,
00581-evidence-policy-1000-both-s47-d10-m1-certificate-nibli-r0,evidence,1000,0.028047000000000002,open,,,,,,,,,,,
00581-evidence-policy-1000-both-s47-d10-m1-certificate-nibli-r0,evidence,1000,3884.509156,load,975,,,,,,,,,,
00581-evidence-policy-1000-both-s47-d10-m1-certificate-nibli-r0,evidence,1000,60.622116,certificate,,0,,0,FALSE,961899,,True,0.6926429999999999,8536,0.021887
00581-evidence-policy-1000-both-s47-d10-m1-certificate-nibli-r0,evidence,1000,16.742162,certificate,,1,,0,TRUE,5102,,True,0.014419,36,0.00045
00582-evidence-policy-1000-both-s47-d10-m1-certificate-nibli-r1,evidence,1000,0.038745,open,,,,,,,,,,,
00582-evidence-policy-1000-both-s47-d10-m1-certificate-nibli-r1,evidence,1000,3879.9847229999996,load,975,,,,,,,,,,
00582-evidence-policy-1000-both-s47-d10-m1-certificate-nibli-r1,evidence,1000,59.099999,certificate,,0,,0,FALSE,961899,,True,0.386547,8536,0.016398000000000003
00582-evidence-policy-1000-both-s47-d10-m1-certificate-nibli-r1,evidence,1000,16.56405,certificate,,1,,0,TRUE,5102,,True,0.011809,36,0.000569
00583-evidence-policy-1000-both-s47-d10-m1-certificate-nibli-r2,evidence,1000,0.027076999999999997,open,,,,,,,,,,,
00583-evidence-policy-1000-both-s47-d10-m1-certificate-nibli-r2,evidence,1000,3893.768362,load,975,,,,,,,,,,
00583-evidence-policy-1000-both-s47-d10-m1-certificate-nibli-r2,evidence,1000,63.67687599999999,certificate,,0,,0,FALSE,961899,,True,0.7097950000000001,8536,0.049030000000000004
00583-evidence-policy-1000-both-s47-d10-m1-certificate-nibli-r2,evidence,1000,17.845606,certificate,,1,,0,TRUE,5102,,True,0.013578,36,0.00055
00585-bounds-chain-8-forward-s11-d2-m1-verdict-nibli-r0,bounds,8,0.027957,open,,,,,,,,,,,
00585-bounds-chain-8-forward-s11-d2-m1-verdict-nibli-r0,bounds,8,0.62459,load,9,,,,,,,,,,
00585-bounds-chain-8-forward-s11-d2-m1-verdict-nibli-r0,bounds,8,638.271754,query,,0,True,0,TRUE,,,,,,
00586-bounds-chain-8-forward-s11-d2-m1-verdict-nibli-r1,bounds,8,0.027677,open,,,,,,,,,,,
00586-bounds-chain-8-forward-s11-d2-m1-verdict-nibli-r1,bounds,8,0.5448780000000001,load,9,,,,,,,,,,
00586-bounds-chain-8-forward-s11-d2-m1-verdict-nibli-r1,bounds,8,674.873326,query,,0,True,0,TRUE,,,,,,
00587-bounds-chain-8-forward-s11-d2-m1-verdict-nibli-r2,bounds,8,0.027267000000000003,open,,,,,,,,,,,
00587-bounds-chain-8-forward-s11-d2-m1-verdict-nibli-r2,bounds,8,0.53309,load,9,,,,,,,,,,
00587-bounds-chain-8-forward-s11-d2-m1-verdict-nibli-r2,bounds,8,629.4818909999999,query,,0,True,0,TRUE,,,,,,
00589-bounds-chain-8-forward-s83-d10-m1-verdict-nibli-r0,bounds,8,0.028447,open,,,,,,,,,,,
00589-bounds-chain-8-forward-s83-d10-m1-verdict-nibli-r0,bounds,8,0.543628,load,9,,,,,,,,,,
00589-bounds-chain-8-forward-s83-d10-m1-verdict-nibli-r0,bounds,8,3560.64934,query,,0,True,0,TRUE,,,,,,
00590-bounds-chain-8-forward-s83-d10-m1-verdict-nibli-r1,bounds,8,0.029056000000000002,open,,,,,,,,,,,
00590-bounds-chain-8-forward-s83-d10-m1-verdict-nibli-r1,bounds,8,0.5981219999999999,load,9,,,,,,,,,,
00590-bounds-chain-8-forward-s83-d10-m1-verdict-nibli-r1,bounds,8,3621.1038320000002,query,,0,True,0,TRUE,,,,,,
00591-bounds-chain-8-forward-s83-d10-m1-verdict-nibli-r2,bounds,8,0.027477,open,,,,,,,,,,,
00591-bounds-chain-8-forward-s83-d10-m1-verdict-nibli-r2,bounds,8,0.5405190000000001,load,9,,,,,,,,,,
00591-bounds-chain-8-forward-s83-d10-m1-verdict-nibli-r2,bounds,8,3653.82104,query,,0,True,0,TRUE,,,,,,
00593-bounds-chain-8-backward-s47-d5-m1-verdict-nibli-r0,bounds,8,0.027697,open,,,,,,,,,,,
00593-bounds-chain-8-backward-s47-d5-m1-verdict-nibli-r0,bounds,8,0.486135,load,9,,,,,,,,,,
00593-bounds-chain-8-backward-s47-d5-m1-verdict-nibli-r0,bounds,8,29.835181,query,,0,False,0,FALSE,,,,,,
00594-bounds-chain-8-backward-s47-d5-m1-verdict-nibli-r1,bounds,8,0.024828,open,,,,,,,,,,,
00594-bounds-chain-8-backward-s47-d5-m1-verdict-nibli-r1,bounds,8,0.53051,load,9,,,,,,,,,,
00594-bounds-chain-8-backward-s47-d5-m1-verdict-nibli-r1,bounds,8,29.398335,query,,0,False,0,FALSE,,,,,,
00595-bounds-chain-8-backward-s47-d5-m1-verdict-nibli-r2,bounds,8,0.025847,open,,,,,,,,,,,
00595-bounds-chain-8-backward-s47-d5-m1-verdict-nibli-r2,bounds,8,0.484296,load,9,,,,,,,,,,
00595-bounds-chain-8-backward-s47-d5-m1-verdict-nibli-r2,bounds,8,28.145125,query,,0,False,0,FALSE,,,,,,
00597-bounds-policy-100-both-s131-d5-m0-verdict-nibli-r0,bounds,100,0.040796,open,,,,,,,,,,,
00597-bounds-policy-100-both-s131-d5-m0-verdict-nibli-r0,bounds,100,59.688571,load,103,,,,,,,,,,
00597-bounds-policy-100-both-s131-d5-m0-verdict-nibli-r0,bounds,100,985.628263,query,,0,False,0,FALSE,,,,,,
00597-bounds-policy-100-both-s131-d5-m0-verdict-nibli-r0,bounds,100,2692.896362,query,,1,True,0,TRUE,,,,,,
00598-bounds-policy-100-both-s131-d5-m0-verdict-nibli-r1,bounds,100,0.029527,open,,,,,,,,,,,
00598-bounds-policy-100-both-s131-d5-m0-verdict-nibli-r1,bounds,100,45.431611,load,103,,,,,,,,,,
00598-bounds-policy-100-both-s131-d5-m0-verdict-nibli-r1,bounds,100,935.233434,query,,0,False,0,FALSE,,,,,,
00598-bounds-policy-100-both-s131-d5-m0-verdict-nibli-r1,bounds,100,2584.795663,query,,1,True,0,TRUE,,,,,,
00599-bounds-policy-100-both-s131-d5-m0-verdict-nibli-r2,bounds,100,0.036816,open,,,,,,,,,,,
00599-bounds-policy-100-both-s131-d5-m0-verdict-nibli-r2,bounds,100,70.192284,load,103,,,,,,,,,,
00599-bounds-policy-100-both-s131-d5-m0-verdict-nibli-r2,bounds,100,929.044533,query,,0,False,0,FALSE,,,,,,
00599-bounds-policy-100-both-s131-d5-m0-verdict-nibli-r2,bounds,100,2891.196469,query,,1,True,0,TRUE,,,,,,
00601-bounds-chain-8-backward-s47-d20-m1-verdict-nibli-r0,bounds,8,0.026267000000000002,open,,,,,,,,,,,
00601-bounds-chain-8-backward-s47-d20-m1-verdict-nibli-r0,bounds,8,0.649157,load,9,,,,,,,,,,
00601-bounds-chain-8-backward-s47-d20-m1-verdict-nibli-r0,bounds,8,29.63342,query,,0,False,0,FALSE,,,,,,
00602-bounds-chain-8-backward-s47-d20-m1-verdict-nibli-r1,bounds,8,0.025927000000000002,open,,,,,,,,,,,
00602-bounds-chain-8-backward-s47-d20-m1-verdict-nibli-r1,bounds,8,0.512083,load,9,,,,,,,,,,
00602-bounds-chain-8-backward-s47-d20-m1-verdict-nibli-r1,bounds,8,28.004801999999998,query,,0,False,0,FALSE,,,,,,
00603-bounds-chain-8-backward-s47-d20-m1-verdict-nibli-r2,bounds,8,0.028617,open,,,,,,,,,,,
00603-bounds-chain-8-backward-s47-d20-m1-verdict-nibli-r2,bounds,8,0.549359,load,9,,,,,,,,,,
00603-bounds-chain-8-backward-s47-d20-m1-verdict-nibli-r2,bounds,8,28.509392000000002,query,,0,False,0,FALSE,,,,,,
00608-comparison-policy-1000-both-s47-d10-m1-verdict-nibli-r0,comparison,1000,0.040985999999999995,open,,,,,,,,,,,
00608-comparison-policy-1000-both-s47-d10-m1-verdict-nibli-r0,comparison,1000,3826.7574369999998,load,975,,,,,,,,,,
00608-comparison-policy-1000-both-s47-d10-m1-verdict-nibli-r0,comparison,1000,1.87123,query,,0,False,0,FALSE,,,,,,
00608-comparison-policy-1000-both-s47-d10-m1-verdict-nibli-r0,comparison,1000,0.031806,query,,1,True,0,TRUE,,,,,,
00612-comparison-policy-1000-both-s47-d10-m1-verdict-nibli-r1,comparison,1000,0.034026,open,,,,,,,,,,,
00612-comparison-policy-1000-both-s47-d10-m1-verdict-nibli-r1,comparison,1000,3941.642882,load,975,,,,,,,,,,
00612-comparison-policy-1000-both-s47-d10-m1-verdict-nibli-r1,comparison,1000,1.917484,query,,0,False,0,FALSE,,,,,,
00612-comparison-policy-1000-both-s47-d10-m1-verdict-nibli-r1,comparison,1000,0.032956,query,,1,True,0,TRUE,,,,,,
00613-comparison-policy-1000-both-s47-d10-m1-verdict-nibli-r2,comparison,1000,0.060983,open,,,,,,,,,,,
00613-comparison-policy-1000-both-s47-d10-m1-verdict-nibli-r2,comparison,1000,4058.0272620000005,load,975,,,,,,,,,,
00613-comparison-policy-1000-both-s47-d10-m1-verdict-nibli-r2,comparison,1000,1.9808379999999999,query,,0,False,0,FALSE,,,,,,
00613-comparison-policy-1000-both-s47-d10-m1-verdict-nibli-r2,comparison,1000,0.034126,query,,1,True,0,TRUE,,,,,,
00620-comparison-policy-100-both-s131-d10-m1-verdict-nibli-r0,comparison,100,0.025547,open,,,,,,,,,,,
00620-comparison-policy-100-both-s131-d10-m1-verdict-nibli-r0,comparison,100,44.951851,load,103,,,,,,,,,,
00620-comparison-policy-100-both-s131-d10-m1-verdict-nibli-r0,comparison,100,0.324703,query,,0,False,0,FALSE,,,,,,
00620-comparison-policy-100-both-s131-d10-m1-verdict-nibli-r0,comparison,100,0.014698000000000001,query,,1,True,0,TRUE,,,,,,
00623-comparison-policy-100-both-s131-d10-m1-verdict-nibli-r1,comparison,100,0.025977,open,,,,,,,,,,,
00623-comparison-policy-100-both-s131-d10-m1-verdict-nibli-r1,comparison,100,44.404842,load,103,,,,,,,,,,
00623-comparison-policy-100-both-s131-d10-m1-verdict-nibli-r1,comparison,100,0.323544,query,,0,False,0,FALSE,,,,,,
00623-comparison-policy-100-both-s131-d10-m1-verdict-nibli-r1,comparison,100,0.043785000000000004,query,,1,True,0,TRUE,,,,,,
00627-comparison-policy-100-both-s131-d10-m1-verdict-nibli-r2,comparison,100,0.026667,open,,,,,,,,,,,
00627-comparison-policy-100-both-s131-d10-m1-verdict-nibli-r2,comparison,100,43.942037000000006,load,103,,,,,,,,,,
00627-comparison-policy-100-both-s131-d10-m1-verdict-nibli-r2,comparison,100,0.578055,query,,0,False,0,FALSE,,,,,,
00627-comparison-policy-100-both-s131-d10-m1-verdict-nibli-r2,comparison,100,0.033395999999999995,query,,1,True,0,TRUE,,,,,,
00629-bounds-chain-8-backward-s83-d20-m0-verdict-nibli-r0,bounds,8,0.026837,open,,,,,,,,,,,
00629-bounds-chain-8-backward-s83-d20-m0-verdict-nibli-r0,bounds,8,0.49431400000000003,load,9,,,,,,,,,,
00629-bounds-chain-8-backward-s83-d20-m0-verdict-nibli-r0,bounds,8,33.879261,query,,0,False,0,FALSE,,,,,,
00630-bounds-chain-8-backward-s83-d20-m0-verdict-nibli-r1,bounds,8,0.028317,open,,,,,,,,,,,
00630-bounds-chain-8-backward-s83-d20-m0-verdict-nibli-r1,bounds,8,0.711361,load,9,,,,,,,,,,
00630-bounds-chain-8-backward-s83-d20-m0-verdict-nibli-r1,bounds,8,32.426725000000005,query,,0,False,0,FALSE,,,,,,
00631-bounds-chain-8-backward-s83-d20-m0-verdict-nibli-r2,bounds,8,0.026607000000000002,open,,,,,,,,,,,
00631-bounds-chain-8-backward-s83-d20-m0-verdict-nibli-r2,bounds,8,0.49356400000000006,load,9,,,,,,,,,,
00631-bounds-chain-8-backward-s83-d20-m0-verdict-nibli-r2,bounds,8,30.952911,query,,0,False,0,FALSE,,,,,,
00633-bounds-policy-100-both-s23-d20-m1-verdict-nibli-r0,bounds,100,0.031487,open,,,,,,,,,,,
00633-bounds-policy-100-both-s23-d20-m1-verdict-nibli-r0,bounds,100,43.396831,load,100,,,,,,,,,,
00633-bounds-policy-100-both-s23-d20-m1-verdict-nibli-r0,bounds,100,0.31930400000000003,query,,0,False,0,FALSE,,,,,,
00633-bounds-policy-100-both-s23-d20-m1-verdict-nibli-r0,bounds,100,0.015308,query,,1,True,0,TRUE,,,,,,
00634-bounds-policy-100-both-s23-d20-m1-verdict-nibli-r1,bounds,100,0.027416999999999997,open,,,,,,,,,,,
00634-bounds-policy-100-both-s23-d20-m1-verdict-nibli-r1,bounds,100,42.33649200000001,load,100,,,,,,,,,,
00634-bounds-policy-100-both-s23-d20-m1-verdict-nibli-r1,bounds,100,0.33084199999999997,query,,0,False,0,FALSE,,,,,,
00634-bounds-policy-100-both-s23-d20-m1-verdict-nibli-r1,bounds,100,0.015767999999999997,query,,1,True,0,TRUE,,,,,,
00635-bounds-policy-100-both-s23-d20-m1-verdict-nibli-r2,bounds,100,0.034036,open,,,,,,,,,,,
00635-bounds-policy-100-both-s23-d20-m1-verdict-nibli-r2,bounds,100,45.222759,load,100,,,,,,,,,,
00635-bounds-policy-100-both-s23-d20-m1-verdict-nibli-r2,bounds,100,0.362545,query,,0,False,0,FALSE,,,,,,
00635-bounds-policy-100-both-s23-d20-m1-verdict-nibli-r2,bounds,100,0.033097,query,,1,True,0,TRUE,,,,,,
00637-bounds-policy-100-both-s83-d5-m0-verdict-nibli-r0,bounds,100,0.028057,open,,,,,,,,,,,
00637-bounds-policy-100-both-s83-d5-m0-verdict-nibli-r0,bounds,100,43.713166,load,101,,,,,,,,,,
00637-bounds-policy-100-both-s83-d5-m0-verdict-nibli-r0,bounds,100,928.357693,query,,0,False,0,FALSE,,,,,,
00637-bounds-policy-100-both-s83-d5-m0-verdict-nibli-r0,bounds,100,2547.534613,query,,1,True,0,TRUE,,,,,,
00638-bounds-policy-100-both-s83-d5-m0-verdict-nibli-r1,bounds,100,0.034616,open,,,,,,,,,,,
00638-bounds-policy-100-both-s83-d5-m0-verdict-nibli-r1,bounds,100,43.829267,load,101,,,,,,,,,,
00638-bounds-policy-100-both-s83-d5-m0-verdict-nibli-r1,bounds,100,904.670134,query,,0,False,0,FALSE,,,,,,
00638-bounds-policy-100-both-s83-d5-m0-verdict-nibli-r1,bounds,100,2460.9092929999997,query,,1,True,0,TRUE,,,,,,
00639-bounds-policy-100-both-s83-d5-m0-verdict-nibli-r2,bounds,100,0.031507,open,,,,,,,,,,,
00639-bounds-policy-100-both-s83-d5-m0-verdict-nibli-r2,bounds,100,41.154679,load,101,,,,,,,,,,
00639-bounds-policy-100-both-s83-d5-m0-verdict-nibli-r2,bounds,100,880.390256,query,,0,False,0,FALSE,,,,,,
00639-bounds-policy-100-both-s83-d5-m0-verdict-nibli-r2,bounds,100,2618.987402,query,,1,True,0,TRUE,,,,,,
00641-bounds-chain-8-forward-s23-d20-m0-verdict-nibli-r0,bounds,8,0.026487,open,,,,,,,,,,,
00641-bounds-chain-8-forward-s23-d20-m0-verdict-nibli-r0,bounds,8,0.596962,load,9,,,,,,,,,,
00641-bounds-chain-8-forward-s23-d20-m0-verdict-nibli-r0,bounds,8,6742.656685,query,,0,True,0,TRUE,,,,,,
00642-bounds-chain-8-forward-s23-d20-m0-verdict-nibli-r1,bounds,8,0.027277,open,,,,,,,,,,,
00642-bounds-chain-8-forward-s23-d20-m0-verdict-nibli-r1,bounds,8,0.5354300000000001,load,9,,,,,,,,,,
00642-bounds-chain-8-forward-s23-d20-m0-verdict-nibli-r1,bounds,8,6609.077789999999,query,,0,True,0,TRUE,,,,,,
00643-bounds-chain-8-forward-s23-d20-m0-verdict-nibli-r2,bounds,8,0.028827000000000002,open,,,,,,,,,,,
00643-bounds-chain-8-forward-s23-d20-m0-verdict-nibli-r2,bounds,8,0.536439,load,9,,,,,,,,,,
00643-bounds-chain-8-forward-s23-d20-m0-verdict-nibli-r2,bounds,8,7038.338787,query,,0,True,0,TRUE,,,,,,
00645-bounds-chain-8-forward-s23-d5-m1-verdict-nibli-r0,bounds,8,0.026727,open,,,,,,,,,,,
00645-bounds-chain-8-forward-s23-d5-m1-verdict-nibli-r0,bounds,8,0.5396799999999999,load,9,,,,,,,,,,
00645-bounds-chain-8-forward-s23-d5-m1-verdict-nibli-r0,bounds,8,6652.378213000001,query,,0,True,0,TRUE,,,,,,
00646-bounds-chain-8-forward-s23-d5-m1-verdict-nibli-r1,bounds,8,0.026867,open,,,,,,,,,,,
00646-bounds-chain-8-forward-s23-d5-m1-verdict-nibli-r1,bounds,8,0.53229,load,9,,,,,,,,,,
00646-bounds-chain-8-forward-s23-d5-m1-verdict-nibli-r1,bounds,8,6726.480349,query,,0,True,0,TRUE,,,,,,
00647-bounds-chain-8-forward-s23-d5-m1-verdict-nibli-r2,bounds,8,0.028076999999999998,open,,,,,,,,,,,
00647-bounds-chain-8-forward-s23-d5-m1-verdict-nibli-r2,bounds,8,0.539489,load,9,,,,,,,,,,
00647-bounds-chain-8-forward-s23-d5-m1-verdict-nibli-r2,bounds,8,6529.223618999999,query,,0,True,0,TRUE,,,,,,
00649-bounds-policy-100-both-s23-d2-m0-verdict-nibli-r0,bounds,100,0.028707,open,,,,,,,,,,,
00649-bounds-policy-100-both-s23-d2-m0-verdict-nibli-r0,bounds,100,42.141548,load,100,,,,,,,,,,
00649-bounds-policy-100-both-s23-d2-m0-verdict-nibli-r0,bounds,100,900.72664,query,,0,False,0,FALSE,,,,,,
00649-bounds-policy-100-both-s23-d2-m0-verdict-nibli-r0,bounds,100,2567.636398,query,,1,True,0,TRUE,,,,,,
00650-bounds-policy-100-both-s23-d2-m0-verdict-nibli-r1,bounds,100,0.028917,open,,,,,,,,,,,
00650-bounds-policy-100-both-s23-d2-m0-verdict-nibli-r1,bounds,100,41.849149000000004,load,100,,,,,,,,,,
00650-bounds-policy-100-both-s23-d2-m0-verdict-nibli-r1,bounds,100,930.646655,query,,0,False,0,FALSE,,,,,,
00650-bounds-policy-100-both-s23-d2-m0-verdict-nibli-r1,bounds,100,2541.49439,query,,1,True,0,TRUE,,,,,,
00651-bounds-policy-100-both-s23-d2-m0-verdict-nibli-r2,bounds,100,0.028867,open,,,,,,,,,,,
00651-bounds-policy-100-both-s23-d2-m0-verdict-nibli-r2,bounds,100,44.952354,load,100,,,,,,,,,,
00651-bounds-policy-100-both-s23-d2-m0-verdict-nibli-r2,bounds,100,891.149318,query,,0,False,0,FALSE,,,,,,
00651-bounds-policy-100-both-s23-d2-m0-verdict-nibli-r2,bounds,100,2419.78392,query,,1,True,0,TRUE,,,,,,
00653-bounds-chain-8-backward-s131-d10-m1-verdict-nibli-r0,bounds,8,0.026376999999999998,open,,,,,,,,,,,
00653-bounds-chain-8-backward-s131-d10-m1-verdict-nibli-r0,bounds,8,0.523081,load,9,,,,,,,,,,
00653-bounds-chain-8-backward-s131-d10-m1-verdict-nibli-r0,bounds,8,28.395079,query,,0,False,0,FALSE,,,,,,
00654-bounds-chain-8-backward-s131-d10-m1-verdict-nibli-r1,bounds,8,0.026337,open,,,,,,,,,,,
00654-bounds-chain-8-backward-s131-d10-m1-verdict-nibli-r1,bounds,8,0.516742,load,9,,,,,,,,,,
00654-bounds-chain-8-backward-s131-d10-m1-verdict-nibli-r1,bounds,8,31.422467,query,,0,False,0,FALSE,,,,,,
00655-bounds-chain-8-backward-s131-d10-m1-verdict-nibli-r2,bounds,8,0.027167,open,,,,,,,,,,,
00655-bounds-chain-8-backward-s131-d10-m1-verdict-nibli-r2,bounds,8,0.805449,load,9,,,,,,,,,,
00655-bounds-chain-8-backward-s131-d10-m1-verdict-nibli-r2,bounds,8,29.116206,query,,0,False,0,FALSE,,,,,,
00657-bounds-policy-100-both-s11-d2-m0-verdict-nibli-r0,bounds,100,0.032207,open,,,,,,,,,,,
00657-bounds-policy-100-both-s11-d2-m0-verdict-nibli-r0,bounds,100,48.289891000000004,load,102,,,,,,,,,,
00657-bounds-policy-100-both-s11-d2-m0-verdict-nibli-r0,bounds,100,886.670981,query,,0,False,0,FALSE,,,,,,
00657-bounds-policy-100-both-s11-d2-m0-verdict-nibli-r0,bounds,100,2503.151112,query,,1,True,0,TRUE,,,,,,
00658-bounds-policy-100-both-s11-d2-m0-verdict-nibli-r1,bounds,100,0.027797000000000002,open,,,,,,,,,,,
00658-bounds-policy-100-both-s11-d2-m0-verdict-nibli-r1,bounds,100,43.477957999999994,load,102,,,,,,,,,,
00658-bounds-policy-100-both-s11-d2-m0-verdict-nibli-r1,bounds,100,874.400888,query,,0,False,0,FALSE,,,,,,
00658-bounds-policy-100-both-s11-d2-m0-verdict-nibli-r1,bounds,100,2625.8048679999997,query,,1,True,0,TRUE,,,,,,
00659-bounds-policy-100-both-s11-d2-m0-verdict-nibli-r2,bounds,100,0.033596,open,,,,,,,,,,,
00659-bounds-policy-100-both-s11-d2-m0-verdict-nibli-r2,bounds,100,44.603564999999996,load,102,,,,,,,,,,
00659-bounds-policy-100-both-s11-d2-m0-verdict-nibli-r2,bounds,100,895.005187,query,,0,False,0,FALSE,,,,,,
00659-bounds-policy-100-both-s11-d2-m0-verdict-nibli-r2,bounds,100,2510.310893,query,,1,True,0,TRUE,,,,,,
00663-comparison-chain-32-backward-s83-d10-m1-verdict-nibli-r0,comparison,32,0.026567,open,,,,,,,,,,,
00663-comparison-chain-32-backward-s83-d10-m1-verdict-nibli-r0,comparison,32,3.374086,load,33,,,,,,,,,,
00663-comparison-chain-32-backward-s83-d10-m1-verdict-nibli-r0,comparison,32,1650.278066,query,,0,False,0,FALSE,,,,,,
00668-comparison-chain-32-backward-s83-d10-m1-verdict-nibli-r1,comparison,32,0.027277,open,,,,,,,,,,,
00668-comparison-chain-32-backward-s83-d10-m1-verdict-nibli-r1,comparison,32,3.284741,load,33,,,,,,,,,,
00668-comparison-chain-32-backward-s83-d10-m1-verdict-nibli-r1,comparison,32,1665.594515,query,,0,False,0,FALSE,,,,,,
00670-comparison-chain-32-backward-s83-d10-m1-verdict-nibli-r2,comparison,32,0.026667,open,,,,,,,,,,,
00670-comparison-chain-32-backward-s83-d10-m1-verdict-nibli-r2,comparison,32,3.873809,load,33,,,,,,,,,,
00670-comparison-chain-32-backward-s83-d10-m1-verdict-nibli-r2,comparison,32,1738.002578,query,,0,False,0,FALSE,,,,,,
00675-comparison-chain-16-backward-s23-d10-m1-verdict-nibli-r0,comparison,16,0.028297,open,,,,,,,,,,,
00675-comparison-chain-16-backward-s23-d10-m1-verdict-nibli-r0,comparison,16,1.218793,load,17,,,,,,,,,,
00675-comparison-chain-16-backward-s23-d10-m1-verdict-nibli-r0,comparison,16,191.005698,query,,0,False,0,FALSE,,,,,,
00679-comparison-chain-16-backward-s23-d10-m1-verdict-nibli-r1,comparison,16,0.029307,open,,,,,,,,,,,
00679-comparison-chain-16-backward-s23-d10-m1-verdict-nibli-r1,comparison,16,1.1172140000000002,load,17,,,,,,,,,,
00679-comparison-chain-16-backward-s23-d10-m1-verdict-nibli-r1,comparison,16,186.182555,query,,0,False,0,FALSE,,,,,,
00682-comparison-chain-16-backward-s23-d10-m1-verdict-nibli-r2,comparison,16,0.029667,open,,,,,,,,,,,
00682-comparison-chain-16-backward-s23-d10-m1-verdict-nibli-r2,comparison,16,1.180532,load,17,,,,,,,,,,
00682-comparison-chain-16-backward-s23-d10-m1-verdict-nibli-r2,comparison,16,185.744223,query,,0,False,0,FALSE,,,,,,
00685-bounds-policy-100-both-s131-d2-m0-verdict-nibli-r0,bounds,100,0.029087000000000002,open,,,,,,,,,,,
00685-bounds-policy-100-both-s131-d2-m0-verdict-nibli-r0,bounds,100,54.136215,load,103,,,,,,,,,,
00685-bounds-policy-100-both-s131-d2-m0-verdict-nibli-r0,bounds,100,983.620656,query,,0,False,0,FALSE,,,,,,
00685-bounds-policy-100-both-s131-d2-m0-verdict-nibli-r0,bounds,100,2498.799731,query,,1,True,0,TRUE,,,,,,
00686-bounds-policy-100-both-s131-d2-m0-verdict-nibli-r1,bounds,100,0.029946,open,,,,,,,,,,,
00686-bounds-policy-100-both-s131-d2-m0-verdict-nibli-r1,bounds,100,43.58845,load,103,,,,,,,,,,
00686-bounds-policy-100-both-s131-d2-m0-verdict-nibli-r1,bounds,100,898.2977370000001,query,,0,False,0,FALSE,,,,,,
00686-bounds-policy-100-both-s131-d2-m0-verdict-nibli-r1,bounds,100,2508.149824,query,,1,True,0,TRUE,,,,,,
00687-bounds-policy-100-both-s131-d2-m0-verdict-nibli-r2,bounds,100,0.034256,open,,,,,,,,,,,
00687-bounds-policy-100-both-s131-d2-m0-verdict-nibli-r2,bounds,100,44.566247000000004,load,103,,,,,,,,,,
00687-bounds-policy-100-both-s131-d2-m0-verdict-nibli-r2,bounds,100,940.148565,query,,0,False,0,FALSE,,,,,,
00687-bounds-policy-100-both-s131-d2-m0-verdict-nibli-r2,bounds,100,2545.771941,query,,1,True,0,TRUE,,,,,,
00692-comparison-chain-32-backward-s11-d10-m1-verdict-nibli-r0,comparison,32,0.030676000000000002,open,,,,,,,,,,,
00692-comparison-chain-32-backward-s11-d10-m1-verdict-nibli-r0,comparison,32,3.767983,load,33,,,,,,,,,,
00692-comparison-chain-32-backward-s11-d10-m1-verdict-nibli-r0,comparison,32,1652.43446,query,,0,False,0,FALSE,,,,,,
00694-comparison-chain-32-backward-s11-d10-m1-verdict-nibli-r1,comparison,32,0.028976,open,,,,,,,,,,,
00694-comparison-chain-32-backward-s11-d10-m1-verdict-nibli-r1,comparison,32,3.3160619999999996,load,33,,,,,,,,,,
00694-comparison-chain-32-backward-s11-d10-m1-verdict-nibli-r1,comparison,32,1640.464788,query,,0,False,0,FALSE,,,,,,
00698-comparison-chain-32-backward-s11-d10-m1-verdict-nibli-r2,comparison,32,0.027927,open,,,,,,,,,,,
00698-comparison-chain-32-backward-s11-d10-m1-verdict-nibli-r2,comparison,32,3.428729,load,33,,,,,,,,,,
00698-comparison-chain-32-backward-s11-d10-m1-verdict-nibli-r2,comparison,32,1657.3928959999998,query,,0,False,0,FALSE,,,,,,
00701-bounds-policy-100-both-s47-d5-m1-verdict-nibli-r0,bounds,100,0.096135,open,,,,,,,,,,,
00701-bounds-policy-100-both-s47-d5-m1-verdict-nibli-r0,bounds,100,39.043614,load,96,,,,,,,,,,
00701-bounds-policy-100-both-s47-d5-m1-verdict-nibli-r0,bounds,100,0.335982,query,,0,False,0,FALSE,,,,,,
00701-bounds-policy-100-both-s47-d5-m1-verdict-nibli-r0,bounds,100,0.031226999999999998,query,,1,True,0,TRUE,,,,,,
00702-bounds-policy-100-both-s47-d5-m1-verdict-nibli-r1,bounds,100,0.025577,open,,,,,,,,,,,
00702-bounds-policy-100-both-s47-d5-m1-verdict-nibli-r1,bounds,100,38.267641999999995,load,96,,,,,,,,,,
00702-bounds-policy-100-both-s47-d5-m1-verdict-nibli-r1,bounds,100,0.319594,query,,0,False,0,FALSE,,,,,,
00702-bounds-policy-100-both-s47-d5-m1-verdict-nibli-r1,bounds,100,0.015928,query,,1,True,0,TRUE,,,,,,
00703-bounds-policy-100-both-s47-d5-m1-verdict-nibli-r2,bounds,100,0.026057,open,,,,,,,,,,,
00703-bounds-policy-100-both-s47-d5-m1-verdict-nibli-r2,bounds,100,37.798818,load,96,,,,,,,,,,
00703-bounds-policy-100-both-s47-d5-m1-verdict-nibli-r2,bounds,100,0.306275,query,,0,False,0,FALSE,,,,,,
00703-bounds-policy-100-both-s47-d5-m1-verdict-nibli-r2,bounds,100,0.015098,query,,1,True,0,TRUE,,,,,,
00708-comparison-chain-8-backward-s83-d10-m1-verdict-nibli-r0,comparison,8,0.026277,open,,,,,,,,,,,
00708-comparison-chain-8-backward-s83-d10-m1-verdict-nibli-r0,comparison,8,0.513723,load,9,,,,,,,,,,
00708-comparison-chain-8-backward-s83-d10-m1-verdict-nibli-r0,comparison,8,31.418807,query,,0,False,0,FALSE,,,,,,
00710-comparison-chain-8-backward-s83-d10-m1-verdict-nibli-r1,comparison,8,0.027377,open,,,,,,,,,,,
00710-comparison-chain-8-backward-s83-d10-m1-verdict-nibli-r1,comparison,8,0.500114,load,9,,,,,,,,,,
00710-comparison-chain-8-backward-s83-d10-m1-verdict-nibli-r1,comparison,8,31.842644000000004,query,,0,False,0,FALSE,,,,,,
00714-comparison-chain-8-backward-s83-d10-m1-verdict-nibli-r2,comparison,8,0.024936999999999997,open,,,,,,,,,,,
00714-comparison-chain-8-backward-s83-d10-m1-verdict-nibli-r2,comparison,8,0.49949399999999994,load,9,,,,,,,,,,
00714-comparison-chain-8-backward-s83-d10-m1-verdict-nibli-r2,comparison,8,35.069351999999995,query,,0,False,0,FALSE,,,,,,
00721-comparison-chain-12-backward-s83-d10-m1-verdict-nibli-r0,comparison,12,0.024916999999999998,open,,,,,,,,,,,
00721-comparison-chain-12-backward-s83-d10-m1-verdict-nibli-r0,comparison,12,0.7527159999999999,load,13,,,,,,,,,,
00721-comparison-chain-12-backward-s83-d10-m1-verdict-nibli-r0,comparison,12,95.955585,query,,0,False,0,FALSE,,,,,,
00724-comparison-chain-12-backward-s83-d10-m1-verdict-nibli-r1,comparison,12,0.029356,open,,,,,,,,,,,
00724-comparison-chain-12-backward-s83-d10-m1-verdict-nibli-r1,comparison,12,0.751726,load,13,,,,,,,,,,
00724-comparison-chain-12-backward-s83-d10-m1-verdict-nibli-r1,comparison,12,94.845301,query,,0,False,0,FALSE,,,,,,
00725-comparison-chain-12-backward-s83-d10-m1-verdict-nibli-r2,comparison,12,0.025857,open,,,,,,,,,,,
00725-comparison-chain-12-backward-s83-d10-m1-verdict-nibli-r2,comparison,12,0.8907700000000001,load,13,,,,,,,,,,
00725-comparison-chain-12-backward-s83-d10-m1-verdict-nibli-r2,comparison,12,97.73056700000001,query,,0,False,0,FALSE,,,,,,
00729-bounds-chain-8-forward-s83-d2-m1-verdict-nibli-r0,bounds,8,0.026627,open,,,,,,,,,,,
00729-bounds-chain-8-forward-s83-d2-m1-verdict-nibli-r0,bounds,8,0.542709,load,9,,,,,,,,,,
00729-bounds-chain-8-forward-s83-d2-m1-verdict-nibli-r0,bounds,8,626.3519950000001,query,,0,True,0,TRUE,,,,,,
00730-bounds-chain-8-forward-s83-d2-m1-verdict-nibli-r1,bounds,8,0.027656,open,,,,,,,,,,,
00730-bounds-chain-8-forward-s83-d2-m1-verdict-nibli-r1,bounds,8,0.5789150000000001,load,9,,,,,,,,,,
00730-bounds-chain-8-forward-s83-d2-m1-verdict-nibli-r1,bounds,8,639.25991,query,,0,True,0,TRUE,,,,,,
00731-bounds-chain-8-forward-s83-d2-m1-verdict-nibli-r2,bounds,8,0.029647,open,,,,,,,,,,,
00731-bounds-chain-8-forward-s83-d2-m1-verdict-nibli-r2,bounds,8,0.5331,load,9,,,,,,,,,,
00731-bounds-chain-8-forward-s83-d2-m1-verdict-nibli-r2,bounds,8,618.97482,query,,0,True,0,TRUE,,,,,,
00737-comparison-policy-100-both-s23-d10-m1-verdict-nibli-r0,comparison,100,0.025417000000000002,open,,,,,,,,,,,
00737-comparison-policy-100-both-s23-d10-m1-verdict-nibli-r0,comparison,100,41.97123,load,100,,,,,,,,,,
00737-comparison-policy-100-both-s23-d10-m1-verdict-nibli-r0,comparison,100,0.319274,query,,0,False,0,FALSE,,,,,,
00737-comparison-policy-100-both-s23-d10-m1-verdict-nibli-r0,comparison,100,0.015219,query,,1,True,0,TRUE,,,,,,
00738-comparison-policy-100-both-s23-d10-m1-verdict-nibli-r1,comparison,100,0.025717,open,,,,,,,,,,,
00738-comparison-policy-100-both-s23-d10-m1-verdict-nibli-r1,comparison,100,40.817105999999995,load,100,,,,,,,,,,
00738-comparison-policy-100-both-s23-d10-m1-verdict-nibli-r1,comparison,100,0.31628500000000004,query,,0,False,0,FALSE,,,,,,
00738-comparison-policy-100-both-s23-d10-m1-verdict-nibli-r1,comparison,100,0.015079,query,,1,True,0,TRUE,,,,,,
00743-comparison-policy-100-both-s23-d10-m1-verdict-nibli-r2,comparison,100,0.026237,open,,,,,,,,,,,
00743-comparison-policy-100-both-s23-d10-m1-verdict-nibli-r2,comparison,100,43.158716999999996,load,100,,,,,,,,,,
00743-comparison-policy-100-both-s23-d10-m1-verdict-nibli-r2,comparison,100,0.313535,query,,0,False,0,FALSE,,,,,,
00743-comparison-policy-100-both-s23-d10-m1-verdict-nibli-r2,comparison,100,0.015049,query,,1,True,0,TRUE,,,,,,
00745-bounds-chain-8-forward-s83-d2-m0-verdict-nibli-r0,bounds,8,0.029417,open,,,,,,,,,,,
00745-bounds-chain-8-forward-s83-d2-m0-verdict-nibli-r0,bounds,8,0.5511780000000001,load,9,,,,,,,,,,
00745-bounds-chain-8-forward-s83-d2-m0-verdict-nibli-r0,bounds,8,632.530577,query,,0,{'ResourceExceeded': 'Depth'},0,RESOURCE_EXCEEDED,,,,,,
00746-bounds-chain-8-forward-s83-d2-m0-verdict-nibli-r1,bounds,8,0.027607,open,,,,,,,,,,,
00746-bounds-chain-8-forward-s83-d2-m0-verdict-nibli-r1,bounds,8,0.5469080000000001,load,9,,,,,,,,,,
00746-bounds-chain-8-forward-s83-d2-m0-verdict-nibli-r1,bounds,8,628.763335,query,,0,{'ResourceExceeded': 'Depth'},0,RESOURCE_EXCEEDED,,,,,,
00747-bounds-chain-8-forward-s83-d2-m0-verdict-nibli-r2,bounds,8,0.027546,open,,,,,,,,,,,
00747-bounds-chain-8-forward-s83-d2-m0-verdict-nibli-r2,bounds,8,0.565266,load,9,,,,,,,,,,
00747-bounds-chain-8-forward-s83-d2-m0-verdict-nibli-r2,bounds,8,621.0823290000001,query,,0,{'ResourceExceeded': 'Depth'},0,RESOURCE_EXCEEDED,,,,,,
00749-evidence-policy-1000-both-s23-d10-m1-verdict-nibli-r0,evidence,1000,0.026667,open,,,,,,,,,,,
00749-evidence-policy-1000-both-s23-d10-m1-verdict-nibli-r0,evidence,1000,3842.1033209999996,load,985,,,,,,,,,,
00749-evidence-policy-1000-both-s23-d10-m1-verdict-nibli-r0,evidence,1000,1.91261,query,,0,False,0,FALSE,,,,,,
00749-evidence-policy-1000-both-s23-d10-m1-verdict-nibli-r0,evidence,1000,0.033946000000000004,query,,1,True,0,TRUE,,,,,,
00750-evidence-policy-1000-both-s23-d10-m1-verdict-nibli-r1,evidence,1000,0.026317,open,,,,,,,,,,,
00750-evidence-policy-1000-both-s23-d10-m1-verdict-nibli-r1,evidence,1000,3796.593657,load,985,,,,,,,,,,
00750-evidence-policy-1000-both-s23-d10-m1-verdict-nibli-r1,evidence,1000,1.8385129999999998,query,,0,False,0,FALSE,,,,,,
00750-evidence-policy-1000-both-s23-d10-m1-verdict-nibli-r1,evidence,1000,0.032605999999999996,query,,1,True,0,TRUE,,,,,,
00751-evidence-policy-1000-both-s23-d10-m1-verdict-nibli-r2,evidence,1000,0.029407000000000003,open,,,,,,,,,,,
00751-evidence-policy-1000-both-s23-d10-m1-verdict-nibli-r2,evidence,1000,3934.701471,load,985,,,,,,,,,,
00751-evidence-policy-1000-both-s23-d10-m1-verdict-nibli-r2,evidence,1000,1.830845,query,,0,False,0,FALSE,,,,,,
00751-evidence-policy-1000-both-s23-d10-m1-verdict-nibli-r2,evidence,1000,0.031726000000000004,query,,1,True,0,TRUE,,,,,,
00753-bounds-chain-8-backward-s23-d5-m1-verdict-nibli-r0,bounds,8,0.029416,open,,,,,,,,,,,
00753-bounds-chain-8-backward-s23-d5-m1-verdict-nibli-r0,bounds,8,0.472937,load,9,,,,,,,,,,
00753-bounds-chain-8-backward-s23-d5-m1-verdict-nibli-r0,bounds,8,31.601825,query,,0,False,0,FALSE,,,,,,
00754-bounds-chain-8-backward-s23-d5-m1-verdict-nibli-r1,bounds,8,0.027576000000000003,open,,,,,,,,,,,
00754-bounds-chain-8-backward-s23-d5-m1-verdict-nibli-r1,bounds,8,0.46710700000000005,load,9,,,,,,,,,,
00754-bounds-chain-8-backward-s23-d5-m1-verdict-nibli-r1,bounds,8,31.376116000000003,query,,0,False,0,FALSE,,,,,,
00755-bounds-chain-8-backward-s23-d5-m1-verdict-nibli-r2,bounds,8,0.061983,open,,,,,,,,,,,
00755-bounds-chain-8-backward-s23-d5-m1-verdict-nibli-r2,bounds,8,0.475517,load,9,,,,,,,,,,
00755-bounds-chain-8-backward-s23-d5-m1-verdict-nibli-r2,bounds,8,30.400615,query,,0,False,0,FALSE,,,,,,
00757-bounds-chain-8-forward-s11-d2-m0-verdict-nibli-r0,bounds,8,0.027687,open,,,,,,,,,,,
00757-bounds-chain-8-forward-s11-d2-m0-verdict-nibli-r0,bounds,8,0.5245420000000001,load,9,,,,,,,,,,
00757-bounds-chain-8-forward-s11-d2-m0-verdict-nibli-r0,bounds,8,614.2049790000001,query,,0,{'ResourceExceeded': 'Depth'},0,RESOURCE_EXCEEDED,,,,,,
00758-bounds-chain-8-forward-s11-d2-m0-verdict-nibli-r1,bounds,8,0.027427,open,,,,,,,,,,,
00758-bounds-chain-8-forward-s11-d2-m0-verdict-nibli-r1,bounds,8,0.555768,load,9,,,,,,,,,,
00758-bounds-chain-8-forward-s11-d2-m0-verdict-nibli-r1,bounds,8,620.767092,query,,0,{'ResourceExceeded': 'Depth'},0,RESOURCE_EXCEEDED,,,,,,
00759-bounds-chain-8-forward-s11-d2-m0-verdict-nibli-r2,bounds,8,0.026857,open,,,,,,,,,,,
00759-bounds-chain-8-forward-s11-d2-m0-verdict-nibli-r2,bounds,8,0.5249710000000001,load,9,,,,,,,,,,
00759-bounds-chain-8-forward-s11-d2-m0-verdict-nibli-r2,bounds,8,619.89993,query,,0,{'ResourceExceeded': 'Depth'},0,RESOURCE_EXCEEDED,,,,,,
00761-updates-policy-100-both-s11-d10-m1-updates-nibli-r0,updates,100,10.29373,open,,,,,,,,,,,
00761-updates-policy-100-both-s11-d10-m1-updates-nibli-r0,updates,100,353.426532,load,103,,,,,,,,,,
00761-updates-policy-100-both-s11-d10-m1-updates-nibli-r0,updates,100,1.756923,certificate,,0,,0,TRUE,8545,,True,0.020808,60,0.00074
00761-updates-policy-100-both-s11-d10-m1-updates-nibli-r0,updates,100,2.198603,certificate,,1,,0,FALSE,101239,,True,0.052344,906,0.00129
00761-updates-policy-100-both-s11-d10-m1-updates-nibli-r0,updates,100,1.6114,certificate,,2,,0,TRUE,8560,,True,0.019157999999999998,60,0.00038
00761-updates-policy-100-both-s11-d10-m1-updates-nibli-r0,updates,100,2.075818,certificate,,3,,0,FALSE,101239,,True,0.044375,906,0.0012100000000000001
00761-updates-policy-100-both-s11-d10-m1-updates-nibli-r0,updates,100,2.3310470000000003,withdrawal,,,,1,,,,,,,
00761-updates-policy-100-both-s11-d10-m1-updates-nibli-r0,updates,100,3.085143,certificate,,0,,1,TRUE,9043,,True,0.018628,64,0.00043
00761-updates-policy-100-both-s11-d10-m1-updates-nibli-r0,updates,100,2.080779,certificate,,1,,1,FALSE,100679,,True,0.048595,901,0.001189
00761-updates-policy-100-both-s11-d10-m1-updates-nibli-r0,updates,100,1.6933,certificate,,2,,1,TRUE,8560,,True,0.019058,60,0.00035999999999999997
00761-updates-policy-100-both-s11-d10-m1-updates-nibli-r0,updates,100,1.90204,certificate,,3,,1,FALSE,100679,,True,0.043015,901,0.00125
00761-updates-policy-100-both-s11-d10-m1-updates-nibli-r0,updates,100,2.3603520000000002,withdrawal,,,,2,,,,,,,
00761-updates-policy-100-both-s11-d10-m1-updates-nibli-r0,updates,100,4.281364,certificate,,0,,2,FALSE,250953,,True,0.16956100000000002,1791,0.002339
00761-updates-policy-100-both-s11-d10-m1-updates-nibli-r0,updates,100,1.16303,certificate,,1,,2,TRUE,5072,,True,0.012499,36,0.00029
00761-updates-policy-100-both-s11-d10-m1-updates-nibli-r0,updates,100,1.730653,certificate,,2,,2,TRUE,8560,,True,0.019097,60,0.00041
00761-updates-policy-100-both-s11-d10-m1-updates-nibli-r0,updates,100,1.886768,certificate,,3,,2,FALSE,100119,,True,0.150773,896,0.00124
00761-updates-policy-100-both-s11-d10-m1-updates-nibli-r0,updates,100,3.1107370000000003,reassertion,,,,3,,,,,,,
00761-updates-policy-100-both-s11-d10-m1-updates-nibli-r0,updates,100,1.666207,certificate,,0,,3,TRUE,8560,,True,0.019868,60,0.00039999999999999996
00761-updates-policy-100-both-s11-d10-m1-updates-nibli-r0,updates,100,2.122514,certificate,,1,,3,FALSE,100679,,True,0.044065,901,0.0012100000000000001
00761-updates-policy-100-both-s11-d10-m1-updates-nibli-r0,updates,100,1.60693,certificate,,2,,3,TRUE,8560,,True,0.018318,60,0.00037
00761-updates-policy-100-both-s11-d10-m1-updates-nibli-r0,updates,100,1.8982560000000002,certificate,,3,,3,FALSE,100679,,True,0.042415,901,0.00126
00761-updates-policy-100-both-s11-d10-m1-updates-nibli-r0,updates,100,296.073797,reopen,,,,4,,,,,,,
00761-updates-policy-100-both-s11-d10-m1-updates-nibli-r0,updates,100,1.734106,certificate,,0,,4,TRUE,8560,,True,0.020988,60,0.00053
00761-updates-policy-100-both-s11-d10-m1-updates-nibli-r0,updates,100,2.0840289999999997,certificate,,1,,4,FALSE,100679,,True,0.042985999999999996,901,0.00128
00761-updates-policy-100-both-s11-d10-m1-updates-nibli-r0,updates,100,1.6860309999999998,certificate,,2,,4,TRUE,8560,,True,0.019058,60,0.00039000000000000005
00761-updates-policy-100-both-s11-d10-m1-updates-nibli-r0,updates,100,1.846923,certificate,,3,,4,FALSE,100679,,True,0.041345,901,0.0012
00761-updates-policy-100-both-s11-d10-m1-updates-nibli-r0,updates,100,3.104278,withdrawal,,,,5,,,,,,,
00761-updates-policy-100-both-s11-d10-m1-updates-nibli-r0,updates,100,1.9944799999999998,certificate,,0,,5,TRUE,8560,,True,0.019608,60,0.00043
00761-updates-policy-100-both-s11-d10-m1-updates-nibli-r0,updates,100,2.032568,certificate,,1,,5,FALSE,100119,,True,0.081666,896,0.00125
00761-updates-policy-100-both-s11-d10-m1-updates-nibli-r0,updates,100,4.237485,certificate,,2,,5,FALSE,250953,,True,0.100559,1791,0.0023599999999999997
00761-updates-policy-100-both-s11-d10-m1-updates-nibli-r0,updates,100,1.046063,certificate,,3,,5,TRUE,5072,,True,0.012378,36,0.00032
00761-updates-policy-100-both-s11-d10-m1-updates-nibli-r0,updates,100,3.092698,reassertion,,,,6,,,,,,,
00761-updates-policy-100-both-s11-d10-m1-updates-nibli-r0,updates,100,1.705443,certificate,,0,,6,TRUE,8560,,True,0.020018,60,0.00041
00761-updates-policy-100-both-s11-d10-m1-updates-nibli-r0,updates,100,2.0385210000000002,certificate,,1,,6,FALSE,100679,,True,0.042136,901,0.0012100000000000001
00761-updates-policy-100-both-s11-d10-m1-updates-nibli-r0,updates,100,1.615778,certificate,,2,,6,TRUE,8560,,True,0.018778,60,0.00039000000000000005
00761-updates-policy-100-both-s11-d10-m1-updates-nibli-r0,updates,100,1.87615,certificate,,3,,6,FALSE,100679,,True,0.042386,901,0.001219
00761-updates-policy-100-both-s11-d10-m1-updates-nibli-r0,updates,100,315.378137,reopen,,,,7,,,,,,,
00761-updates-policy-100-both-s11-d10-m1-updates-nibli-r0,updates,100,1.838808,certificate,,0,,7,TRUE,8560,,True,0.020598,60,0.00062
00761-updates-policy-100-both-s11-d10-m1-updates-nibli-r0,updates,100,2.047809,certificate,,1,,7,FALSE,100679,,True,0.043065,901,0.00134
00761-updates-policy-100-both-s11-d10-m1-updates-nibli-r0,updates,100,1.681663,certificate,,2,,7,TRUE,8560,,True,0.020598,60,0.00045
00761-updates-policy-100-both-s11-d10-m1-updates-nibli-r0,updates,100,1.915815,certificate,,3,,7,FALSE,100679,,True,0.041696000000000004,901,0.00126
00762-updates-policy-100-both-s11-d10-m1-updates-nibli-r1,updates,100,11.20015,open,,,,,,,,,,,
00762-updates-policy-100-both-s11-d10-m1-updates-nibli-r1,updates,100,361.84119999999996,load,103,,,,,,,,,,
00762-updates-policy-100-both-s11-d10-m1-updates-nibli-r1,updates,100,1.7714619999999999,certificate,,0,,0,TRUE,8545,,True,0.020588,60,0.000989
00762-updates-policy-100-both-s11-d10-m1-updates-nibli-r1,updates,100,2.1145729999999996,certificate,,1,,0,FALSE,101239,,True,0.042506,906,0.001269
00762-updates-policy-100-both-s11-d10-m1-updates-nibli-r1,updates,100,1.698949,certificate,,2,,0,TRUE,8560,,True,0.020898,60,0.00039999999999999996
00762-updates-policy-100-both-s11-d10-m1-updates-nibli-r1,updates,100,2.059,certificate,,3,,0,FALSE,101239,,True,0.043016000000000006,906,0.0012490000000000001
00762-updates-policy-100-both-s11-d10-m1-updates-nibli-r1,updates,100,2.2867819999999996,withdrawal,,,,1,,,,,,,
00762-updates-policy-100-both-s11-d10-m1-updates-nibli-r1,updates,100,3.102082,certificate,,0,,1,TRUE,9043,,True,0.019438,64,0.00041
00762-updates-policy-100-both-s11-d10-m1-updates-nibli-r1,updates,100,2.119822,certificate,,1,,1,FALSE,100679,,True,0.060743,901,0.00126
00762-updates-policy-100-both-s11-d10-m1-updates-nibli-r1,updates,100,1.7168489999999998,certificate,,2,,1,TRUE,8560,,True,0.019908,60,0.00041
00762-updates-policy-100-both-s11-d10-m1-updates-nibli-r1,updates,100,1.883699,certificate,,3,,1,FALSE,100679,,True,0.042095,901,0.0012100000000000001
00762-updates-policy-100-both-s11-d10-m1-updates-nibli-r1,updates,100,2.262217,withdrawal,,,,2,,,,,,,
00762-updates-policy-100-both-s11-d10-m1-updates-nibli-r1,updates,100,4.2995280000000005,certificate,,0,,2,FALSE,250953,,True,0.159912,1791,0.00231
00762-updates-policy-100-both-s11-d10-m1-updates-nibli-r1,updates,100,1.24285,certificate,,1,,2,TRUE,5072,,True,0.013579,36,0.00033999999999999997
00762-updates-policy-100-both-s11-d10-m1-updates-nibli-r1,updates,100,1.789636,certificate,,2,,2,TRUE,8560,,True,0.019298,60,0.00039000000000000005
00762-updates-policy-100-both-s11-d10-m1-updates-nibli-r1,updates,100,1.967529,certificate,,3,,2,FALSE,100119,,True,0.043135,896,0.00131
00762-updates-policy-100-both-s11-d10-m1-updates-nibli-r1,updates,100,3.113776,reassertion,,,,3,,,,,,,
00762-updates-policy-100-both-s11-d10-m1-updates-nibli-r1,updates,100,1.7494640000000001,certificate,,0,,3,TRUE,8560,,True,0.019428,60,0.00041
00762-updates-policy-100-both-s11-d10-m1-updates-nibli-r1,updates,100,2.109624,certificate,,1,,3,FALSE,100679,,True,0.043185,901,0.0012100000000000001
00762-updates-policy-100-both-s11-d10-m1-updates-nibli-r1,updates,100,1.899897,certificate,,2,,3,TRUE,8560,,True,0.019008,60,0.00039999999999999996
00762-updates-policy-100-both-s11-d10-m1-updates-nibli-r1,updates,100,1.9048559999999999,certificate,,3,,3,FALSE,100679,,True,0.042455,901,0.0012100000000000001
00762-updates-policy-100-both-s11-d10-m1-updates-nibli-r1,updates,100,327.306848,reopen,,,,4,,,,,,,
00762-updates-policy-100-both-s11-d10-m1-updates-nibli-r1,updates,100,1.7621030000000002,certificate,,0,,4,TRUE,8560,,True,0.020437,60,0.00051
00762-updates-policy-100-both-s11-d10-m1-updates-nibli-r1,updates,100,2.0910490000000004,certificate,,1,,4,FALSE,100679,,True,0.042425000000000004,901,0.00138
00762-updates-policy-100-both-s11-d10-m1-updates-nibli-r1,updates,100,1.878676,certificate,,2,,4,TRUE,8560,,True,0.020277,60,0.00039000000000000005
00762-updates-policy-100-both-s11-d10-m1-updates-nibli-r1,updates,100,2.937056,certificate,,3,,4,FALSE,100679,,True,0.066212,901,0.001539
00762-updates-policy-100-both-s11-d10-m1-updates-nibli-r1,updates,100,3.238257,withdrawal,,,,5,,,,,,,
00762-updates-policy-100-both-s11-d10-m1-updates-nibli-r1,updates,100,1.7811750000000002,certificate,,0,,5,TRUE,8560,,True,0.019118,60,0.00038
00762-updates-policy-100-both-s11-d10-m1-updates-nibli-r1,updates,100,2.090121,certificate,,1,,5,FALSE,100119,,True,0.041986,896,0.00131
00762-updates-policy-100-both-s11-d10-m1-updates-nibli-r1,updates,100,4.271012,certificate,,2,,5,FALSE,250953,,True,0.125496,1791,0.002509
00762-updates-policy-100-both-s11-d10-m1-updates-nibli-r1,updates,100,1.035644,certificate,,3,,5,TRUE,5072,,True,0.022978,36,0.00031
00762-updates-policy-100-both-s11-d10-m1-updates-nibli-r1,updates,100,3.3125139999999997,reassertion,,,,6,,,,,,,
00762-updates-policy-100-both-s11-d10-m1-updates-nibli-r1,updates,100,1.73939,certificate,,0,,6,TRUE,8560,,True,0.019368000000000003,60,0.00039999999999999996
00762-updates-policy-100-both-s11-d10-m1-updates-nibli-r1,updates,100,2.0984990000000003,certificate,,1,,6,FALSE,100679,,True,0.043935,901,0.00126
00762-updates-policy-100-both-s11-d10-m1-updates-nibli-r1,updates,100,1.630457,certificate,,2,,6,TRUE,8560,,True,0.018528,60,0.00037
00762-updates-policy-100-both-s11-d10-m1-updates-nibli-r1,updates,100,2.1230979999999997,certificate,,3,,6,FALSE,100679,,True,0.045204999999999995,901,0.00124
00762-updates-policy-100-both-s11-d10-m1-updates-nibli-r1,updates,100,300.1561,reopen,,,,7,,,,,,,
00762-updates-policy-100-both-s11-d10-m1-updates-nibli-r1,updates,100,1.781439,certificate,,0,,7,TRUE,8560,,True,0.033226,60,0.0005
00762-updates-policy-100-both-s11-d10-m1-updates-nibli-r1,updates,100,2.1879030000000004,certificate,,1,,7,FALSE,100679,,True,0.043485,901,0.00126
00762-updates-policy-100-both-s11-d10-m1-updates-nibli-r1,updates,100,1.752183,certificate,,2,,7,TRUE,8560,,True,0.020027999999999997,60,0.00039000000000000005
00762-updates-policy-100-both-s11-d10-m1-updates-nibli-r1,updates,100,1.948801,certificate,,3,,7,FALSE,100679,,True,0.041604999999999996,901,0.00126
00763-updates-policy-100-both-s11-d10-m1-updates-nibli-r2,updates,100,14.071663,open,,,,,,,,,,,
00763-updates-policy-100-both-s11-d10-m1-updates-nibli-r2,updates,100,371.73625599999997,load,103,,,,,,,,,,
00763-updates-policy-100-both-s11-d10-m1-updates-nibli-r2,updates,100,1.77471,certificate,,0,,0,TRUE,8545,,True,0.021177,60,0.00066
00763-updates-policy-100-both-s11-d10-m1-updates-nibli-r2,updates,100,2.086726,certificate,,1,,0,FALSE,101239,,True,0.047345,906,0.001299
00763-updates-policy-100-both-s11-d10-m1-updates-nibli-r2,updates,100,1.756384,certificate,,2,,0,TRUE,8560,,True,0.020887,60,0.00041
00763-updates-policy-100-both-s11-d10-m1-updates-nibli-r2,updates,100,2.108948,certificate,,3,,0,FALSE,101239,,True,0.042636,906,0.001269
00763-updates-policy-100-both-s11-d10-m1-updates-nibli-r2,updates,100,2.260817,withdrawal,,,,1,,,,,,,
00763-updates-policy-100-both-s11-d10-m1-updates-nibli-r2,updates,100,3.225117,certificate,,0,,1,TRUE,9043,,True,0.020498,64,0.00039999999999999996
00763-updates-policy-100-both-s11-d10-m1-updates-nibli-r2,updates,100,2.114362,certificate,,1,,1,FALSE,100679,,True,0.047185000000000005,901,0.00125
00763-updates-policy-100-both-s11-d10-m1-updates-nibli-r2,updates,100,1.708408,certificate,,2,,1,TRUE,8560,,True,0.019408,60,0.00039000000000000005
00763-updates-policy-100-both-s11-d10-m1-updates-nibli-r2,updates,100,1.9336220000000002,certificate,,3,,1,FALSE,100679,,True,0.042536,901,0.0012100000000000001
00763-updates-policy-100-both-s11-d10-m1-updates-nibli-r2,updates,100,2.43885,withdrawal,,,,2,,,,,,,
00763-updates-policy-100-both-s11-d10-m1-updates-nibli-r2,updates,100,6.079472,certificate,,0,,2,FALSE,250953,,True,0.134105,1791,0.002639
00763-updates-policy-100-both-s11-d10-m1-updates-nibli-r2,updates,100,1.654024,certificate,,1,,2,TRUE,5072,,True,0.013078000000000001,36,0.00032
00763-updates-policy-100-both-s11-d10-m1-updates-nibli-r2,updates,100,2.980975,certificate,,2,,2,TRUE,8560,,True,0.020288,60,0.00038
00763-updates-policy-100-both-s11-d10-m1-updates-nibli-r2,updates,100,3.2547650000000004,certificate,,3,,2,FALSE,100119,,True,0.057283,896,0.00159
00763-updates-policy-100-both-s11-d10-m1-updates-nibli-r2,updates,100,3.588466,reassertion,,,,3,,,,,,,
00763-updates-policy-100-both-s11-d10-m1-updates-nibli-r2,updates,100,1.627456,certificate,,0,,3,TRUE,8560,,True,0.019678,60,0.00039000000000000005
00763-updates-policy-100-both-s11-d10-m1-updates-nibli-r2,updates,100,2.299153,certificate,,1,,3,FALSE,100679,,True,0.054304,901,0.00124
00763-updates-policy-100-both-s11-d10-m1-updates-nibli-r2,updates,100,1.678602,certificate,,2,,3,TRUE,8560,,True,0.019658000000000002,60,0.000359
00763-updates-policy-100-both-s11-d10-m1-updates-nibli-r2,updates,100,2.001163,certificate,,3,,3,FALSE,100679,,True,0.044535,901,0.0011799999999999998
00763-updates-policy-100-both-s11-d10-m1-updates-nibli-r2,updates,100,314.95779,reopen,,,,4,,,,,,,
00763-updates-policy-100-both-s11-d10-m1-updates-nibli-r2,updates,100,1.892607,certificate,,0,,4,TRUE,8560,,True,0.022158,60,0.0006
00763-updates-policy-100-both-s11-d10-m1-updates-nibli-r2,updates,100,2.441211,certificate,,1,,4,FALSE,100679,,True,0.047705,901,0.0015
00763-updates-policy-100-both-s11-d10-m1-updates-nibli-r2,updates,100,1.95824,certificate,,2,,4,TRUE,8560,,True,0.020537999999999997,60,0.00043
00763-updates-policy-100-both-s11-d10-m1-updates-nibli-r2,updates,100,1.8881670000000002,certificate,,3,,4,FALSE,100679,,True,0.043625000000000004,901,0.00126
00763-updates-policy-100-both-s11-d10-m1-updates-nibli-r2,updates,100,3.577982,withdrawal,,,,5,,,,,,,
00763-updates-policy-100-both-s11-d10-m1-updates-nibli-r2,updates,100,1.82161,certificate,,0,,5,TRUE,8560,,True,0.020417,60,0.00039999999999999996
00763-updates-policy-100-both-s11-d10-m1-updates-nibli-r2,updates,100,2.102254,certificate,,1,,5,FALSE,100119,,True,0.046105,896,0.0014
00763-updates-policy-100-both-s11-d10-m1-updates-nibli-r2,updates,100,4.248062,certificate,,2,,5,FALSE,250953,,True,0.10042899999999999,1791,0.002389
00763-updates-policy-100-both-s11-d10-m1-updates-nibli-r2,updates,100,1.175388,certificate,,3,,5,TRUE,5072,,True,0.012518,36,0.00035999999999999997
00763-updates-policy-100-both-s11-d10-m1-updates-nibli-r2,updates,100,3.2401600000000004,reassertion,,,,6,,,,,,,
00763-updates-policy-100-both-s11-d10-m1-updates-nibli-r2,updates,100,1.59904,certificate,,0,,6,TRUE,8560,,True,0.019238,60,0.00039000000000000005
00763-updates-policy-100-both-s11-d10-m1-updates-nibli-r2,updates,100,2.025072,certificate,,1,,6,FALSE,100679,,True,0.042144999999999995,901,0.00126
00763-updates-policy-100-both-s11-d10-m1-updates-nibli-r2,updates,100,1.7176870000000002,certificate,,2,,6,TRUE,8560,,True,0.019478,60,0.00038
00763-updates-policy-100-both-s11-d10-m1-updates-nibli-r2,updates,100,1.901937,certificate,,3,,6,FALSE,100679,,True,0.043256,901,0.0012389999999999999
00763-updates-policy-100-both-s11-d10-m1-updates-nibli-r2,updates,100,291.639325,reopen,,,,7,,,,,,,
00763-updates-policy-100-both-s11-d10-m1-updates-nibli-r2,updates,100,1.779249,certificate,,0,,7,TRUE,8560,,True,0.019938,60,0.00047999999999999996
00763-updates-policy-100-both-s11-d10-m1-updates-nibli-r2,updates,100,2.120232,certificate,,1,,7,FALSE,100679,,True,0.043275,901,0.00125
00763-updates-policy-100-both-s11-d10-m1-updates-nibli-r2,updates,100,1.7377449999999999,certificate,,2,,7,TRUE,8560,,True,0.019578,60,0.00041
00763-updates-policy-100-both-s11-d10-m1-updates-nibli-r2,updates,100,1.915335,certificate,,3,,7,FALSE,100679,,True,0.056564,901,0.001219
00765-bounds-chain-8-forward-s47-d10-m0-verdict-nibli-r0,bounds,8,0.026987,open,,,,,,,,,,,
00765-bounds-chain-8-forward-s47-d10-m0-verdict-nibli-r0,bounds,8,0.561936,load,9,,,,,,,,,,
00765-bounds-chain-8-forward-s47-d10-m0-verdict-nibli-r0,bounds,8,2711.6376459999997,query,,0,True,0,TRUE,,,,,,
00766-bounds-chain-8-forward-s47-d10-m0-verdict-nibli-r1,bounds,8,0.026546999999999998,open,,,,,,,,,,,
00766-bounds-chain-8-forward-s47-d10-m0-verdict-nibli-r1,bounds,8,0.53885,load,9,,,,,,,,,,
00766-bounds-chain-8-forward-s47-d10-m0-verdict-nibli-r1,bounds,8,2687.239258,query,,0,True,0,TRUE,,,,,,
00767-bounds-chain-8-forward-s47-d10-m0-verdict-nibli-r2,bounds,8,0.026268,open,,,,,,,,,,,
00767-bounds-chain-8-forward-s47-d10-m0-verdict-nibli-r2,bounds,8,0.521032,load,9,,,,,,,,,,
00767-bounds-chain-8-forward-s47-d10-m0-verdict-nibli-r2,bounds,8,2671.6391790000002,query,,0,True,0,TRUE,,,,,,
00769-bounds-policy-100-both-s83-d2-m1-verdict-nibli-r0,bounds,100,0.025327,open,,,,,,,,,,,
00769-bounds-policy-100-both-s83-d2-m1-verdict-nibli-r0,bounds,100,39.749742,load,101,,,,,,,,,,
00769-bounds-policy-100-both-s83-d2-m1-verdict-nibli-r0,bounds,100,0.31426499999999996,query,,0,False,0,FALSE,,,,,,
00769-bounds-policy-100-both-s83-d2-m1-verdict-nibli-r0,bounds,100,0.014828,query,,1,True,0,TRUE,,,,,,
00770-bounds-policy-100-both-s83-d2-m1-verdict-nibli-r1,bounds,100,0.024587,open,,,,,,,,,,,
00770-bounds-policy-100-both-s83-d2-m1-verdict-nibli-r1,bounds,100,40.046228000000006,load,101,,,,,,,,,,
00770-bounds-policy-100-both-s83-d2-m1-verdict-nibli-r1,bounds,100,0.311015,query,,0,False,0,FALSE,,,,,,
00770-bounds-policy-100-both-s83-d2-m1-verdict-nibli-r1,bounds,100,0.015007999999999999,query,,1,True,0,TRUE,,,,,,
00771-bounds-policy-100-both-s83-d2-m1-verdict-nibli-r2,bounds,100,0.025687,open,,,,,,,,,,,
00771-bounds-policy-100-both-s83-d2-m1-verdict-nibli-r2,bounds,100,40.619923,load,101,,,,,,,,,,
00771-bounds-policy-100-both-s83-d2-m1-verdict-nibli-r2,bounds,100,0.312895,query,,0,False,0,FALSE,,,,,,
00771-bounds-policy-100-both-s83-d2-m1-verdict-nibli-r2,bounds,100,0.015118,query,,1,True,0,TRUE,,,,,,
00773-bounds-policy-100-both-s83-d10-m0-verdict-nibli-r0,bounds,100,0.028076999999999998,open,,,,,,,,,,,
00773-bounds-policy-100-both-s83-d10-m0-verdict-nibli-r0,bounds,100,41.91173,load,101,,,,,,,,,,
00773-bounds-policy-100-both-s83-d10-m0-verdict-nibli-r0,bounds,100,875.8962,query,,0,False,0,FALSE,,,,,,
00773-bounds-policy-100-both-s83-d10-m0-verdict-nibli-r0,bounds,100,2479.2061400000002,query,,1,True,0,TRUE,,,,,,
00774-bounds-policy-100-both-s83-d10-m0-verdict-nibli-r1,bounds,100,0.031696999999999996,open,,,,,,,,,,,
00774-bounds-policy-100-both-s83-d10-m0-verdict-nibli-r1,bounds,100,40.756144,load,101,,,,,,,,,,
00774-bounds-policy-100-both-s83-d10-m0-verdict-nibli-r1,bounds,100,860.424447,query,,0,False,0,FALSE,,,,,,
00774-bounds-policy-100-both-s83-d10-m0-verdict-nibli-r1,bounds,100,2474.109077,query,,1,True,0,TRUE,,,,,,
00775-bounds-policy-100-both-s83-d10-m0-verdict-nibli-r2,bounds,100,0.038096000000000005,open,,,,,,,,,,,
00775-bounds-policy-100-both-s83-d10-m0-verdict-nibli-r2,bounds,100,39.913637,load,101,,,,,,,,,,
00775-bounds-policy-100-both-s83-d10-m0-verdict-nibli-r2,bounds,100,882.997416,query,,0,False,0,FALSE,,,,,,
00775-bounds-policy-100-both-s83-d10-m0-verdict-nibli-r2,bounds,100,2432.089467,query,,1,True,0,TRUE,,,,,,
00777-bounds-chain-8-forward-s23-d2-m0-verdict-nibli-r0,bounds,8,0.063013,open,,,,,,,,,,,
00777-bounds-chain-8-forward-s23-d2-m0-verdict-nibli-r0,bounds,8,0.547159,load,9,,,,,,,,,,
00777-bounds-chain-8-forward-s23-d2-m0-verdict-nibli-r0,bounds,8,670.892513,query,,0,{'ResourceExceeded': 'Depth'},0,RESOURCE_EXCEEDED,,,,,,
00778-bounds-chain-8-forward-s23-d2-m0-verdict-nibli-r1,bounds,8,0.028737,open,,,,,,,,,,,
00778-bounds-chain-8-forward-s23-d2-m0-verdict-nibli-r1,bounds,8,0.590723,load,9,,,,,,,,,,
00778-bounds-chain-8-forward-s23-d2-m0-verdict-nibli-r1,bounds,8,662.298124,query,,0,{'ResourceExceeded': 'Depth'},0,RESOURCE_EXCEEDED,,,,,,
00779-bounds-chain-8-forward-s23-d2-m0-verdict-nibli-r2,bounds,8,0.025786999999999997,open,,,,,,,,,,,
00779-bounds-chain-8-forward-s23-d2-m0-verdict-nibli-r2,bounds,8,0.523641,load,9,,,,,,,,,,
00779-bounds-chain-8-forward-s23-d2-m0-verdict-nibli-r2,bounds,8,671.7073220000001,query,,0,{'ResourceExceeded': 'Depth'},0,RESOURCE_EXCEEDED,,,,,,
00781-bounds-chain-8-backward-s11-d10-m1-verdict-nibli-r0,bounds,8,0.025247000000000002,open,,,,,,,,,,,
00781-bounds-chain-8-backward-s11-d10-m1-verdict-nibli-r0,bounds,8,0.509033,load,9,,,,,,,,,,
00781-bounds-chain-8-backward-s11-d10-m1-verdict-nibli-r0,bounds,8,30.675338,query,,0,False,0,FALSE,,,,,,
00782-bounds-chain-8-backward-s11-d10-m1-verdict-nibli-r1,bounds,8,0.024947,open,,,,,,,,,,,
00782-bounds-chain-8-backward-s11-d10-m1-verdict-nibli-r1,bounds,8,0.563727,load,9,,,,,,,,,,
00782-bounds-chain-8-backward-s11-d10-m1-verdict-nibli-r1,bounds,8,29.052181,query,,0,False,0,FALSE,,,,,,
00783-bounds-chain-8-backward-s11-d10-m1-verdict-nibli-r2,bounds,8,0.024817,open,,,,,,,,,,,
00783-bounds-chain-8-backward-s11-d10-m1-verdict-nibli-r2,bounds,8,0.516912,load,9,,,,,,,,,,
00783-bounds-chain-8-backward-s11-d10-m1-verdict-nibli-r2,bounds,8,27.945691,query,,0,False,0,FALSE,,,,,,
00785-bounds-policy-100-both-s11-d20-m1-verdict-nibli-r0,bounds,100,0.025387,open,,,,,,,,,,,
00785-bounds-policy-100-both-s11-d20-m1-verdict-nibli-r0,bounds,100,42.729420999999995,load,102,,,,,,,,,,
00785-bounds-policy-100-both-s11-d20-m1-verdict-nibli-r0,bounds,100,0.310925,query,,0,False,0,FALSE,,,,,,
00785-bounds-policy-100-both-s11-d20-m1-verdict-nibli-r0,bounds,100,0.014999,query,,1,True,0,TRUE,,,,,,
00786-bounds-policy-100-both-s11-d20-m1-verdict-nibli-r1,bounds,100,0.024168,open,,,,,,,,,,,
00786-bounds-policy-100-both-s11-d20-m1-verdict-nibli-r1,bounds,100,42.940626,load,102,,,,,,,,,,
00786-bounds-policy-100-both-s11-d20-m1-verdict-nibli-r1,bounds,100,0.312695,query,,0,False,0,FALSE,,,,,,
00786-bounds-policy-100-both-s11-d20-m1-verdict-nibli-r1,bounds,100,0.014909,query,,1,True,0,TRUE,,,,,,
00787-bounds-policy-100-both-s11-d20-m1-verdict-nibli-r2,bounds,100,0.029056000000000002,open,,,,,,,,,,,
00787-bounds-policy-100-both-s11-d20-m1-verdict-nibli-r2,bounds,100,43.127625,load,102,,,,,,,,,,
00787-bounds-policy-100-both-s11-d20-m1-verdict-nibli-r2,bounds,100,0.308615,query,,0,False,0,FALSE,,,,,,
00787-bounds-policy-100-both-s11-d20-m1-verdict-nibli-r2,bounds,100,0.014528000000000001,query,,1,True,0,TRUE,,,,,,
00789-evidence-policy-100-both-s83-d10-m1-certificate-nibli-r0,evidence,100,0.024648,open,,,,,,,,,,,
00789-evidence-policy-100-both-s83-d10-m1-certificate-nibli-r0,evidence,100,41.06928,load,101,,,,,,,,,,
00789-evidence-policy-100-both-s83-d10-m1-certificate-nibli-r0,evidence,100,2.13479,certificate,,0,,0,FALSE,100119,,True,0.102669,896,0.0012
00789-evidence-policy-100-both-s83-d10-m1-certificate-nibli-r0,evidence,100,0.9473539999999999,certificate,,1,,0,TRUE,5072,,True,0.012269,36,0.0003
00790-evidence-policy-100-both-s83-d10-m1-certificate-nibli-r1,evidence,100,0.024238,open,,,,,,,,,,,
00790-evidence-policy-100-both-s83-d10-m1-certificate-nibli-r1,evidence,100,41.729872,load,101,,,,,,,,,,
00790-evidence-policy-100-both-s83-d10-m1-certificate-nibli-r1,evidence,100,2.241149,certificate,,0,,0,FALSE,100119,,True,0.058453,896,0.00128
00790-evidence-policy-100-both-s83-d10-m1-certificate-nibli-r1,evidence,100,1.0131560000000002,certificate,,1,,0,TRUE,5072,,True,0.012668,36,0.00031
00791-evidence-policy-100-both-s83-d10-m1-certificate-nibli-r2,evidence,100,0.024677,open,,,,,,,,,,,
00791-evidence-policy-100-both-s83-d10-m1-certificate-nibli-r2,evidence,100,41.421036,load,101,,,,,,,,,,
00791-evidence-policy-100-both-s83-d10-m1-certificate-nibli-r2,evidence,100,2.189324,certificate,,0,,0,FALSE,100119,,True,0.083311,896,0.0012
00791-evidence-policy-100-both-s83-d10-m1-certificate-nibli-r2,evidence,100,1.136789,certificate,,1,,0,TRUE,5072,,True,0.013238,36,0.00033999999999999997
00795-comparison-chain-16-backward-s47-d10-m1-verdict-nibli-r0,comparison,16,0.025487,open,,,,,,,,,,,
00795-comparison-chain-16-backward-s47-d10-m1-verdict-nibli-r0,comparison,16,1.1864460000000001,load,17,,,,,,,,,,
00795-comparison-chain-16-backward-s47-d10-m1-verdict-nibli-r0,comparison,16,198.099081,query,,0,False,0,FALSE,,,,,,
00798-comparison-chain-16-backward-s47-d10-m1-verdict-nibli-r1,comparison,16,0.024548,open,,,,,,,,,,,
00798-comparison-chain-16-backward-s47-d10-m1-verdict-nibli-r1,comparison,16,1.24891,load,17,,,,,,,,,,
00798-comparison-chain-16-backward-s47-d10-m1-verdict-nibli-r1,comparison,16,196.070009,query,,0,False,0,FALSE,,,,,,
00801-comparison-chain-16-backward-s47-d10-m1-verdict-nibli-r2,comparison,16,0.025117999999999998,open,,,,,,,,,,,
00801-comparison-chain-16-backward-s47-d10-m1-verdict-nibli-r2,comparison,16,1.0712300000000001,load,17,,,,,,,,,,
00801-comparison-chain-16-backward-s47-d10-m1-verdict-nibli-r2,comparison,16,202.617393,query,,0,False,0,FALSE,,,,,,
00805-evidence-policy-100-both-s131-d10-m1-certificate-nibli-r0,evidence,100,0.025267,open,,,,,,,,,,,
00805-evidence-policy-100-both-s131-d10-m1-certificate-nibli-r0,evidence,100,46.853727,load,103,,,,,,,,,,
00805-evidence-policy-100-both-s131-d10-m1-certificate-nibli-r0,evidence,100,2.337007,certificate,,0,,0,FALSE,101239,,True,0.08836999999999999,906,0.00126
00805-evidence-policy-100-both-s131-d10-m1-certificate-nibli-r0,evidence,100,1.380436,certificate,,1,,0,TRUE,5072,,True,0.013228,36,0.00037
00806-evidence-policy-100-both-s131-d10-m1-certificate-nibli-r1,evidence,100,0.037666000000000005,open,,,,,,,,,,,
00806-evidence-policy-100-both-s131-d10-m1-certificate-nibli-r1,evidence,100,44.457734,load,103,,,,,,,,,,
00806-evidence-policy-100-both-s131-d10-m1-certificate-nibli-r1,evidence,100,2.248528,certificate,,0,,0,FALSE,101239,,True,0.068563,906,0.0016589999999999999
00806-evidence-policy-100-both-s131-d10-m1-certificate-nibli-r1,evidence,100,1.234451,certificate,,1,,0,TRUE,5072,,True,0.013118999999999999,36,0.00064
00807-evidence-policy-100-both-s131-d10-m1-certificate-nibli-r2,evidence,100,0.027616,open,,,,,,,,,,,
00807-evidence-policy-100-both-s131-d10-m1-certificate-nibli-r2,evidence,100,43.489969,load,103,,,,,,,,,,
00807-evidence-policy-100-both-s131-d10-m1-certificate-nibli-r2,evidence,100,2.154018,certificate,,0,,0,FALSE,101239,,True,0.047295000000000004,906,0.00122
00807-evidence-policy-100-both-s131-d10-m1-certificate-nibli-r2,evidence,100,0.946384,certificate,,1,,0,TRUE,5072,,True,0.012147999999999999,36,0.00031
00809-updates-policy-100-both-s47-d10-m1-updates-nibli-r0,updates,100,14.608978,open,,,,,,,,,,,
00809-updates-policy-100-both-s47-d10-m1-updates-nibli-r0,updates,100,334.681577,load,97,,,,,,,,,,
00809-updates-policy-100-both-s47-d10-m1-updates-nibli-r0,updates,100,1.754153,certificate,,0,,0,TRUE,8545,,True,0.023048,60,0.00065
00809-updates-policy-100-both-s47-d10-m1-updates-nibli-r0,updates,100,2.0833969999999997,certificate,,1,,0,FALSE,97879,,True,0.057293000000000004,876,0.00122
00809-updates-policy-100-both-s47-d10-m1-updates-nibli-r0,updates,100,1.636927,certificate,,2,,0,TRUE,8581,,True,0.019227,60,0.00039000000000000005
00809-updates-policy-100-both-s47-d10-m1-updates-nibli-r0,updates,100,1.8923169999999998,certificate,,3,,0,FALSE,97879,,True,0.040695999999999996,876,0.00119
00809-updates-policy-100-both-s47-d10-m1-updates-nibli-r0,updates,100,2.260561,withdrawal,,,,1,,,,,,,
00809-updates-policy-100-both-s47-d10-m1-updates-nibli-r0,updates,100,3.7324010000000003,certificate,,0,,1,TRUE,9043,,True,0.018378,64,0.00043
00809-updates-policy-100-both-s47-d10-m1-updates-nibli-r0,updates,100,2.019613,certificate,,1,,1,FALSE,97319,,True,0.040816,871,0.00138
00809-updates-policy-100-both-s47-d10-m1-updates-nibli-r0,updates,100,1.641146,certificate,,2,,1,TRUE,8581,,True,0.019198,60,0.00041
00809-updates-policy-100-both-s47-d10-m1-updates-nibli-r0,updates,100,1.793799,certificate,,3,,1,FALSE,97319,,True,0.039994999999999996,871,0.00126
00809-updates-policy-100-both-s47-d10-m1-updates-nibli-r0,updates,100,2.230939,withdrawal,,,,2,,,,,,,
00809-updates-policy-100-both-s47-d10-m1-updates-nibli-r0,updates,100,4.311446,certificate,,0,,2,FALSE,242493,,True,0.139374,1731,0.0022500000000000003
00809-updates-policy-100-both-s47-d10-m1-updates-nibli-r0,updates,100,1.174728,certificate,,1,,2,TRUE,5072,,True,0.012419,36,0.00031
00809-updates-policy-100-both-s47-d10-m1-updates-nibli-r0,updates,100,1.6169680000000002,certificate,,2,,2,TRUE,8581,,True,0.019228,60,0.00037
00809-updates-policy-100-both-s47-d10-m1-updates-nibli-r0,updates,100,1.9916909999999999,certificate,,3,,2,FALSE,96759,,True,0.041545000000000006,866,0.00122
00809-updates-policy-100-both-s47-d10-m1-updates-nibli-r0,updates,100,3.015435,reassertion,,,,3,,,,,,,
00809-updates-policy-100-both-s47-d10-m1-updates-nibli-r0,updates,100,1.576583,certificate,,0,,3,TRUE,8557,,True,0.018848,60,0.00042
00809-updates-policy-100-both-s47-d10-m1-updates-nibli-r0,updates,100,1.9674900000000002,certificate,,1,,3,FALSE,97319,,True,0.041956,871,0.001219
00809-updates-policy-100-both-s47-d10-m1-updates-nibli-r0,updates,100,1.811758,certificate,,2,,3,TRUE,8581,,True,0.020087,60,0.00042
00809-updates-policy-100-both-s47-d10-m1-updates-nibli-r0,updates,100,2.475643,certificate,,3,,3,FALSE,97319,,True,0.041165,871,0.0012300000000000002
00809-updates-policy-100-both-s47-d10-m1-updates-nibli-r0,updates,100,282.822607,reopen,,,,4,,,,,,,
00809-updates-policy-100-both-s47-d10-m1-updates-nibli-r0,updates,100,1.718207,certificate,,0,,4,TRUE,8557,,True,0.020308,60,0.00073
00809-updates-policy-100-both-s47-d10-m1-updates-nibli-r0,updates,100,2.04047,certificate,,1,,4,FALSE,97319,,True,0.042086000000000005,871,0.00125
00809-updates-policy-100-both-s47-d10-m1-updates-nibli-r0,updates,100,1.5984,certificate,,2,,4,TRUE,8557,,True,0.019338,60,0.00037
00809-updates-policy-100-both-s47-d10-m1-updates-nibli-r0,updates,100,1.846932,certificate,,3,,4,FALSE,97319,,True,0.041295,871,0.0011799999999999998
00809-updates-policy-100-both-s47-d10-m1-updates-nibli-r0,updates,100,2.997873,withdrawal,,,,5,,,,,,,
00809-updates-policy-100-both-s47-d10-m1-updates-nibli-r0,updates,100,1.76765,certificate,,0,,5,TRUE,8557,,True,0.019806999999999998,60,0.00039999999999999996
00809-updates-policy-100-both-s47-d10-m1-updates-nibli-r0,updates,100,2.04599,certificate,,1,,5,FALSE,96759,,True,0.042624999999999996,866,0.0012
00809-updates-policy-100-both-s47-d10-m1-updates-nibli-r0,updates,100,4.002417,certificate,,2,,5,FALSE,242493,,True,0.097889,1731,0.0022299999999999998
00809-updates-policy-100-both-s47-d10-m1-updates-nibli-r0,updates,100,0.98675,certificate,,3,,5,TRUE,5072,,True,0.012717999999999998,36,0.00031
00809-updates-policy-100-both-s47-d10-m1-updates-nibli-r0,updates,100,3.190741,reassertion,,,,6,,,,,,,
00809-updates-policy-100-both-s47-d10-m1-updates-nibli-r0,updates,100,1.676482,certificate,,0,,6,TRUE,8557,,True,0.019408,60,0.00039999999999999996
00809-updates-policy-100-both-s47-d10-m1-updates-nibli-r0,updates,100,2.038981,certificate,,1,,6,FALSE,97319,,True,0.040996,871,0.001359
00809-updates-policy-100-both-s47-d10-m1-updates-nibli-r0,updates,100,1.655585,certificate,,2,,6,TRUE,8557,,True,0.018827,60,0.00038
00809-updates-policy-100-both-s47-d10-m1-updates-nibli-r0,updates,100,1.9002269999999999,certificate,,3,,6,FALSE,97319,,True,0.041225,871,0.00117
00809-updates-policy-100-both-s47-d10-m1-updates-nibli-r0,updates,100,289.230212,reopen,,,,7,,,,,,,
00809-updates-policy-100-both-s47-d10-m1-updates-nibli-r0,updates,100,1.681502,certificate,,0,,7,TRUE,8557,,True,0.020017,60,0.00041
00809-updates-policy-100-both-s47-d10-m1-updates-nibli-r0,updates,100,1.9574000000000003,certificate,,1,,7,FALSE,97319,,True,0.043095,871,0.0012100000000000001
00809-updates-policy-100-both-s47-d10-m1-updates-nibli-r0,updates,100,1.625516,certificate,,2,,7,TRUE,8557,,True,0.019628,60,0.00039000000000000005
00809-updates-policy-100-both-s47-d10-m1-updates-nibli-r0,updates,100,1.846753,certificate,,3,,7,FALSE,97319,,True,0.041185,871,0.00122
00810-updates-policy-100-both-s47-d10-m1-updates-nibli-r1,updates,100,12.048498,open,,,,,,,,,,,
00810-updates-policy-100-both-s47-d10-m1-updates-nibli-r1,updates,100,361.174105,load,97,,,,,,,,,,
00810-updates-policy-100-both-s47-d10-m1-updates-nibli-r1,updates,100,1.9040560000000002,certificate,,0,,0,TRUE,8545,,True,0.021108,60,0.00063
00810-updates-policy-100-both-s47-d10-m1-updates-nibli-r1,updates,100,2.338482,certificate,,1,,0,FALSE,97879,,True,0.068382,876,0.00117
00810-updates-policy-100-both-s47-d10-m1-updates-nibli-r1,updates,100,1.639756,certificate,,2,,0,TRUE,8581,,True,0.020118,60,0.00039000000000000005
00810-updates-policy-100-both-s47-d10-m1-updates-nibli-r1,updates,100,1.838964,certificate,,3,,0,FALSE,97879,,True,0.040775,876,0.00122
00810-updates-policy-100-both-s47-d10-m1-updates-nibli-r1,updates,100,2.088661,withdrawal,,,,1,,,,,,,
00810-updates-policy-100-both-s47-d10-m1-updates-nibli-r1,updates,100,3.1849819999999998,certificate,,0,,1,TRUE,9043,,True,0.020457,64,0.00044
00810-updates-policy-100-both-s47-d10-m1-updates-nibli-r1,updates,100,2.297012,certificate,,1,,1,FALSE,97319,,True,0.041516,871,0.0012300000000000002
00810-updates-policy-100-both-s47-d10-m1-updates-nibli-r1,updates,100,2.80785,certificate,,2,,1,TRUE,8581,,True,0.020498,60,0.00038
00810-updates-policy-100-both-s47-d10-m1-updates-nibli-r1,updates,100,2.725174,certificate,,3,,1,FALSE,97319,,True,0.042435,871,0.00139
00810-updates-policy-100-both-s47-d10-m1-updates-nibli-r1,updates,100,2.862939,withdrawal,,,,2,,,,,,,
00810-updates-policy-100-both-s47-d10-m1-updates-nibli-r1,updates,100,4.078621,certificate,,0,,2,FALSE,242493,,True,0.16341199999999997,1731,0.002239
00810-updates-policy-100-both-s47-d10-m1-updates-nibli-r1,updates,100,1.361126,certificate,,1,,2,TRUE,5072,,True,0.013528,36,0.00033999999999999997
00810-updates-policy-100-both-s47-d10-m1-updates-nibli-r1,updates,100,1.730093,certificate,,2,,2,TRUE,8581,,True,0.018147,60,0.00039999999999999996
00810-updates-policy-100-both-s47-d10-m1-updates-nibli-r1,updates,100,1.937986,certificate,,3,,2,FALSE,96759,,True,0.148393,866,0.00124
00810-updates-policy-100-both-s47-d10-m1-updates-nibli-r1,updates,100,2.902446,reassertion,,,,3,,,,,,,
00810-updates-policy-100-both-s47-d10-m1-updates-nibli-r1,updates,100,1.686971,certificate,,0,,3,TRUE,8557,,True,0.019087,60,0.00041
00810-updates-policy-100-both-s47-d10-m1-updates-nibli-r1,updates,100,2.008385,certificate,,1,,3,FALSE,97319,,True,0.041585000000000004,871,0.00116
00810-updates-policy-100-both-s47-d10-m1-updates-nibli-r1,updates,100,1.708538,certificate,,2,,3,TRUE,8581,,True,0.019238,60,0.00039999999999999996
00810-updates-policy-100-both-s47-d10-m1-updates-nibli-r1,updates,100,1.915095,certificate,,3,,3,FALSE,97319,,True,0.046155,871,0.00152
00810-updates-policy-100-both-s47-d10-m1-updates-nibli-r1,updates,100,281.081782,reopen,,,,4,,,,,,,
00810-updates-policy-100-both-s47-d10-m1-updates-nibli-r1,updates,100,1.700489,certificate,,0,,4,TRUE,8557,,True,0.020427,60,0.0007899999999999999
00810-updates-policy-100-both-s47-d10-m1-updates-nibli-r1,updates,100,2.0404109999999998,certificate,,1,,4,FALSE,97319,,True,0.041116,871,0.00124
00810-updates-policy-100-both-s47-d10-m1-updates-nibli-r1,updates,100,1.6765,certificate,,2,,4,TRUE,8557,,True,0.019748,60,0.00045
00810-updates-policy-100-both-s47-d10-m1-updates-nibli-r1,updates,100,1.840373,certificate,,3,,4,FALSE,97319,,True,0.039915,871,0.0012300000000000002
00810-updates-policy-100-both-s47-d10-m1-updates-nibli-r1,updates,100,2.683399,withdrawal,,,,5,,,,,,,
00810-updates-policy-100-both-s47-d10-m1-updates-nibli-r1,updates,100,1.748005,certificate,,0,,5,TRUE,8557,,True,0.019618,60,0.00041
00810-updates-policy-100-both-s47-d10-m1-updates-nibli-r1,updates,100,2.094926,certificate,,1,,5,FALSE,96759,,True,0.042895,866,0.0012
00810-updates-policy-100-both-s47-d10-m1-updates-nibli-r1,updates,100,4.086062,certificate,,2,,5,FALSE,242493,,True,0.096369,1731,0.002359
00810-updates-policy-100-both-s47-d10-m1-updates-nibli-r1,updates,100,0.9999080000000001,certificate,,3,,5,TRUE,5072,,True,0.011768,36,0.0003
00810-updates-policy-100-both-s47-d10-m1-updates-nibli-r1,updates,100,2.945828,reassertion,,,,6,,,,,,,
00810-updates-policy-100-both-s47-d10-m1-updates-nibli-r1,updates,100,1.627008,certificate,,0,,6,TRUE,8557,,True,0.019108,60,0.00044
00810-updates-policy-100-both-s47-d10-m1-updates-nibli-r1,updates,100,2.001901,certificate,,1,,6,FALSE,97319,,True,0.042545,871,0.00128
00810-updates-policy-100-both-s47-d10-m1-updates-nibli-r1,updates,100,1.6063,certificate,,2,,6,TRUE,8557,,True,0.018978000000000002,60,0.00038
00810-updates-policy-100-both-s47-d10-m1-updates-nibli-r1,updates,100,1.809007,certificate,,3,,6,FALSE,97319,,True,0.040015,871,0.00119
00810-updates-policy-100-both-s47-d10-m1-updates-nibli-r1,updates,100,273.20207600000003,reopen,,,,7,,,,,,,
00810-updates-policy-100-both-s47-d10-m1-updates-nibli-r1,updates,100,1.766992,certificate,,0,,7,TRUE,8557,,True,0.019208,60,0.00041
00810-updates-policy-100-both-s47-d10-m1-updates-nibli-r1,updates,100,2.169523,certificate,,1,,7,FALSE,97319,,True,0.040945999999999996,871,0.001209
00810-updates-policy-100-both-s47-d10-m1-updates-nibli-r1,updates,100,1.8676739999999998,certificate,,2,,7,TRUE,8557,,True,0.019768,60,0.00041
00810-updates-policy-100-both-s47-d10-m1-updates-nibli-r1,updates,100,2.193248,certificate,,3,,7,FALSE,97319,,True,0.041616,871,0.00124
00811-updates-policy-100-both-s47-d10-m1-updates-nibli-r2,updates,100,10.128862,open,,,,,,,,,,,
00811-updates-policy-100-both-s47-d10-m1-updates-nibli-r2,updates,100,332.896342,load,97,,,,,,,,,,
00811-updates-policy-100-both-s47-d10-m1-updates-nibli-r2,updates,100,1.8398489999999998,certificate,,0,,0,TRUE,8545,,True,0.022757,60,0.00069
00811-updates-policy-100-both-s47-d10-m1-updates-nibli-r2,updates,100,2.036347,certificate,,1,,0,FALSE,97879,,True,0.056743999999999996,876,0.00159
00811-updates-policy-100-both-s47-d10-m1-updates-nibli-r2,updates,100,1.6563890000000001,certificate,,2,,0,TRUE,8581,,True,0.019878,60,0.00044
00811-updates-policy-100-both-s47-d10-m1-updates-nibli-r2,updates,100,1.9011069999999999,certificate,,3,,0,FALSE,97879,,True,0.040846,876,0.001229
00811-updates-policy-100-both-s47-d10-m1-updates-nibli-r2,updates,100,2.2471829999999997,withdrawal,,,,1,,,,,,,
00811-updates-policy-100-both-s47-d10-m1-updates-nibli-r2,updates,100,3.041573,certificate,,0,,1,TRUE,9043,,True,0.019817,64,0.00042
00811-updates-policy-100-both-s47-d10-m1-updates-nibli-r2,updates,100,2.074163,certificate,,1,,1,FALSE,97319,,True,0.043455,871,0.00142
00811-updates-policy-100-both-s47-d10-m1-updates-nibli-r2,updates,100,1.625807,certificate,,2,,1,TRUE,8581,,True,0.018598,60,0.00035999999999999997
00811-updates-policy-100-both-s47-d10-m1-updates-nibli-r2,updates,100,1.840773,certificate,,3,,1,FALSE,97319,,True,0.040385,871,0.0012
00811-updates-policy-100-both-s47-d10-m1-updates-nibli-r2,updates,100,2.230353,withdrawal,,,,2,,,,,,,
00811-updates-policy-100-both-s47-d10-m1-updates-nibli-r2,updates,100,4.308079,certificate,,0,,2,FALSE,242493,,True,0.14461300000000002,1731,0.0023
00811-updates-policy-100-both-s47-d10-m1-updates-nibli-r2,updates,100,1.118534,certificate,,1,,2,TRUE,5072,,True,0.011888999999999999,36,0.0003
00811-updates-policy-100-both-s47-d10-m1-updates-nibli-r2,updates,100,1.579223,certificate,,2,,2,TRUE,8581,,True,0.018078,60,0.00038
00811-updates-policy-100-both-s47-d10-m1-updates-nibli-r2,updates,100,1.843002,certificate,,3,,2,FALSE,96759,,True,0.153163,866,0.001199
00811-updates-policy-100-both-s47-d10-m1-updates-nibli-r2,updates,100,2.887032,reassertion,,,,3,,,,,,,
00811-updates-policy-100-both-s47-d10-m1-updates-nibli-r2,updates,100,1.5293189999999999,certificate,,0,,3,TRUE,8557,,True,0.017447999999999998,60,0.00041
00811-updates-policy-100-both-s47-d10-m1-updates-nibli-r2,updates,100,2.04292,certificate,,1,,3,FALSE,97319,,True,0.042135000000000006,871,0.0012300000000000002
00811-updates-policy-100-both-s47-d10-m1-updates-nibli-r2,updates,100,1.64146,certificate,,2,,3,TRUE,8581,,True,0.018448,60,0.00041
00811-updates-policy-100-both-s47-d10-m1-updates-nibli-r2,updates,100,1.891602,certificate,,3,,3,FALSE,97319,,True,0.041135,871,0.00124
00811-updates-policy-100-both-s47-d10-m1-updates-nibli-r2,updates,100,290.299749,reopen,,,,4,,,,,,,
00811-updates-policy-100-both-s47-d10-m1-updates-nibli-r2,updates,100,2.0226279999999996,certificate,,0,,4,TRUE,8557,,True,0.022348,60,0.00083
00811-updates-policy-100-both-s47-d10-m1-updates-nibli-r2,updates,100,2.0568090000000003,certificate,,1,,4,FALSE,97319,,True,0.041245000000000004,871,0.0012300000000000002
00811-updates-policy-100-both-s47-d10-m1-updates-nibli-r2,updates,100,1.652755,certificate,,2,,4,TRUE,8557,,True,0.019817,60,0.00039000000000000005
00811-updates-policy-100-both-s47-d10-m1-updates-nibli-r2,updates,100,1.848922,certificate,,3,,4,FALSE,97319,,True,0.040315000000000004,871,0.00115
00811-updates-policy-100-both-s47-d10-m1-updates-nibli-r2,updates,100,2.422653,withdrawal,,,,5,,,,,,,
00811-updates-policy-100-both-s47-d10-m1-updates-nibli-r2,updates,100,1.7409949999999998,certificate,,0,,5,TRUE,8557,,True,0.018847000000000003,60,0.00041
00811-updates-policy-100-both-s47-d10-m1-updates-nibli-r2,updates,100,2.129317,certificate,,1,,5,FALSE,96759,,True,0.041176,866,0.001209
00811-updates-policy-100-both-s47-d10-m1-updates-nibli-r2,updates,100,4.1145380000000005,certificate,,2,,5,FALSE,242493,,True,0.100369,1731,0.00214
00811-updates-policy-100-both-s47-d10-m1-updates-nibli-r2,updates,100,1.0426330000000001,certificate,,3,,5,TRUE,5072,,True,0.012079000000000001,36,0.00031
00811-updates-policy-100-both-s47-d10-m1-updates-nibli-r2,updates,100,3.006623,reassertion,,,,6,,,,,,,
00811-updates-policy-100-both-s47-d10-m1-updates-nibli-r2,updates,100,1.555575,certificate,,0,,6,TRUE,8557,,True,0.032507,60,0.00041
00811-updates-policy-100-both-s47-d10-m1-updates-nibli-r2,updates,100,1.9583589999999997,certificate,,1,,6,FALSE,97319,,True,0.065453,871,0.0024590000000000002
00811-updates-policy-100-both-s47-d10-m1-updates-nibli-r2,updates,100,1.699027,certificate,,2,,6,TRUE,8557,,True,0.019778,60,0.00039000000000000005
00811-updates-policy-100-both-s47-d10-m1-updates-nibli-r2,updates,100,1.814816,certificate,,3,,6,FALSE,97319,,True,0.055294,871,0.00124
00811-updates-policy-100-both-s47-d10-m1-updates-nibli-r2,updates,100,288.093452,reopen,,,,7,,,,,,,
00811-updates-policy-100-both-s47-d10-m1-updates-nibli-r2,updates,100,1.845583,certificate,,0,,7,TRUE,8557,,True,0.019157999999999998,60,0.00039000000000000005
00811-updates-policy-100-both-s47-d10-m1-updates-nibli-r2,updates,100,2.062579,certificate,,1,,7,FALSE,97319,,True,0.041825,871,0.0012300000000000002
00811-updates-policy-100-both-s47-d10-m1-updates-nibli-r2,updates,100,1.627437,certificate,,2,,7,TRUE,8557,,True,0.018918,60,0.00033999999999999997
00811-updates-policy-100-both-s47-d10-m1-updates-nibli-r2,updates,100,1.919135,certificate,,3,,7,FALSE,97319,,True,0.056614,871,0.002049
00813-bounds-chain-8-backward-s83-d2-m0-verdict-nibli-r0,bounds,8,0.027497,open,,,,,,,,,,,
00813-bounds-chain-8-backward-s83-d2-m0-verdict-nibli-r0,bounds,8,0.49867399999999995,load,9,,,,,,,,,,
00813-bounds-chain-8-backward-s83-d2-m0-verdict-nibli-r0,bounds,8,30.457733,query,,0,False,0,FALSE,,,,,,
00814-bounds-chain-8-backward-s83-d2-m0-verdict-nibli-r1,bounds,8,0.025037,open,,,,,,,,,,,
00814-bounds-chain-8-backward-s83-d2-m0-verdict-nibli-r1,bounds,8,0.481696,load,9,,,,,,,,,,
00814-bounds-chain-8-backward-s83-d2-m0-verdict-nibli-r1,bounds,8,29.932482,query,,0,False,0,FALSE,,,,,,
00815-bounds-chain-8-backward-s83-d2-m0-verdict-nibli-r2,bounds,8,0.024428000000000002,open,,,,,,,,,,,
00815-bounds-chain-8-backward-s83-d2-m0-verdict-nibli-r2,bounds,8,0.480336,load,9,,,,,,,,,,
00815-bounds-chain-8-backward-s83-d2-m0-verdict-nibli-r2,bounds,8,30.254331999999998,query,,0,False,0,FALSE,,,,,,
00819-comparison-chain-4-forward-s131-d10-m1-verdict-nibli-r0,comparison,4,0.024387,open,,,,,,,,,,,
00819-comparison-chain-4-forward-s131-d10-m1-verdict-nibli-r0,comparison,4,0.277819,load,5,,,,,,,,,,
00819-comparison-chain-4-forward-s131-d10-m1-verdict-nibli-r0,comparison,4,73.929279,query,,0,True,0,TRUE,,,,,,
00824-comparison-chain-4-forward-s131-d10-m1-verdict-nibli-r1,comparison,4,0.024617,open,,,,,,,,,,,
00824-comparison-chain-4-forward-s131-d10-m1-verdict-nibli-r1,comparison,4,0.29258700000000004,load,5,,,,,,,,,,
00824-comparison-chain-4-forward-s131-d10-m1-verdict-nibli-r1,comparison,4,72.82828099999999,query,,0,True,0,TRUE,,,,,,
00827-comparison-chain-4-forward-s131-d10-m1-verdict-nibli-r2,comparison,4,0.024907000000000002,open,,,,,,,,,,,
00827-comparison-chain-4-forward-s131-d10-m1-verdict-nibli-r2,comparison,4,0.325704,load,5,,,,,,,,,,
00827-comparison-chain-4-forward-s131-d10-m1-verdict-nibli-r2,comparison,4,76.93922,query,,0,True,0,TRUE,,,,,,
00829-bounds-chain-8-forward-s23-d20-m1-verdict-nibli-r0,bounds,8,0.031497,open,,,,,,,,,,,
00829-bounds-chain-8-forward-s23-d20-m1-verdict-nibli-r0,bounds,8,0.526851,load,9,,,,,,,,,,
00829-bounds-chain-8-forward-s23-d20-m1-verdict-nibli-r0,bounds,8,6645.249699,query,,0,True,0,TRUE,,,,,,
00830-bounds-chain-8-forward-s23-d20-m1-verdict-nibli-r1,bounds,8,0.036326,open,,,,,,,,,,,
00830-bounds-chain-8-forward-s23-d20-m1-verdict-nibli-r1,bounds,8,1.15665,load,9,,,,,,,,,,
00830-bounds-chain-8-forward-s23-d20-m1-verdict-nibli-r1,bounds,8,6707.10646,query,,0,True,0,TRUE,,,,,,
00831-bounds-chain-8-forward-s23-d20-m1-verdict-nibli-r2,bounds,8,0.026657,open,,,,,,,,,,,
00831-bounds-chain-8-forward-s23-d20-m1-verdict-nibli-r2,bounds,8,0.546479,load,9,,,,,,,,,,
00831-bounds-chain-8-forward-s23-d20-m1-verdict-nibli-r2,bounds,8,6664.934341,query,,0,True,0,TRUE,,,,,,
00833-bounds-policy-100-both-s47-d2-m1-verdict-nibli-r0,bounds,100,0.024957,open,,,,,,,,,,,
00833-bounds-policy-100-both-s47-d2-m1-verdict-nibli-r0,bounds,100,42.514707,load,96,,,,,,,,,,
00833-bounds-policy-100-both-s47-d2-m1-verdict-nibli-r0,bounds,100,0.314654,query,,0,False,0,FALSE,,,,,,
00833-bounds-policy-100-both-s47-d2-m1-verdict-nibli-r0,bounds,100,0.049484,query,,1,True,0,TRUE,,,,,,
00834-bounds-policy-100-both-s47-d2-m1-verdict-nibli-r1,bounds,100,0.027246999999999997,open,,,,,,,,,,,
00834-bounds-policy-100-both-s47-d2-m1-verdict-nibli-r1,bounds,100,37.377148999999996,load,96,,,,,,,,,,
00834-bounds-policy-100-both-s47-d2-m1-verdict-nibli-r1,bounds,100,0.312135,query,,0,False,0,FALSE,,,,,,
00834-bounds-policy-100-both-s47-d2-m1-verdict-nibli-r1,bounds,100,0.014928,query,,1,True,0,TRUE,,,,,,
00835-bounds-policy-100-both-s47-d2-m1-verdict-nibli-r2,bounds,100,0.030137,open,,,,,,,,,,,
00835-bounds-policy-100-both-s47-d2-m1-verdict-nibli-r2,bounds,100,38.422195,load,96,,,,,,,,,,
00835-bounds-policy-100-both-s47-d2-m1-verdict-nibli-r2,bounds,100,0.31963400000000003,query,,0,False,0,FALSE,,,,,,
00835-bounds-policy-100-both-s47-d2-m1-verdict-nibli-r2,bounds,100,0.030707,query,,1,True,0,TRUE,,,,,,
00837-bounds-chain-8-forward-s47-d5-m0-verdict-nibli-r0,bounds,8,0.028387000000000003,open,,,,,,,,,,,
00837-bounds-chain-8-forward-s47-d5-m0-verdict-nibli-r0,bounds,8,0.53308,load,9,,,,,,,,,,
00837-bounds-chain-8-forward-s47-d5-m0-verdict-nibli-r0,bounds,8,2655.979972,query,,0,True,0,TRUE,,,,,,
00838-bounds-chain-8-forward-s47-d5-m0-verdict-nibli-r1,bounds,8,0.034966,open,,,,,,,,,,,
00838-bounds-chain-8-forward-s47-d5-m0-verdict-nibli-r1,bounds,8,0.543319,load,9,,,,,,,,,,
00838-bounds-chain-8-forward-s47-d5-m0-verdict-nibli-r1,bounds,8,2661.9066390000003,query,,0,True,0,TRUE,,,,,,
00839-bounds-chain-8-forward-s47-d5-m0-verdict-nibli-r2,bounds,8,0.027157,open,,,,,,,,,,,
00839-bounds-chain-8-forward-s47-d5-m0-verdict-nibli-r2,bounds,8,0.5272709999999999,load,9,,,,,,,,,,
00839-bounds-chain-8-forward-s47-d5-m0-verdict-nibli-r2,bounds,8,2679.357084,query,,0,True,0,TRUE,,,,,,
00841-bounds-policy-100-both-s23-d5-m0-verdict-nibli-r0,bounds,100,0.029656,open,,,,,,,,,,,
00841-bounds-policy-100-both-s23-d5-m0-verdict-nibli-r0,bounds,100,42.672899,load,100,,,,,,,,,,
00841-bounds-policy-100-both-s23-d5-m0-verdict-nibli-r0,bounds,100,904.4236209999999,query,,0,False,0,FALSE,,,,,,
00841-bounds-policy-100-both-s23-d5-m0-verdict-nibli-r0,bounds,100,2454.002149,query,,1,True,0,TRUE,,,,,,
00842-bounds-policy-100-both-s23-d5-m0-verdict-nibli-r1,bounds,100,0.029917,open,,,,,,,,,,,
00842-bounds-policy-100-both-s23-d5-m0-verdict-nibli-r1,bounds,100,42.424991000000006,load,100,,,,,,,,,,
00842-bounds-policy-100-both-s23-d5-m0-verdict-nibli-r1,bounds,100,874.3724910000001,query,,0,False,0,FALSE,,,,,,
00842-bounds-policy-100-both-s23-d5-m0-verdict-nibli-r1,bounds,100,2426.9685,query,,1,True,0,TRUE,,,,,,
00843-bounds-policy-100-both-s23-d5-m0-verdict-nibli-r2,bounds,100,0.028917,open,,,,,,,,,,,
00843-bounds-policy-100-both-s23-d5-m0-verdict-nibli-r2,bounds,100,42.224047,load,100,,,,,,,,,,
00843-bounds-policy-100-both-s23-d5-m0-verdict-nibli-r2,bounds,100,881.4835909999999,query,,0,False,0,FALSE,,,,,,
00843-bounds-policy-100-both-s23-d5-m0-verdict-nibli-r2,bounds,100,2470.743027,query,,1,True,0,TRUE,,,,,,
00847-comparison-policy-10000-both-s131-d10-m1-verdict-nibli-r0,comparison,10000,0.029747000000000003,open,,,,,,,,,,,
00850-comparison-policy-10000-both-s131-d10-m1-verdict-nibli-r1,comparison,10000,0.034326,open,,,,,,,,,,,
00855-comparison-policy-10000-both-s131-d10-m1-verdict-nibli-r2,comparison,10000,0.039255000000000005,open,,,,,,,,,,,
00860-comparison-policy-10000-both-s47-d10-m1-verdict-nibli-r0,comparison,10000,0.030936,open,,,,,,,,,,,
00863-comparison-policy-10000-both-s47-d10-m1-verdict-nibli-r1,comparison,10000,0.030865999999999998,open,,,,,,,,,,,
00866-comparison-policy-10000-both-s47-d10-m1-verdict-nibli-r2,comparison,10000,0.030687,open,,,,,,,,,,,
00869-bounds-policy-100-both-s83-d5-m1-verdict-nibli-r0,bounds,100,0.024797,open,,,,,,,,,,,
00869-bounds-policy-100-both-s83-d5-m1-verdict-nibli-r0,bounds,100,39.454542000000004,load,101,,,,,,,,,,
00869-bounds-policy-100-both-s83-d5-m1-verdict-nibli-r0,bounds,100,0.314745,query,,0,False,0,FALSE,,,,,,
00869-bounds-policy-100-both-s83-d5-m1-verdict-nibli-r0,bounds,100,0.031187,query,,1,True,0,TRUE,,,,,,
00870-bounds-policy-100-both-s83-d5-m1-verdict-nibli-r1,bounds,100,0.030255999999999998,open,,,,,,,,,,,
00870-bounds-policy-100-both-s83-d5-m1-verdict-nibli-r1,bounds,100,41.443391000000005,load,101,,,,,,,,,,
00870-bounds-policy-100-both-s83-d5-m1-verdict-nibli-r1,bounds,100,0.317974,query,,0,False,0,FALSE,,,,,,
00870-bounds-policy-100-both-s83-d5-m1-verdict-nibli-r1,bounds,100,0.015158,query,,1,True,0,TRUE,,,,,,
00871-bounds-policy-100-both-s83-d5-m1-verdict-nibli-r2,bounds,100,0.026017,open,,,,,,,,,,,
00871-bounds-policy-100-both-s83-d5-m1-verdict-nibli-r2,bounds,100,41.463795999999995,load,101,,,,,,,,,,
00871-bounds-policy-100-both-s83-d5-m1-verdict-nibli-r2,bounds,100,0.312315,query,,0,False,0,FALSE,,,,,,
00871-bounds-policy-100-both-s83-d5-m1-verdict-nibli-r2,bounds,100,0.014569,query,,1,True,0,TRUE,,,,,,
00873-evidence-policy-100-both-s11-d10-m1-verdict-nibli-r0,evidence,100,0.024897,open,,,,,,,,,,,
00873-evidence-policy-100-both-s11-d10-m1-verdict-nibli-r0,evidence,100,42.059863,load,102,,,,,,,,,,
00873-evidence-policy-100-both-s11-d10-m1-verdict-nibli-r0,evidence,100,0.289767,query,,0,False,0,FALSE,,,,,,
00873-evidence-policy-100-both-s11-d10-m1-verdict-nibli-r0,evidence,100,0.013947999999999999,query,,1,True,0,TRUE,,,,,,
00874-evidence-policy-100-both-s11-d10-m1-verdict-nibli-r1,evidence,100,0.024717,open,,,,,,,,,,,
00874-evidence-policy-100-both-s11-d10-m1-verdict-nibli-r1,evidence,100,41.59046,load,102,,,,,,,,,,
00874-evidence-policy-100-both-s11-d10-m1-verdict-nibli-r1,evidence,100,0.320714,query,,0,False,0,FALSE,,,,,,
00874-evidence-policy-100-both-s11-d10-m1-verdict-nibli-r1,evidence,100,0.030806000000000004,query,,1,True,0,TRUE,,,,,,
00875-evidence-policy-100-both-s11-d10-m1-verdict-nibli-r2,evidence,100,0.025417000000000002,open,,,,,,,,,,,
00875-evidence-policy-100-both-s11-d10-m1-verdict-nibli-r2,evidence,100,44.119855,load,102,,,,,,,,,,
00875-evidence-policy-100-both-s11-d10-m1-verdict-nibli-r2,evidence,100,0.327544,query,,0,False,0,FALSE,,,,,,
00875-evidence-policy-100-both-s11-d10-m1-verdict-nibli-r2,evidence,100,0.031016000000000002,query,,1,True,0,TRUE,,,,,,
00881-comparison-chain-4-backward-s47-d10-m1-verdict-nibli-r0,comparison,4,0.027497,open,,,,,,,,,,,
00881-comparison-chain-4-backward-s47-d10-m1-verdict-nibli-r0,comparison,4,0.270709,load,5,,,,,,,,,,
00881-comparison-chain-4-backward-s47-d10-m1-verdict-nibli-r0,comparison,4,4.398003999999999,query,,0,False,0,FALSE,,,,,,
00884-comparison-chain-4-backward-s47-d10-m1-verdict-nibli-r1,comparison,4,0.025077000000000002,open,,,,,,,,,,,
00884-comparison-chain-4-backward-s47-d10-m1-verdict-nibli-r1,comparison,4,0.27535,load,5,,,,,,,,,,
00884-comparison-chain-4-backward-s47-d10-m1-verdict-nibli-r1,comparison,4,4.255525,query,,0,False,0,FALSE,,,,,,
00886-comparison-chain-4-backward-s47-d10-m1-verdict-nibli-r2,comparison,4,0.024238,open,,,,,,,,,,,
00886-comparison-chain-4-backward-s47-d10-m1-verdict-nibli-r2,comparison,4,0.273109,load,5,,,,,,,,,,
00886-comparison-chain-4-backward-s47-d10-m1-verdict-nibli-r2,comparison,4,4.342753,query,,0,False,0,FALSE,,,,,,
00889-bounds-chain-8-backward-s83-d2-m1-verdict-nibli-r0,bounds,8,0.024437,open,,,,,,,,,,,
00889-bounds-chain-8-backward-s83-d2-m1-verdict-nibli-r0,bounds,8,0.465308,load,9,,,,,,,,,,
00889-bounds-chain-8-backward-s83-d2-m1-verdict-nibli-r0,bounds,8,31.252692999999997,query,,0,False,0,FALSE,,,,,,
00890-bounds-chain-8-backward-s83-d2-m1-verdict-nibli-r1,bounds,8,0.024547,open,,,,,,,,,,,
00890-bounds-chain-8-backward-s83-d2-m1-verdict-nibli-r1,bounds,8,0.471257,load,9,,,,,,,,,,
00890-bounds-chain-8-backward-s83-d2-m1-verdict-nibli-r1,bounds,8,30.7588,query,,0,False,0,FALSE,,,,,,
00891-bounds-chain-8-backward-s83-d2-m1-verdict-nibli-r2,bounds,8,0.027517,open,,,,,,,,,,,
00891-bounds-chain-8-backward-s83-d2-m1-verdict-nibli-r2,bounds,8,0.46755800000000003,load,9,,,,,,,,,,
00891-bounds-chain-8-backward-s83-d2-m1-verdict-nibli-r2,bounds,8,31.219553,query,,0,False,0,FALSE,,,,,,
00893-evidence-policy-1000-both-s11-d10-m1-verdict-nibli-r0,evidence,1000,0.026716999999999998,open,,,,,,,,,,,
00893-evidence-policy-1000-both-s11-d10-m1-verdict-nibli-r0,evidence,1000,3840.979295,load,983,,,,,,,,,,
00893-evidence-policy-1000-both-s11-d10-m1-verdict-nibli-r0,evidence,1000,2.618628,query,,0,False,0,FALSE,,,,,,
00893-evidence-policy-1000-both-s11-d10-m1-verdict-nibli-r0,evidence,1000,0.034176,query,,1,True,0,TRUE,,,,,,
00894-evidence-policy-1000-both-s11-d10-m1-verdict-nibli-r1,evidence,1000,0.027187,open,,,,,,,,,,,
00894-evidence-policy-1000-both-s11-d10-m1-verdict-nibli-r1,evidence,1000,3953.347126,load,983,,,,,,,,,,
00894-evidence-policy-1000-both-s11-d10-m1-verdict-nibli-r1,evidence,1000,1.9696380000000002,query,,0,False,0,FALSE,,,,,,
00894-evidence-policy-1000-both-s11-d10-m1-verdict-nibli-r1,evidence,1000,0.033046,query,,1,True,0,TRUE,,,,,,
00895-evidence-policy-1000-both-s11-d10-m1-verdict-nibli-r2,evidence,1000,0.027977,open,,,,,,,,,,,
00895-evidence-policy-1000-both-s11-d10-m1-verdict-nibli-r2,evidence,1000,3869.340629,load,983,,,,,,,,,,
00895-evidence-policy-1000-both-s11-d10-m1-verdict-nibli-r2,evidence,1000,1.960669,query,,0,False,0,FALSE,,,,,,
00895-evidence-policy-1000-both-s11-d10-m1-verdict-nibli-r2,evidence,1000,0.035156,query,,1,True,0,TRUE,,,,,,
00897-bounds-policy-100-both-s23-d5-m1-verdict-nibli-r0,bounds,100,0.072881,open,,,,,,,,,,,
00897-bounds-policy-100-both-s23-d5-m1-verdict-nibli-r0,bounds,100,40.68831,load,100,,,,,,,,,,
00897-bounds-policy-100-both-s23-d5-m1-verdict-nibli-r0,bounds,100,0.31698400000000004,query,,0,False,0,FALSE,,,,,,
00897-bounds-policy-100-both-s23-d5-m1-verdict-nibli-r0,bounds,100,0.014718,query,,1,True,0,TRUE,,,,,,
00898-bounds-policy-100-both-s23-d5-m1-verdict-nibli-r1,bounds,100,0.025086999999999998,open,,,,,,,,,,,
00898-bounds-policy-100-both-s23-d5-m1-verdict-nibli-r1,bounds,100,42.15278,load,100,,,,,,,,,,
00898-bounds-policy-100-both-s23-d5-m1-verdict-nibli-r1,bounds,100,0.290657,query,,0,False,0,FALSE,,,,,,
00898-bounds-policy-100-both-s23-d5-m1-verdict-nibli-r1,bounds,100,0.013638,query,,1,True,0,TRUE,,,,,,
00899-bounds-policy-100-both-s23-d5-m1-verdict-nibli-r2,bounds,100,0.028297,open,,,,,,,,,,,
00899-bounds-policy-100-both-s23-d5-m1-verdict-nibli-r2,bounds,100,43.560966,load,100,,,,,,,,,,
00899-bounds-policy-100-both-s23-d5-m1-verdict-nibli-r2,bounds,100,0.32262399999999997,query,,0,False,0,FALSE,,,,,,
00899-bounds-policy-100-both-s23-d5-m1-verdict-nibli-r2,bounds,100,0.030806999999999998,query,,1,True,0,TRUE,,,,,,
00903-comparison-policy-10000-both-s83-d10-m1-verdict-nibli-r0,comparison,10000,0.030257,open,,,,,,,,,,,
00908-comparison-policy-10000-both-s83-d10-m1-verdict-nibli-r1,comparison,10000,0.037237000000000006,open,,,,,,,,,,,
00911-comparison-policy-10000-both-s83-d10-m1-verdict-nibli-r2,comparison,10000,0.033158,open,,,,,,,,,,,
00913-bounds-chain-8-backward-s131-d5-m0-verdict-nibli-r0,bounds,8,0.024518,open,,,,,,,,,,,
00913-bounds-chain-8-backward-s131-d5-m0-verdict-nibli-r0,bounds,8,0.472055,load,9,,,,,,,,,,
00913-bounds-chain-8-backward-s131-d5-m0-verdict-nibli-r0,bounds,8,29.047345,query,,0,False,0,FALSE,,,,,,
00914-bounds-chain-8-backward-s131-d5-m0-verdict-nibli-r1,bounds,8,0.025078,open,,,,,,,,,,,
00914-bounds-chain-8-backward-s131-d5-m0-verdict-nibli-r1,bounds,8,0.505863,load,9,,,,,,,,,,
00914-bounds-chain-8-backward-s131-d5-m0-verdict-nibli-r1,bounds,8,28.9075,query,,0,False,0,FALSE,,,,,,
00915-bounds-chain-8-backward-s131-d5-m0-verdict-nibli-r2,bounds,8,0.026678,open,,,,,,,,,,,
00915-bounds-chain-8-backward-s131-d5-m0-verdict-nibli-r2,bounds,8,0.47758399999999995,load,9,,,,,,,,,,
00915-bounds-chain-8-backward-s131-d5-m0-verdict-nibli-r2,bounds,8,28.958308,query,,0,False,0,FALSE,,,,,,
00917-bounds-policy-100-both-s23-d10-m0-verdict-nibli-r0,bounds,100,0.029618,open,,,,,,,,,,,
00917-bounds-policy-100-both-s23-d10-m0-verdict-nibli-r0,bounds,100,41.687509,load,100,,,,,,,,,,
00917-bounds-policy-100-both-s23-d10-m0-verdict-nibli-r0,bounds,100,884.484004,query,,0,False,0,FALSE,,,,,,
00917-bounds-policy-100-both-s23-d10-m0-verdict-nibli-r0,bounds,100,2423.214873,query,,1,True,0,TRUE,,,,,,
00918-bounds-policy-100-both-s23-d10-m0-verdict-nibli-r1,bounds,100,0.029818,open,,,,,,,,,,,
00918-bounds-policy-100-both-s23-d10-m0-verdict-nibli-r1,bounds,100,43.658188,load,100,,,,,,,,,,
00918-bounds-policy-100-both-s23-d10-m0-verdict-nibli-r1,bounds,100,866.696639,query,,0,False,0,FALSE,,,,,,
00918-bounds-policy-100-both-s23-d10-m0-verdict-nibli-r1,bounds,100,2398.931176,query,,1,True,0,TRUE,,,,,,
00919-bounds-policy-100-both-s23-d10-m0-verdict-nibli-r2,bounds,100,0.029098000000000002,open,,,,,,,,,,,
00919-bounds-policy-100-both-s23-d10-m0-verdict-nibli-r2,bounds,100,41.310325,load,100,,,,,,,,,,
00919-bounds-policy-100-both-s23-d10-m0-verdict-nibli-r2,bounds,100,922.702547,query,,0,False,0,FALSE,,,,,,
00919-bounds-policy-100-both-s23-d10-m0-verdict-nibli-r2,bounds,100,2397.037901,query,,1,True,0,TRUE,,,,,,
00921-bounds-chain-8-backward-s131-d20-m1-verdict-nibli-r0,bounds,8,0.027427999999999998,open,,,,,,,,,,,
00921-bounds-chain-8-backward-s131-d20-m1-verdict-nibli-r0,bounds,8,0.517043,load,9,,,,,,,,,,
00921-bounds-chain-8-backward-s131-d20-m1-verdict-nibli-r0,bounds,8,28.999571,query,,0,False,0,FALSE,,,,,,
00922-bounds-chain-8-backward-s131-d20-m1-verdict-nibli-r1,bounds,8,0.029207,open,,,,,,,,,,,
00922-bounds-chain-8-backward-s131-d20-m1-verdict-nibli-r1,bounds,8,0.600557,load,9,,,,,,,,,,
00922-bounds-chain-8-backward-s131-d20-m1-verdict-nibli-r1,bounds,8,28.640342999999998,query,,0,False,0,FALSE,,,,,,
00923-bounds-chain-8-backward-s131-d20-m1-verdict-nibli-r2,bounds,8,0.025168,open,,,,,,,,,,,
00923-bounds-chain-8-backward-s131-d20-m1-verdict-nibli-r2,bounds,8,0.578614,load,9,,,,,,,,,,
00923-bounds-chain-8-backward-s131-d20-m1-verdict-nibli-r2,bounds,8,28.703345000000002,query,,0,False,0,FALSE,,,,,,
00925-bounds-chain-8-forward-s23-d10-m0-verdict-nibli-r0,bounds,8,0.026548000000000002,open,,,,,,,,,,,
00925-bounds-chain-8-forward-s23-d10-m0-verdict-nibli-r0,bounds,8,0.536689,load,9,,,,,,,,,,
00925-bounds-chain-8-forward-s23-d10-m0-verdict-nibli-r0,bounds,8,6658.41015,query,,0,True,0,TRUE,,,,,,
00926-bounds-chain-8-forward-s23-d10-m0-verdict-nibli-r1,bounds,8,0.026378000000000002,open,,,,,,,,,,,
00926-bounds-chain-8-forward-s23-d10-m0-verdict-nibli-r1,bounds,8,0.6534880000000001,load,9,,,,,,,,,,
00926-bounds-chain-8-forward-s23-d10-m0-verdict-nibli-r1,bounds,8,6615.403838,query,,0,True,0,TRUE,,,,,,
00927-bounds-chain-8-forward-s23-d10-m0-verdict-nibli-r2,bounds,8,0.030548,open,,,,,,,,,,,
00927-bounds-chain-8-forward-s23-d10-m0-verdict-nibli-r2,bounds,8,0.533551,load,9,,,,,,,,,,
00927-bounds-chain-8-forward-s23-d10-m0-verdict-nibli-r2,bounds,8,6645.981355,query,,0,True,0,TRUE,,,,,,
00933-comparison-chain-4-forward-s11-d10-m1-verdict-nibli-r0,comparison,4,0.025158,open,,,,,,,,,,,
00933-comparison-chain-4-forward-s11-d10-m1-verdict-nibli-r0,comparison,4,0.32651600000000003,load,5,,,,,,,,,,
00933-comparison-chain-4-forward-s11-d10-m1-verdict-nibli-r0,comparison,4,74.623023,query,,0,True,0,TRUE,,,,,,
00934-comparison-chain-4-forward-s11-d10-m1-verdict-nibli-r1,comparison,4,0.024249,open,,,,,,,,,,,
00934-comparison-chain-4-forward-s11-d10-m1-verdict-nibli-r1,comparison,4,0.313107,load,5,,,,,,,,,,
00934-comparison-chain-4-forward-s11-d10-m1-verdict-nibli-r1,comparison,4,75.978339,query,,0,True,0,TRUE,,,,,,
00937-comparison-chain-4-forward-s11-d10-m1-verdict-nibli-r2,comparison,4,0.027368,open,,,,,,,,,,,
00937-comparison-chain-4-forward-s11-d10-m1-verdict-nibli-r2,comparison,4,0.307737,load,5,,,,,,,,,,
00937-comparison-chain-4-forward-s11-d10-m1-verdict-nibli-r2,comparison,4,75.738892,query,,0,True,0,TRUE,,,,,,
00943-comparison-policy-1000-both-s83-d10-m1-verdict-nibli-r0,comparison,1000,0.026698,open,,,,,,,,,,,
00943-comparison-policy-1000-both-s83-d10-m1-verdict-nibli-r0,comparison,1000,3771.533209,load,972,,,,,,,,,,
00943-comparison-policy-1000-both-s83-d10-m1-verdict-nibli-r0,comparison,1000,1.967454,query,,0,False,0,FALSE,,,,,,
00943-comparison-policy-1000-both-s83-d10-m1-verdict-nibli-r0,comparison,1000,0.033228,query,,1,True,0,TRUE,,,,,,
00948-comparison-policy-1000-both-s83-d10-m1-verdict-nibli-r1,comparison,1000,0.026228,open,,,,,,,,,,,
00948-comparison-policy-1000-both-s83-d10-m1-verdict-nibli-r1,comparison,1000,3724.4149279999997,load,972,,,,,,,,,,
00948-comparison-policy-1000-both-s83-d10-m1-verdict-nibli-r1,comparison,1000,1.890366,query,,0,False,0,FALSE,,,,,,
00948-comparison-policy-1000-both-s83-d10-m1-verdict-nibli-r1,comparison,1000,0.033567,query,,1,True,0,TRUE,,,,,,
00949-comparison-policy-1000-both-s83-d10-m1-verdict-nibli-r2,comparison,1000,0.026088,open,,,,,,,,,,,
00949-comparison-policy-1000-both-s83-d10-m1-verdict-nibli-r2,comparison,1000,3705.295166,load,972,,,,,,,,,,
00949-comparison-policy-1000-both-s83-d10-m1-verdict-nibli-r2,comparison,1000,2.0438169999999998,query,,0,False,0,FALSE,,,,,,
00949-comparison-policy-1000-both-s83-d10-m1-verdict-nibli-r2,comparison,1000,0.035427,query,,1,True,0,TRUE,,,,,,
00953-bounds-chain-8-backward-s83-d10-m0-verdict-nibli-r0,bounds,8,0.025058,open,,,,,,,,,,,
00953-bounds-chain-8-backward-s83-d10-m0-verdict-nibli-r0,bounds,8,0.486434,load,9,,,,,,,,,,
00953-bounds-chain-8-backward-s83-d10-m0-verdict-nibli-r0,bounds,8,30.563842,query,,0,False,0,FALSE,,,,,,
00954-bounds-chain-8-backward-s83-d10-m0-verdict-nibli-r1,bounds,8,0.027958,open,,,,,,,,,,,
00954-bounds-chain-8-backward-s83-d10-m0-verdict-nibli-r1,bounds,8,0.46893500000000005,load,9,,,,,,,,,,
00954-bounds-chain-8-backward-s83-d10-m0-verdict-nibli-r1,bounds,8,30.478037,query,,0,False,0,FALSE,,,,,,
00955-bounds-chain-8-backward-s83-d10-m0-verdict-nibli-r2,bounds,8,0.029098000000000002,open,,,,,,,,,,,
00955-bounds-chain-8-backward-s83-d10-m0-verdict-nibli-r2,bounds,8,0.49918300000000004,load,9,,,,,,,,,,
00955-bounds-chain-8-backward-s83-d10-m0-verdict-nibli-r2,bounds,8,31.582152,query,,0,False,0,FALSE,,,,,,
00959-comparison-chain-12-backward-s47-d10-m1-verdict-nibli-r0,comparison,12,0.024838,open,,,,,,,,,,,
00959-comparison-chain-12-backward-s47-d10-m1-verdict-nibli-r0,comparison,12,0.814889,load,13,,,,,,,,,,
00959-comparison-chain-12-backward-s47-d10-m1-verdict-nibli-r0,comparison,12,92.958156,query,,0,False,0,FALSE,,,,,,
00962-comparison-chain-12-backward-s47-d10-m1-verdict-nibli-r1,comparison,12,0.024998,open,,,,,,,,,,,
00962-comparison-chain-12-backward-s47-d10-m1-verdict-nibli-r1,comparison,12,0.779552,load,13,,,,,,,,,,
00962-comparison-chain-12-backward-s47-d10-m1-verdict-nibli-r1,comparison,12,93.881918,query,,0,False,0,FALSE,,,,,,
00967-comparison-chain-12-backward-s47-d10-m1-verdict-nibli-r2,comparison,12,0.025918,open,,,,,,,,,,,
00967-comparison-chain-12-backward-s47-d10-m1-verdict-nibli-r2,comparison,12,0.815389,load,13,,,,,,,,,,
00967-comparison-chain-12-backward-s47-d10-m1-verdict-nibli-r2,comparison,12,92.8009,query,,0,False,0,FALSE,,,,,,
00973-comparison-policy-10000-both-s11-d10-m1-verdict-nibli-r0,comparison,10000,0.028498,open,,,,,,,,,,,
00974-comparison-policy-10000-both-s11-d10-m1-verdict-nibli-r1,comparison,10000,0.027648,open,,,,,,,,,,,
00977-comparison-policy-10000-both-s11-d10-m1-verdict-nibli-r2,comparison,10000,0.029178000000000003,open,,,,,,,,,,,
00984-comparison-chain-12-backward-s11-d10-m1-verdict-nibli-r0,comparison,12,0.025338,open,,,,,,,,,,,
00984-comparison-chain-12-backward-s11-d10-m1-verdict-nibli-r0,comparison,12,0.757134,load,13,,,,,,,,,,
00984-comparison-chain-12-backward-s11-d10-m1-verdict-nibli-r0,comparison,12,90.238836,query,,0,False,0,FALSE,,,,,,
00987-comparison-chain-12-backward-s11-d10-m1-verdict-nibli-r1,comparison,12,0.025298,open,,,,,,,,,,,
00987-comparison-chain-12-backward-s11-d10-m1-verdict-nibli-r1,comparison,12,0.758454,load,13,,,,,,,,,,
00987-comparison-chain-12-backward-s11-d10-m1-verdict-nibli-r1,comparison,12,95.78966199999999,query,,0,False,0,FALSE,,,,,,
00991-comparison-chain-12-backward-s11-d10-m1-verdict-nibli-r2,comparison,12,0.026588,open,,,,,,,,,,,
00991-comparison-chain-12-backward-s11-d10-m1-verdict-nibli-r2,comparison,12,0.761444,load,13,,,,,,,,,,
00991-comparison-chain-12-backward-s11-d10-m1-verdict-nibli-r2,comparison,12,90.41124,query,,0,False,0,FALSE,,,,,,
00993-bounds-policy-100-both-s11-d20-m0-verdict-nibli-r0,bounds,100,0.027168,open,,,,,,,,,,,
00993-bounds-policy-100-both-s11-d20-m0-verdict-nibli-r0,bounds,100,43.64393200000001,load,102,,,,,,,,,,
00993-bounds-policy-100-both-s11-d20-m0-verdict-nibli-r0,bounds,100,871.925984,query,,0,False,0,FALSE,,,,,,
00993-bounds-policy-100-both-s11-d20-m0-verdict-nibli-r0,bounds,100,2427.57587,query,,1,True,0,TRUE,,,,,,
00994-bounds-policy-100-both-s11-d20-m0-verdict-nibli-r1,bounds,100,0.027618,open,,,,,,,,,,,
00994-bounds-policy-100-both-s11-d20-m0-verdict-nibli-r1,bounds,100,44.513021,load,102,,,,,,,,,,
00994-bounds-policy-100-both-s11-d20-m0-verdict-nibli-r1,bounds,100,898.915344,query,,0,False,0,FALSE,,,,,,
00994-bounds-policy-100-both-s11-d20-m0-verdict-nibli-r1,bounds,100,2473.174642,query,,1,True,0,TRUE,,,,,,
00995-bounds-policy-100-both-s11-d20-m0-verdict-nibli-r2,bounds,100,0.027838,open,,,,,,,,,,,
00995-bounds-policy-100-both-s11-d20-m0-verdict-nibli-r2,bounds,100,42.921878,load,102,,,,,,,,,,
00995-bounds-policy-100-both-s11-d20-m0-verdict-nibli-r2,bounds,100,877.590376,query,,0,False,0,FALSE,,,,,,
00995-bounds-policy-100-both-s11-d20-m0-verdict-nibli-r2,bounds,100,2434.566352,query,,1,True,0,TRUE,,,,,,
00997-bounds-policy-100-both-s131-d10-m1-verdict-nibli-r0,bounds,100,0.026378000000000002,open,,,,,,,,,,,
00997-bounds-policy-100-both-s131-d10-m1-verdict-nibli-r0,bounds,100,44.224908,load,103,,,,,,,,,,
00997-bounds-policy-100-both-s131-d10-m1-verdict-nibli-r0,bounds,100,0.320036,query,,0,False,0,FALSE,,,,,,
00997-bounds-policy-100-both-s131-d10-m1-verdict-nibli-r0,bounds,100,0.014589000000000001,query,,1,True,0,TRUE,,,,,,
00998-bounds-policy-100-both-s131-d10-m1-verdict-nibli-r1,bounds,100,0.024947999999999998,open,,,,,,,,,,,
00998-bounds-policy-100-both-s131-d10-m1-verdict-nibli-r1,bounds,100,44.711481,load,103,,,,,,,,,,
00998-bounds-policy-100-both-s131-d10-m1-verdict-nibli-r1,bounds,100,0.32219600000000004,query,,0,False,0,FALSE,,,,,,
00998-bounds-policy-100-both-s131-d10-m1-verdict-nibli-r1,bounds,100,0.014698999999999999,query,,1,True,0,TRUE,,,,,,
00999-bounds-policy-100-both-s131-d10-m1-verdict-nibli-r2,bounds,100,0.025457999999999998,open,,,,,,,,,,,
00999-bounds-policy-100-both-s131-d10-m1-verdict-nibli-r2,bounds,100,46.907135000000004,load,103,,,,,,,,,,
00999-bounds-policy-100-both-s131-d10-m1-verdict-nibli-r2,bounds,100,0.296378,query,,0,False,0,FALSE,,,,,,
00999-bounds-policy-100-both-s131-d10-m1-verdict-nibli-r2,bounds,100,0.013919,query,,1,True,0,TRUE,,,,,,
01001-bounds-chain-8-backward-s47-d20-m0-verdict-nibli-r0,bounds,8,0.024298,open,,,,,,,,,,,
01001-bounds-chain-8-backward-s47-d20-m0-verdict-nibli-r0,bounds,8,0.552234,load,9,,,,,,,,,,
01001-bounds-chain-8-backward-s47-d20-m0-verdict-nibli-r0,bounds,8,30.427392,query,,0,False,0,FALSE,,,,,,
01002-bounds-chain-8-backward-s47-d20-m0-verdict-nibli-r1,bounds,8,0.026228,open,,,,,,,,,,,
01002-bounds-chain-8-backward-s47-d20-m0-verdict-nibli-r1,bounds,8,0.5293220000000001,load,9,,,,,,,,,,
01002-bounds-chain-8-backward-s47-d20-m0-verdict-nibli-r1,bounds,8,28.363398,query,,0,False,0,FALSE,,,,,,
01003-bounds-chain-8-backward-s47-d20-m0-verdict-nibli-r2,bounds,8,0.024328000000000002,open,,,,,,,,,,,
01003-bounds-chain-8-backward-s47-d20-m0-verdict-nibli-r2,bounds,8,0.475995,load,9,,,,,,,,,,
01003-bounds-chain-8-backward-s47-d20-m0-verdict-nibli-r2,bounds,8,28.642574,query,,0,False,0,FALSE,,,,,,
01008-comparison-chain-32-backward-s131-d10-m1-verdict-nibli-r0,comparison,32,0.028988,open,,,,,,,,,,,
01008-comparison-chain-32-backward-s131-d10-m1-verdict-nibli-r0,comparison,32,3.7297409999999998,load,33,,,,,,,,,,
01008-comparison-chain-32-backward-s131-d10-m1-verdict-nibli-r0,comparison,32,1661.6328870000002,query,,0,False,0,FALSE,,,,,,
01010-comparison-chain-32-backward-s131-d10-m1-verdict-nibli-r1,comparison,32,0.027548,open,,,,,,,,,,,
01010-comparison-chain-32-backward-s131-d10-m1-verdict-nibli-r1,comparison,32,3.764908,load,33,,,,,,,,,,
01010-comparison-chain-32-backward-s131-d10-m1-verdict-nibli-r1,comparison,32,1657.824496,query,,0,False,0,FALSE,,,,,,
01013-comparison-chain-32-backward-s131-d10-m1-verdict-nibli-r2,comparison,32,0.029248,open,,,,,,,,,,,
01013-comparison-chain-32-backward-s131-d10-m1-verdict-nibli-r2,comparison,32,3.2853589999999997,load,33,,,,,,,,,,
01013-comparison-chain-32-backward-s131-d10-m1-verdict-nibli-r2,comparison,32,1656.13931,query,,0,False,0,FALSE,,,,,,
01017-bounds-policy-100-both-s11-d2-m1-verdict-nibli-r0,bounds,100,0.024658,open,,,,,,,,,,,
01017-bounds-policy-100-both-s11-d2-m1-verdict-nibli-r0,bounds,100,44.234021999999996,load,102,,,,,,,,,,
01017-bounds-policy-100-both-s11-d2-m1-verdict-nibli-r0,bounds,100,0.316517,query,,0,False,0,FALSE,,,,,,
01017-bounds-policy-100-both-s11-d2-m1-verdict-nibli-r0,bounds,100,0.014588,query,,1,True,0,TRUE,,,,,,
01018-bounds-policy-100-both-s11-d2-m1-verdict-nibli-r1,bounds,100,0.024558,open,,,,,,,,,,,
01018-bounds-policy-100-both-s11-d2-m1-verdict-nibli-r1,bounds,100,42.616229999999995,load,102,,,,,,,,,,
01018-bounds-policy-100-both-s11-d2-m1-verdict-nibli-r1,bounds,100,0.29509799999999997,query,,0,False,0,FALSE,,,,,,
01018-bounds-policy-100-both-s11-d2-m1-verdict-nibli-r1,bounds,100,0.014099,query,,1,True,0,TRUE,,,,,,
01019-bounds-policy-100-both-s11-d2-m1-verdict-nibli-r2,bounds,100,0.042727,open,,,,,,,,,,,
01019-bounds-policy-100-both-s11-d2-m1-verdict-nibli-r2,bounds,100,46.414476,load,102,,,,,,,,,,
01019-bounds-policy-100-both-s11-d2-m1-verdict-nibli-r2,bounds,100,0.487543,query,,0,False,0,FALSE,,,,,,
01019-bounds-policy-100-both-s11-d2-m1-verdict-nibli-r2,bounds,100,0.049257,query,,1,True,0,TRUE,,,,,,
01021-bounds-chain-8-backward-s131-d20-m0-verdict-nibli-r0,bounds,8,0.024868,open,,,,,,,,,,,
01021-bounds-chain-8-backward-s131-d20-m0-verdict-nibli-r0,bounds,8,0.46694599999999997,load,9,,,,,,,,,,
01021-bounds-chain-8-backward-s131-d20-m0-verdict-nibli-r0,bounds,8,29.251685,query,,0,False,0,FALSE,,,,,,
01022-bounds-chain-8-backward-s131-d20-m0-verdict-nibli-r1,bounds,8,0.025287999999999998,open,,,,,,,,,,,
01022-bounds-chain-8-backward-s131-d20-m0-verdict-nibli-r1,bounds,8,0.5185120000000001,load,9,,,,,,,,,,
01022-bounds-chain-8-backward-s131-d20-m0-verdict-nibli-r1,bounds,8,29.148625000000003,query,,0,False,0,FALSE,,,,,,
01023-bounds-chain-8-backward-s131-d20-m0-verdict-nibli-r2,bounds,8,0.045496,open,,,,,,,,,,,
01023-bounds-chain-8-backward-s131-d20-m0-verdict-nibli-r2,bounds,8,0.510652,load,9,,,,,,,,,,
01023-bounds-chain-8-backward-s131-d20-m0-verdict-nibli-r2,bounds,8,30.906177,query,,0,False,0,FALSE,,,,,,
01025-evidence-policy-10000-both-s83-d10-m1-verdict-nibli-r0,evidence,10000,0.030057999999999998,open,,,,,,,,,,,
01026-evidence-policy-10000-both-s83-d10-m1-verdict-nibli-r1,evidence,10000,0.032378000000000004,open,,,,,,,,,,,
01027-evidence-policy-10000-both-s83-d10-m1-verdict-nibli-r2,evidence,10000,0.032017000000000004,open,,,,,,,,,,,
01029-bounds-policy-100-both-s47-d10-m0-verdict-nibli-r0,bounds,100,0.029377,open,,,,,,,,,,,
01029-bounds-policy-100-both-s47-d10-m0-verdict-nibli-r0,bounds,100,38.400308,load,96,,,,,,,,,,
01029-bounds-policy-100-both-s47-d10-m0-verdict-nibli-r0,bounds,100,833.065362,query,,0,False,0,FALSE,,,,,,
01029-bounds-policy-100-both-s47-d10-m0-verdict-nibli-r0,bounds,100,2304.421599,query,,1,True,0,TRUE,,,,,,
01030-bounds-policy-100-both-s47-d10-m0-verdict-nibli-r1,bounds,100,0.028948,open,,,,,,,,,,,
01030-bounds-policy-100-both-s47-d10-m0-verdict-nibli-r1,bounds,100,38.290183,load,96,,,,,,,,,,
01030-bounds-policy-100-both-s47-d10-m0-verdict-nibli-r1,bounds,100,831.313356,query,,0,False,0,FALSE,,,,,,
01030-bounds-policy-100-both-s47-d10-m0-verdict-nibli-r1,bounds,100,2277.826355,query,,1,True,0,TRUE,,,,,,
01031-bounds-policy-100-both-s47-d10-m0-verdict-nibli-r2,bounds,100,0.028398000000000003,open,,,,,,,,,,,
01031-bounds-policy-100-both-s47-d10-m0-verdict-nibli-r2,bounds,100,38.545915,load,96,,,,,,,,,,
01031-bounds-policy-100-both-s47-d10-m0-verdict-nibli-r2,bounds,100,846.5854790000001,query,,0,False,0,FALSE,,,,,,
01031-bounds-policy-100-both-s47-d10-m0-verdict-nibli-r2,bounds,100,2288.174486,query,,1,True,0,TRUE,,,,,,
01033-bounds-chain-8-backward-s131-d2-m1-verdict-nibli-r0,bounds,8,0.024848,open,,,,,,,,,,,
01033-bounds-chain-8-backward-s131-d2-m1-verdict-nibli-r0,bounds,8,0.509803,load,9,,,,,,,,,,
01033-bounds-chain-8-backward-s131-d2-m1-verdict-nibli-r0,bounds,8,31.081584,query,,0,False,0,FALSE,,,,,,
01034-bounds-chain-8-backward-s131-d2-m1-verdict-nibli-r1,bounds,8,0.028798,open,,,,,,,,,,,
01034-bounds-chain-8-backward-s131-d2-m1-verdict-nibli-r1,bounds,8,0.5080720000000001,load,9,,,,,,,,,,
01034-bounds-chain-8-backward-s131-d2-m1-verdict-nibli-r1,bounds,8,28.216351,query,,0,False,0,FALSE,,,,,,
01035-bounds-chain-8-backward-s131-d2-m1-verdict-nibli-r2,bounds,8,0.024858,open,,,,,,,,,,,
01035-bounds-chain-8-backward-s131-d2-m1-verdict-nibli-r2,bounds,8,0.516332,load,9,,,,,,,,,,
01035-bounds-chain-8-backward-s131-d2-m1-verdict-nibli-r2,bounds,8,29.336043999999998,query,,0,False,0,FALSE,,,,,,
01037-bounds-policy-100-both-s47-d20-m1-verdict-nibli-r0,bounds,100,0.029758,open,,,,,,,,,,,
01037-bounds-policy-100-both-s47-d20-m1-verdict-nibli-r0,bounds,100,37.368321,load,96,,,,,,,,,,
01037-bounds-policy-100-both-s47-d20-m1-verdict-nibli-r0,bounds,100,0.320426,query,,0,False,0,FALSE,,,,,,
01037-bounds-policy-100-both-s47-d20-m1-verdict-nibli-r0,bounds,100,0.030747999999999998,query,,1,True,0,TRUE,,,,,,
01038-bounds-policy-100-both-s47-d20-m1-verdict-nibli-r1,bounds,100,0.025398,open,,,,,,,,,,,
01038-bounds-policy-100-both-s47-d20-m1-verdict-nibli-r1,bounds,100,38.814934,load,96,,,,,,,,,,
01038-bounds-policy-100-both-s47-d20-m1-verdict-nibli-r1,bounds,100,0.30625800000000003,query,,0,False,0,FALSE,,,,,,
01038-bounds-policy-100-both-s47-d20-m1-verdict-nibli-r1,bounds,100,0.014709,query,,1,True,0,TRUE,,,,,,
01039-bounds-policy-100-both-s47-d20-m1-verdict-nibli-r2,bounds,100,0.027698,open,,,,,,,,,,,
01039-bounds-policy-100-both-s47-d20-m1-verdict-nibli-r2,bounds,100,38.666145,load,96,,,,,,,,,,
01039-bounds-policy-100-both-s47-d20-m1-verdict-nibli-r2,bounds,100,0.303027,query,,0,False,0,FALSE,,,,,,
01039-bounds-policy-100-both-s47-d20-m1-verdict-nibli-r2,bounds,100,0.014909,query,,1,True,0,TRUE,,,,,,
01041-bounds-policy-100-both-s83-d20-m1-verdict-nibli-r0,bounds,100,0.025169,open,,,,,,,,,,,
01041-bounds-policy-100-both-s83-d20-m1-verdict-nibli-r0,bounds,100,40.047669,load,101,,,,,,,,,,
01041-bounds-policy-100-both-s83-d20-m1-verdict-nibli-r0,bounds,100,0.324966,query,,0,False,0,FALSE,,,,,,
01041-bounds-policy-100-both-s83-d20-m1-verdict-nibli-r0,bounds,100,0.030957999999999996,query,,1,True,0,TRUE,,,,,,
01042-bounds-policy-100-both-s83-d20-m1-verdict-nibli-r1,bounds,100,0.026588,open,,,,,,,,,,,
01042-bounds-policy-100-both-s83-d20-m1-verdict-nibli-r1,bounds,100,40.077003,load,101,,,,,,,,,,
01042-bounds-policy-100-both-s83-d20-m1-verdict-nibli-r1,bounds,100,0.320637,query,,0,False,0,FALSE,,,,,,
01042-bounds-policy-100-both-s83-d20-m1-verdict-nibli-r1,bounds,100,0.030397999999999998,query,,1,True,0,TRUE,,,,,,
01043-bounds-policy-100-both-s83-d20-m1-verdict-nibli-r2,bounds,100,0.024418,open,,,,,,,,,,,
01043-bounds-policy-100-both-s83-d20-m1-verdict-nibli-r2,bounds,100,39.329547,load,101,,,,,,,,,,
01043-bounds-policy-100-both-s83-d20-m1-verdict-nibli-r2,bounds,100,0.380882,query,,0,False,0,FALSE,,,,,,
01043-bounds-policy-100-both-s83-d20-m1-verdict-nibli-r2,bounds,100,0.033807,query,,1,True,0,TRUE,,,,,,
01045-bounds-policy-100-both-s11-d10-m0-verdict-nibli-r0,bounds,100,0.029006999999999998,open,,,,,,,,,,,
01045-bounds-policy-100-both-s11-d10-m0-verdict-nibli-r0,bounds,100,42.850674,load,102,,,,,,,,,,
01045-bounds-policy-100-both-s11-d10-m0-verdict-nibli-r0,bounds,100,881.607884,query,,0,False,0,FALSE,,,,,,
01045-bounds-policy-100-both-s11-d10-m0-verdict-nibli-r0,bounds,100,2452.2578209999997,query,,1,True,0,TRUE,,,,,,
01046-bounds-policy-100-both-s11-d10-m0-verdict-nibli-r1,bounds,100,0.031538000000000004,open,,,,,,,,,,,
01046-bounds-policy-100-both-s11-d10-m0-verdict-nibli-r1,bounds,100,43.436468,load,102,,,,,,,,,,
01046-bounds-policy-100-both-s11-d10-m0-verdict-nibli-r1,bounds,100,857.9266399999999,query,,0,False,0,FALSE,,,,,,
01046-bounds-policy-100-both-s11-d10-m0-verdict-nibli-r1,bounds,100,2431.312279,query,,1,True,0,TRUE,,,,,,
01047-bounds-policy-100-both-s11-d10-m0-verdict-nibli-r2,bounds,100,0.031108,open,,,,,,,,,,,
01047-bounds-policy-100-both-s11-d10-m0-verdict-nibli-r2,bounds,100,43.197421999999996,load,102,,,,,,,,,,
01047-bounds-policy-100-both-s11-d10-m0-verdict-nibli-r2,bounds,100,883.565304,query,,0,False,0,FALSE,,,,,,
01047-bounds-policy-100-both-s11-d10-m0-verdict-nibli-r2,bounds,100,2442.072318,query,,1,True,0,TRUE,,,,,,
01053-comparison-policy-1000-both-s131-d10-m1-verdict-nibli-r0,comparison,1000,0.027208,open,,,,,,,,,,,
01053-comparison-policy-1000-both-s131-d10-m1-verdict-nibli-r0,comparison,1000,4109.791348,load,1017,,,,,,,,,,
01053-comparison-policy-1000-both-s131-d10-m1-verdict-nibli-r0,comparison,1000,1.90218,query,,0,False,0,FALSE,,,,,,
01053-comparison-policy-1000-both-s131-d10-m1-verdict-nibli-r0,comparison,1000,0.031938,query,,1,True,0,TRUE,,,,,,
01056-comparison-policy-1000-both-s131-d10-m1-verdict-nibli-r1,comparison,1000,0.025588,open,,,,,,,,,,,
01056-comparison-policy-1000-both-s131-d10-m1-verdict-nibli-r1,comparison,1000,4138.769746999999,load,1017,,,,,,,,,,
01056-comparison-policy-1000-both-s131-d10-m1-verdict-nibli-r1,comparison,1000,1.905279,query,,0,False,0,FALSE,,,,,,
01056-comparison-policy-1000-both-s131-d10-m1-verdict-nibli-r1,comparison,1000,0.08977399999999999,query,,1,True,0,TRUE,,,,,,
01059-comparison-policy-1000-both-s131-d10-m1-verdict-nibli-r2,comparison,1000,0.027318,open,,,,,,,,,,,
01059-comparison-policy-1000-both-s131-d10-m1-verdict-nibli-r2,comparison,1000,4033.9727730000004,load,1017,,,,,,,,,,
01059-comparison-policy-1000-both-s131-d10-m1-verdict-nibli-r2,comparison,1000,1.9842639999999998,query,,0,False,0,FALSE,,,,,,
01059-comparison-policy-1000-both-s131-d10-m1-verdict-nibli-r2,comparison,1000,0.034318,query,,1,True,0,TRUE,,,,,,
01061-evidence-policy-10000-both-s131-d10-m1-verdict-nibli-r0,evidence,10000,0.028756999999999998,open,,,,,,,,,,,
01062-evidence-policy-10000-both-s131-d10-m1-verdict-nibli-r1,evidence,10000,0.028527999999999998,open,,,,,,,,,,,
01063-evidence-policy-10000-both-s131-d10-m1-verdict-nibli-r2,evidence,10000,0.029008,open,,,,,,,,,,,
01065-bounds-chain-8-forward-s47-d20-m0-verdict-nibli-r0,bounds,8,0.028238,open,,,,,,,,,,,
01065-bounds-chain-8-forward-s47-d20-m0-verdict-nibli-r0,bounds,8,0.5894469999999999,load,9,,,,,,,,,,
01065-bounds-chain-8-forward-s47-d20-m0-verdict-nibli-r0,bounds,8,3240.7062770000002,query,,0,True,0,TRUE,,,,,,
01066-bounds-chain-8-forward-s47-d20-m0-verdict-nibli-r1,bounds,8,0.031207999999999996,open,,,,,,,,,,,
01066-bounds-chain-8-forward-s47-d20-m0-verdict-nibli-r1,bounds,8,0.54774,load,9,,,,,,,,,,
01066-bounds-chain-8-forward-s47-d20-m0-verdict-nibli-r1,bounds,8,3003.46437,query,,0,True,0,TRUE,,,,,,
01067-bounds-chain-8-forward-s47-d20-m0-verdict-nibli-r2,bounds,8,0.028828,open,,,,,,,,,,,
01067-bounds-chain-8-forward-s47-d20-m0-verdict-nibli-r2,bounds,8,0.5400309999999999,load,9,,,,,,,,,,
01067-bounds-chain-8-forward-s47-d20-m0-verdict-nibli-r2,bounds,8,2993.69041,query,,0,True,0,TRUE,,,,,,
01069-evidence-policy-10000-both-s83-d10-m1-certificate-nibli-r0,evidence,10000,0.031868,open,,,,,,,,,,,
01070-evidence-policy-10000-both-s83-d10-m1-certificate-nibli-r1,evidence,10000,0.032388,open,,,,,,,,,,,
01071-evidence-policy-10000-both-s83-d10-m1-certificate-nibli-r2,evidence,10000,0.031348,open,,,,,,,,,,,
01077-comparison-chain-8-backward-s47-d10-m1-verdict-nibli-r0,comparison,8,0.028588000000000002,open,,,,,,,,,,,
01077-comparison-chain-8-backward-s47-d10-m1-verdict-nibli-r0,comparison,8,0.627078,load,9,,,,,,,,,,
01077-comparison-chain-8-backward-s47-d10-m1-verdict-nibli-r0,comparison,8,28.491063,query,,0,False,0,FALSE,,,,,,
01080-comparison-chain-8-backward-s47-d10-m1-verdict-nibli-r1,comparison,8,0.024848,open,,,,,,,,,,,
01080-comparison-chain-8-backward-s47-d10-m1-verdict-nibli-r1,comparison,8,0.481205,load,9,,,,,,,,,,
01080-comparison-chain-8-backward-s47-d10-m1-verdict-nibli-r1,comparison,8,28.973155000000002,query,,0,False,0,FALSE,,,,,,
01082-comparison-chain-8-backward-s47-d10-m1-verdict-nibli-r2,comparison,8,0.024788,open,,,,,,,,,,,
01082-comparison-chain-8-backward-s47-d10-m1-verdict-nibli-r2,comparison,8,0.475305,load,9,,,,,,,,,,
01082-comparison-chain-8-backward-s47-d10-m1-verdict-nibli-r2,comparison,8,31.41178,query,,0,False,0,FALSE,,,,,,
01085-bounds-policy-100-both-s131-d5-m1-verdict-nibli-r0,bounds,100,0.025048,open,,,,,,,,,,,
01085-bounds-policy-100-both-s131-d5-m1-verdict-nibli-r0,bounds,100,46.419013,load,103,,,,,,,,,,
01085-bounds-policy-100-both-s131-d5-m1-verdict-nibli-r0,bounds,100,0.304248,query,,0,False,0,FALSE,,,,,,
01085-bounds-policy-100-both-s131-d5-m1-verdict-nibli-r0,bounds,100,0.014159,query,,1,True,0,TRUE,,,,,,
01086-bounds-policy-100-both-s131-d5-m1-verdict-nibli-r1,bounds,100,0.029237000000000003,open,,,,,,,,,,,
01086-bounds-policy-100-both-s131-d5-m1-verdict-nibli-r1,bounds,100,45.147498,load,103,,,,,,,,,,
01086-bounds-policy-100-both-s131-d5-m1-verdict-nibli-r1,bounds,100,0.332846,query,,0,False,0,FALSE,,,,,,
01086-bounds-policy-100-both-s131-d5-m1-verdict-nibli-r1,bounds,100,0.031068000000000002,query,,1,True,0,TRUE,,,,,,
01087-bounds-policy-100-both-s131-d5-m1-verdict-nibli-r2,bounds,100,0.024378,open,,,,,,,,,,,
01087-bounds-policy-100-both-s131-d5-m1-verdict-nibli-r2,bounds,100,44.559554,load,103,,,,,,,,,,
01087-bounds-policy-100-both-s131-d5-m1-verdict-nibli-r2,bounds,100,0.314727,query,,0,False,0,FALSE,,,,,,
01087-bounds-policy-100-both-s131-d5-m1-verdict-nibli-r2,bounds,100,0.015328999999999999,query,,1,True,0,TRUE,,,,,,
01089-bounds-chain-8-forward-s131-d10-m1-verdict-nibli-r0,bounds,8,0.027208,open,,,,,,,,,,,
01089-bounds-chain-8-forward-s131-d10-m1-verdict-nibli-r0,bounds,8,0.5413,load,9,,,,,,,,,,
01089-bounds-chain-8-forward-s131-d10-m1-verdict-nibli-r0,bounds,8,2863.322131,query,,0,True,0,TRUE,,,,,,
01090-bounds-chain-8-forward-s131-d10-m1-verdict-nibli-r1,bounds,8,0.027808,open,,,,,,,,,,,
01090-bounds-chain-8-forward-s131-d10-m1-verdict-nibli-r1,bounds,8,0.53291,load,9,,,,,,,,,,
01090-bounds-chain-8-forward-s131-d10-m1-verdict-nibli-r1,bounds,8,2898.801924,query,,0,True,0,TRUE,,,,,,
01091-bounds-chain-8-forward-s131-d10-m1-verdict-nibli-r2,bounds,8,0.027028,open,,,,,,,,,,,
01091-bounds-chain-8-forward-s131-d10-m1-verdict-nibli-r2,bounds,8,0.5272910000000001,load,9,,,,,,,,,,
01091-bounds-chain-8-forward-s131-d10-m1-verdict-nibli-r2,bounds,8,2917.5949760000003,query,,0,True,0,TRUE,,,,,,
01093-bounds-chain-8-forward-s11-d20-m0-verdict-nibli-r0,bounds,8,0.026508,open,,,,,,,,,,,
01093-bounds-chain-8-forward-s11-d20-m0-verdict-nibli-r0,bounds,8,0.629363,load,9,,,,,,,,,,
01093-bounds-chain-8-forward-s11-d20-m0-verdict-nibli-r0,bounds,8,4797.832002,query,,0,True,0,TRUE,,,,,,
01094-bounds-chain-8-forward-s11-d20-m0-verdict-nibli-r1,bounds,8,0.027388,open,,,,,,,,,,,
01094-bounds-chain-8-forward-s11-d20-m0-verdict-nibli-r1,bounds,8,1.561725,load,9,,,,,,,,,,
01094-bounds-chain-8-forward-s11-d20-m0-verdict-nibli-r1,bounds,8,4852.248999,query,,0,True,0,TRUE,,,,,,
01095-bounds-chain-8-forward-s11-d20-m0-verdict-nibli-r2,bounds,8,0.027728,open,,,,,,,,,,,
01095-bounds-chain-8-forward-s11-d20-m0-verdict-nibli-r2,bounds,8,0.54001,load,9,,,,,,,,,,
01095-bounds-chain-8-forward-s11-d20-m0-verdict-nibli-r2,bounds,8,4810.13917,query,,0,True,0,TRUE,,,,,,
01097-bounds-chain-8-backward-s83-d5-m0-verdict-nibli-r0,bounds,8,0.025068,open,,,,,,,,,,,
01097-bounds-chain-8-backward-s83-d5-m0-verdict-nibli-r0,bounds,8,0.5070129999999999,load,9,,,,,,,,,,
01097-bounds-chain-8-backward-s83-d5-m0-verdict-nibli-r0,bounds,8,36.780426999999996,query,,0,False,0,FALSE,,,,,,
01098-bounds-chain-8-backward-s83-d5-m0-verdict-nibli-r1,bounds,8,0.025058,open,,,,,,,,,,,
01098-bounds-chain-8-backward-s83-d5-m0-verdict-nibli-r1,bounds,8,0.481825,load,9,,,,,,,,,,
01098-bounds-chain-8-backward-s83-d5-m0-verdict-nibli-r1,bounds,8,34.080245000000005,query,,0,False,0,FALSE,,,,,,
01099-bounds-chain-8-backward-s83-d5-m0-verdict-nibli-r2,bounds,8,0.026148,open,,,,,,,,,,,
01099-bounds-chain-8-backward-s83-d5-m0-verdict-nibli-r2,bounds,8,0.524792,load,9,,,,,,,,,,
01099-bounds-chain-8-backward-s83-d5-m0-verdict-nibli-r2,bounds,8,31.618682000000003,query,,0,False,0,FALSE,,,,,,
01103-comparison-policy-10000-both-s23-d10-m1-verdict-nibli-r0,comparison,10000,0.026798,open,,,,,,,,,,,
01108-comparison-policy-10000-both-s23-d10-m1-verdict-nibli-r1,comparison,10000,0.058026,open,,,,,,,,,,,
01109-comparison-policy-10000-both-s23-d10-m1-verdict-nibli-r2,comparison,10000,0.028758000000000002,open,,,,,,,,,,,
01117-comparison-chain-32-backward-s47-d10-m1-verdict-nibli-r0,comparison,32,0.033858,open,,,,,,,,,,,
01117-comparison-chain-32-backward-s47-d10-m1-verdict-nibli-r0,comparison,32,4.311554,load,33,,,,,,,,,,
01117-comparison-chain-32-backward-s47-d10-m1-verdict-nibli-r0,comparison,32,1593.77675,query,,0,False,0,FALSE,,,,,,
01120-comparison-chain-32-backward-s47-d10-m1-verdict-nibli-r1,comparison,32,0.031928000000000005,open,,,,,,,,,,,
01120-comparison-chain-32-backward-s47-d10-m1-verdict-nibli-r1,comparison,32,3.215652,load,33,,,,,,,,,,
01120-comparison-chain-32-backward-s47-d10-m1-verdict-nibli-r1,comparison,32,1592.2159169999998,query,,0,False,0,FALSE,,,,,,
01122-comparison-chain-32-backward-s47-d10-m1-verdict-nibli-r2,comparison,32,0.027208,open,,,,,,,,,,,
01122-comparison-chain-32-backward-s47-d10-m1-verdict-nibli-r2,comparison,32,3.284487,load,33,,,,,,,,,,
01122-comparison-chain-32-backward-s47-d10-m1-verdict-nibli-r2,comparison,32,1599.161364,query,,0,False,0,FALSE,,,,,,
01125-bounds-policy-100-both-s131-d10-m0-verdict-nibli-r0,bounds,100,0.029147,open,,,,,,,,,,,
01125-bounds-policy-100-both-s131-d10-m0-verdict-nibli-r0,bounds,100,43.706745,load,103,,,,,,,,,,
01125-bounds-policy-100-both-s131-d10-m0-verdict-nibli-r0,bounds,100,943.399839,query,,0,False,0,FALSE,,,,,,
01125-bounds-policy-100-both-s131-d10-m0-verdict-nibli-r0,bounds,100,2561.899549,query,,1,True,0,TRUE,,,,,,
01126-bounds-policy-100-both-s131-d10-m0-verdict-nibli-r1,bounds,100,0.029438,open,,,,,,,,,,,
01126-bounds-policy-100-both-s131-d10-m0-verdict-nibli-r1,bounds,100,45.132991999999994,load,103,,,,,,,,,,
01126-bounds-policy-100-both-s131-d10-m0-verdict-nibli-r1,bounds,100,924.905665,query,,0,False,0,FALSE,,,,,,
01126-bounds-policy-100-both-s131-d10-m0-verdict-nibli-r1,bounds,100,2526.154235,query,,1,True,0,TRUE,,,,,,
01127-bounds-policy-100-both-s131-d10-m0-verdict-nibli-r2,bounds,100,0.030787999999999996,open,,,,,,,,,,,
01127-bounds-policy-100-both-s131-d10-m0-verdict-nibli-r2,bounds,100,45.528555,load,103,,,,,,,,,,
01127-bounds-policy-100-both-s131-d10-m0-verdict-nibli-r2,bounds,100,954.517151,query,,0,False,0,FALSE,,,,,,
01127-bounds-policy-100-both-s131-d10-m0-verdict-nibli-r2,bounds,100,2560.0540770000002,query,,1,True,0,TRUE,,,,,,
01129-bounds-chain-8-forward-s23-d2-m1-verdict-nibli-r0,bounds,8,0.028738000000000003,open,,,,,,,,,,,
01129-bounds-chain-8-forward-s23-d2-m1-verdict-nibli-r0,bounds,8,0.6176149999999999,load,9,,,,,,,,,,
01129-bounds-chain-8-forward-s23-d2-m1-verdict-nibli-r0,bounds,8,673.2689379999999,query,,0,True,0,TRUE,,,,,,
01130-bounds-chain-8-forward-s23-d2-m1-verdict-nibli-r1,bounds,8,0.035707,open,,,,,,,,,,,
01130-bounds-chain-8-forward-s23-d2-m1-verdict-nibli-r1,bounds,8,0.571268,load,9,,,,,,,,,,
01130-bounds-chain-8-forward-s23-d2-m1-verdict-nibli-r1,bounds,8,672.977979,query,,0,True,0,TRUE,,,,,,
01131-bounds-chain-8-forward-s23-d2-m1-verdict-nibli-r2,bounds,8,0.028357999999999998,open,,,,,,,,,,,
01131-bounds-chain-8-forward-s23-d2-m1-verdict-nibli-r2,bounds,8,0.54491,load,9,,,,,,,,,,
01131-bounds-chain-8-forward-s23-d2-m1-verdict-nibli-r2,bounds,8,674.351324,query,,0,True,0,TRUE,,,,,,
01133-evidence-policy-100-both-s23-d10-m1-verdict-nibli-r0,evidence,100,0.029328,open,,,,,,,,,,,
01133-evidence-policy-100-both-s23-d10-m1-verdict-nibli-r0,evidence,100,42.239494,load,100,,,,,,,,,,
01133-evidence-policy-100-both-s23-d10-m1-verdict-nibli-r0,evidence,100,0.33024600000000004,query,,0,False,0,FALSE,,,,,,
01133-evidence-policy-100-both-s23-d10-m1-verdict-nibli-r0,evidence,100,0.031217,query,,1,True,0,TRUE,,,,,,
01134-evidence-policy-100-both-s23-d10-m1-verdict-nibli-r1,evidence,100,0.027198,open,,,,,,,,,,,
01134-evidence-policy-100-both-s23-d10-m1-verdict-nibli-r1,evidence,100,41.95044,load,100,,,,,,,,,,
01134-evidence-policy-100-both-s23-d10-m1-verdict-nibli-r1,evidence,100,0.315197,query,,0,False,0,FALSE,,,,,,
01134-evidence-policy-100-both-s23-d10-m1-verdict-nibli-r1,evidence,100,0.015238,query,,1,True,0,TRUE,,,,,,
01135-evidence-policy-100-both-s23-d10-m1-verdict-nibli-r2,evidence,100,0.024658,open,,,,,,,,,,,
01135-evidence-policy-100-both-s23-d10-m1-verdict-nibli-r2,evidence,100,40.69989,load,100,,,,,,,,,,
01135-evidence-policy-100-both-s23-d10-m1-verdict-nibli-r2,evidence,100,0.329326,query,,0,False,0,FALSE,,,,,,
01135-evidence-policy-100-both-s23-d10-m1-verdict-nibli-r2,evidence,100,0.015948,query,,1,True,0,TRUE,,,,,,
01137-evidence-policy-1000-both-s47-d10-m1-verdict-nibli-r0,evidence,1000,0.029438,open,,,,,,,,,,,
01137-evidence-policy-1000-both-s47-d10-m1-verdict-nibli-r0,evidence,1000,3849.2249159999997,load,975,,,,,,,,,,
01137-evidence-policy-1000-both-s47-d10-m1-verdict-nibli-r0,evidence,1000,1.987353,query,,0,False,0,FALSE,,,,,,
01137-evidence-policy-1000-both-s47-d10-m1-verdict-nibli-r0,evidence,1000,0.032817,query,,1,True,0,TRUE,,,,,,
01138-evidence-policy-1000-both-s47-d10-m1-verdict-nibli-r1,evidence,1000,0.027568000000000002,open,,,,,,,,,,,
01138-evidence-policy-1000-both-s47-d10-m1-verdict-nibli-r1,evidence,1000,3820.0250379999998,load,975,,,,,,,,,,
01138-evidence-policy-1000-both-s47-d10-m1-verdict-nibli-r1,evidence,1000,2.129384,query,,0,False,0,FALSE,,,,,,
01138-evidence-policy-1000-both-s47-d10-m1-verdict-nibli-r1,evidence,1000,0.05643,query,,1,True,0,TRUE,,,,,,
01139-evidence-policy-1000-both-s47-d10-m1-verdict-nibli-r2,evidence,1000,0.032708,open,,,,,,,,,,,
01139-evidence-policy-1000-both-s47-d10-m1-verdict-nibli-r2,evidence,1000,3822.960026,load,975,,,,,,,,,,
01139-evidence-policy-1000-both-s47-d10-m1-verdict-nibli-r2,evidence,1000,1.8501940000000001,query,,0,False,0,FALSE,,,,,,
01139-evidence-policy-1000-both-s47-d10-m1-verdict-nibli-r2,evidence,1000,0.032157,query,,1,True,0,TRUE,,,,,,
01143-comparison-chain-8-backward-s23-d10-m1-verdict-nibli-r0,comparison,8,0.027138,open,,,,,,,,,,,
01143-comparison-chain-8-backward-s23-d10-m1-verdict-nibli-r0,comparison,8,0.577868,load,9,,,,,,,,,,
01143-comparison-chain-8-backward-s23-d10-m1-verdict-nibli-r0,comparison,8,31.254372000000004,query,,0,False,0,FALSE,,,,,,
01146-comparison-chain-8-backward-s23-d10-m1-verdict-nibli-r1,comparison,8,0.024748,open,,,,,,,,,,,
01146-comparison-chain-8-backward-s23-d10-m1-verdict-nibli-r1,comparison,8,0.473965,load,9,,,,,,,,,,
01146-comparison-chain-8-backward-s23-d10-m1-verdict-nibli-r1,comparison,8,31.804717000000004,query,,0,False,0,FALSE,,,,,,
01151-comparison-chain-8-backward-s23-d10-m1-verdict-nibli-r2,comparison,8,0.025958000000000002,open,,,,,,,,,,,
01151-comparison-chain-8-backward-s23-d10-m1-verdict-nibli-r2,comparison,8,0.475715,load,9,,,,,,,,,,
01151-comparison-chain-8-backward-s23-d10-m1-verdict-nibli-r2,comparison,8,32.076208,query,,0,False,0,FALSE,,,,,,
01153-bounds-chain-8-forward-s11-d5-m1-verdict-nibli-r0,bounds,8,0.027278,open,,,,,,,,,,,
01153-bounds-chain-8-forward-s11-d5-m1-verdict-nibli-r0,bounds,8,0.555199,load,9,,,,,,,,,,
01153-bounds-chain-8-forward-s11-d5-m1-verdict-nibli-r0,bounds,8,4861.412876,query,,0,True,0,TRUE,,,,,,
01154-bounds-chain-8-forward-s11-d5-m1-verdict-nibli-r1,bounds,8,0.027928,open,,,,,,,,,,,
01154-bounds-chain-8-forward-s11-d5-m1-verdict-nibli-r1,bounds,8,0.54073,load,9,,,,,,,,,,
01154-bounds-chain-8-forward-s11-d5-m1-verdict-nibli-r1,bounds,8,4823.49179,query,,0,True,0,TRUE,,,,,,
01155-bounds-chain-8-forward-s11-d5-m1-verdict-nibli-r2,bounds,8,0.029948,open,,,,,,,,,,,
01155-bounds-chain-8-forward-s11-d5-m1-verdict-nibli-r2,bounds,8,0.534321,load,9,,,,,,,,,,
01155-bounds-chain-8-forward-s11-d5-m1-verdict-nibli-r2,bounds,8,4836.584751,query,,0,True,0,TRUE,,,,,,
01161-comparison-chain-8-forward-s131-d10-m1-verdict-nibli-r0,comparison,8,0.027728,open,,,,,,,,,,,
01161-comparison-chain-8-forward-s131-d10-m1-verdict-nibli-r0,comparison,8,0.575678,load,9,,,,,,,,,,
01161-comparison-chain-8-forward-s131-d10-m1-verdict-nibli-r0,comparison,8,2889.3070430000002,query,,0,True,0,TRUE,,,,,,
01164-comparison-chain-8-forward-s131-d10-m1-verdict-nibli-r1,comparison,8,0.028367,open,,,,,,,,,,,
01164-comparison-chain-8-forward-s131-d10-m1-verdict-nibli-r1,comparison,8,0.8795040000000001,load,9,,,,,,,,,,
01164-comparison-chain-8-forward-s131-d10-m1-verdict-nibli-r1,comparison,8,2893.2628,query,,0,True,0,TRUE,,,,,,
01165-comparison-chain-8-forward-s131-d10-m1-verdict-nibli-r2,comparison,8,0.029468,open,,,,,,,,,,,
01165-comparison-chain-8-forward-s131-d10-m1-verdict-nibli-r2,comparison,8,0.6116649999999999,load,9,,,,,,,,,,
01165-comparison-chain-8-forward-s131-d10-m1-verdict-nibli-r2,comparison,8,2915.22756,query,,0,True,0,TRUE,,,,,,
01169-bounds-policy-100-both-s47-d10-m1-verdict-nibli-r0,bounds,100,0.027218,open,,,,,,,,,,,
01169-bounds-policy-100-both-s47-d10-m1-verdict-nibli-r0,bounds,100,38.959875,load,96,,,,,,,,,,
01169-bounds-policy-100-both-s47-d10-m1-verdict-nibli-r0,bounds,100,0.30028699999999997,query,,0,False,0,FALSE,,,,,,
01169-bounds-policy-100-both-s47-d10-m1-verdict-nibli-r0,bounds,100,0.014059,query,,1,True,0,TRUE,,,,,,
01170-bounds-policy-100-both-s47-d10-m1-verdict-nibli-r1,bounds,100,0.025468,open,,,,,,,,,,,
01170-bounds-policy-100-both-s47-d10-m1-verdict-nibli-r1,bounds,100,39.037545,load,96,,,,,,,,,,
01170-bounds-policy-100-both-s47-d10-m1-verdict-nibli-r1,bounds,100,0.336075,query,,0,False,0,FALSE,,,,,,
01170-bounds-policy-100-both-s47-d10-m1-verdict-nibli-r1,bounds,100,0.030848,query,,1,True,0,TRUE,,,,,,
01171-bounds-policy-100-both-s47-d10-m1-verdict-nibli-r2,bounds,100,0.026448000000000003,open,,,,,,,,,,,
01171-bounds-policy-100-both-s47-d10-m1-verdict-nibli-r2,bounds,100,39.732381,load,96,,,,,,,,,,
01171-bounds-policy-100-both-s47-d10-m1-verdict-nibli-r2,bounds,100,0.402712,query,,0,False,0,FALSE,,,,,,
01171-bounds-policy-100-both-s47-d10-m1-verdict-nibli-r2,bounds,100,0.035227,query,,1,True,0,TRUE,,,,,,
01176-comparison-chain-16-forward-s11-d10-m1-verdict-nibli-r0,comparison,16,0.028068,open,,,,,,,,,,,
01176-comparison-chain-16-forward-s11-d10-m1-verdict-nibli-r0,comparison,16,1.257877,load,17,,,,,,,,,,
01179-comparison-chain-16-forward-s11-d10-m1-verdict-nibli-r1,comparison,16,0.030968,open,,,,,,,,,,,
01179-comparison-chain-16-forward-s11-d10-m1-verdict-nibli-r1,comparison,16,1.7044460000000001,load,17,,,,,,,,,,
01181-comparison-chain-16-forward-s11-d10-m1-verdict-nibli-r2,comparison,16,0.031286,open,,,,,,,,,,,
01181-comparison-chain-16-forward-s11-d10-m1-verdict-nibli-r2,comparison,16,1.20407,load,17,,,,,,,,,,
01185-bounds-chain-8-forward-s47-d5-m1-verdict-nibli-r0,bounds,8,0.027529,open,,,,,,,,,,,
01185-bounds-chain-8-forward-s47-d5-m1-verdict-nibli-r0,bounds,8,0.5482739999999999,load,9,,,,,,,,,,
01185-bounds-chain-8-forward-s47-d5-m1-verdict-nibli-r0,bounds,8,2692.460026,query,,0,True,0,TRUE,,,,,,
01186-bounds-chain-8-forward-s47-d5-m1-verdict-nibli-r1,bounds,8,0.030988,open,,,,,,,,,,,
01186-bounds-chain-8-forward-s47-d5-m1-verdict-nibli-r1,bounds,8,0.590763,load,9,,,,,,,,,,
01186-bounds-chain-8-forward-s47-d5-m1-verdict-nibli-r1,bounds,8,2683.706081,query,,0,True,0,TRUE,,,,,,
01187-bounds-chain-8-forward-s47-d5-m1-verdict-nibli-r2,bounds,8,0.030069,open,,,,,,,,,,,
01187-bounds-chain-8-forward-s47-d5-m1-verdict-nibli-r2,bounds,8,0.548135,load,9,,,,,,,,,,
01187-bounds-chain-8-forward-s47-d5-m1-verdict-nibli-r2,bounds,8,2662.469141,query,,0,True,0,TRUE,,,,,,
01189-bounds-chain-8-backward-s47-d10-m1-verdict-nibli-r0,bounds,8,0.031409,open,,,,,,,,,,,
01189-bounds-chain-8-backward-s47-d10-m1-verdict-nibli-r0,bounds,8,0.536777,load,9,,,,,,,,,,
01189-bounds-chain-8-backward-s47-d10-m1-verdict-nibli-r0,bounds,8,28.153827,query,,0,False,0,FALSE,,,,,,
01190-bounds-chain-8-backward-s47-d10-m1-verdict-nibli-r1,bounds,8,0.027829,open,,,,,,,,,,,
01190-bounds-chain-8-backward-s47-d10-m1-verdict-nibli-r1,bounds,8,0.535657,load,9,,,,,,,,,,
01190-bounds-chain-8-backward-s47-d10-m1-verdict-nibli-r1,bounds,8,29.250081,query,,0,False,0,FALSE,,,,,,
01191-bounds-chain-8-backward-s47-d10-m1-verdict-nibli-r2,bounds,8,0.027919000000000003,open,,,,,,,,,,,
01191-bounds-chain-8-backward-s47-d10-m1-verdict-nibli-r2,bounds,8,0.5842449999999999,load,9,,,,,,,,,,
01191-bounds-chain-8-backward-s47-d10-m1-verdict-nibli-r2,bounds,8,28.248899,query,,0,False,0,FALSE,,,,,,
01193-bounds-chain-8-backward-s23-d5-m0-verdict-nibli-r0,bounds,8,0.027919000000000003,open,,,,,,,,,,,
01193-bounds-chain-8-backward-s23-d5-m0-verdict-nibli-r0,bounds,8,0.531137,load,9,,,,,,,,,,
01193-bounds-chain-8-backward-s23-d5-m0-verdict-nibli-r0,bounds,8,31.100326000000003,query,,0,False,0,FALSE,,,,,,
01194-bounds-chain-8-backward-s23-d5-m0-verdict-nibli-r1,bounds,8,0.061787999999999996,open,,,,,,,,,,,
01194-bounds-chain-8-backward-s23-d5-m0-verdict-nibli-r1,bounds,8,0.520817,load,9,,,,,,,,,,
01194-bounds-chain-8-backward-s23-d5-m0-verdict-nibli-r1,bounds,8,31.902791999999998,query,,0,False,0,FALSE,,,,,,
01195-bounds-chain-8-backward-s23-d5-m0-verdict-nibli-r2,bounds,8,0.026559,open,,,,,,,,,,,
01195-bounds-chain-8-backward-s23-d5-m0-verdict-nibli-r2,bounds,8,0.5862550000000001,load,9,,,,,,,,,,
01195-bounds-chain-8-backward-s23-d5-m0-verdict-nibli-r2,bounds,8,30.919484,query,,0,False,0,FALSE,,,,,,
01197-evidence-policy-1000-both-s131-d10-m1-verdict-nibli-r0,evidence,1000,0.030477999999999998,open,,,,,,,,,,,
01197-evidence-policy-1000-both-s131-d10-m1-verdict-nibli-r0,evidence,1000,4142.231365,load,1017,,,,,,,,,,
01197-evidence-policy-1000-both-s131-d10-m1-verdict-nibli-r0,evidence,1000,1.954126,query,,0,False,0,FALSE,,,,,,
01197-evidence-policy-1000-both-s131-d10-m1-verdict-nibli-r0,evidence,1000,0.035747999999999995,query,,1,True,0,TRUE,,,,,,
01198-evidence-policy-1000-both-s131-d10-m1-verdict-nibli-r1,evidence,1000,0.026959,open,,,,,,,,,,,
01198-evidence-policy-1000-both-s131-d10-m1-verdict-nibli-r1,evidence,1000,4139.937927,load,1017,,,,,,,,,,
01198-evidence-policy-1000-both-s131-d10-m1-verdict-nibli-r1,evidence,1000,2.252226,query,,0,False,0,FALSE,,,,,,
01198-evidence-policy-1000-both-s131-d10-m1-verdict-nibli-r1,evidence,1000,0.046828,query,,1,True,0,TRUE,,,,,,
01199-evidence-policy-1000-both-s131-d10-m1-verdict-nibli-r2,evidence,1000,0.026879,open,,,,,,,,,,,
01199-evidence-policy-1000-both-s131-d10-m1-verdict-nibli-r2,evidence,1000,4110.456295999999,load,1017,,,,,,,,,,
01199-evidence-policy-1000-both-s131-d10-m1-verdict-nibli-r2,evidence,1000,2.20112,query,,0,False,0,FALSE,,,,,,
01199-evidence-policy-1000-both-s131-d10-m1-verdict-nibli-r2,evidence,1000,0.035329,query,,1,True,0,TRUE,,,,,,
01201-evidence-policy-100-both-s47-d10-m1-certificate-nibli-r0,evidence,100,0.027679,open,,,,,,,,,,,
01201-evidence-policy-100-both-s47-d10-m1-certificate-nibli-r0,evidence,100,38.797810000000005,load,96,,,,,,,,,,
01201-evidence-policy-100-both-s47-d10-m1-certificate-nibli-r0,evidence,100,2.2408889999999997,certificate,,0,,0,FALSE,97319,,True,0.056497,871,0.00175
01201-evidence-policy-100-both-s47-d10-m1-certificate-nibli-r0,evidence,100,0.965076,certificate,,1,,0,TRUE,5096,,True,0.01367,36,0.00032
01202-evidence-policy-100-both-s47-d10-m1-certificate-nibli-r1,evidence,100,0.026778999999999997,open,,,,,,,,,,,
01202-evidence-policy-100-both-s47-d10-m1-certificate-nibli-r1,evidence,100,38.660556,load,96,,,,,,,,,,
01202-evidence-policy-100-both-s47-d10-m1-certificate-nibli-r1,evidence,100,2.172932,certificate,,0,,0,FALSE,97319,,True,0.059077,871,0.00155
01202-evidence-policy-100-both-s47-d10-m1-certificate-nibli-r1,evidence,100,0.952257,certificate,,1,,0,TRUE,5096,,True,0.013859,36,0.00045
01203-evidence-policy-100-both-s47-d10-m1-certificate-nibli-r2,evidence,100,0.027629,open,,,,,,,,,,,
01203-evidence-policy-100-both-s47-d10-m1-certificate-nibli-r2,evidence,100,39.346754999999995,load,96,,,,,,,,,,
01203-evidence-policy-100-both-s47-d10-m1-certificate-nibli-r2,evidence,100,2.127633,certificate,,0,,0,FALSE,97319,,True,0.071547,871,0.00133
01203-evidence-policy-100-both-s47-d10-m1-certificate-nibli-r2,evidence,100,0.9822660000000001,certificate,,1,,0,TRUE,5096,,True,0.012209,36,0.00044
01205-bounds-chain-8-backward-s11-d5-m1-verdict-nibli-r0,bounds,8,0.026137999999999998,open,,,,,,,,,,,
01205-bounds-chain-8-backward-s11-d5-m1-verdict-nibli-r0,bounds,8,0.503677,load,9,,,,,,,,,,
01205-bounds-chain-8-backward-s11-d5-m1-verdict-nibli-r0,bounds,8,29.380137,query,,0,False,0,FALSE,,,,,,
01206-bounds-chain-8-backward-s11-d5-m1-verdict-nibli-r1,bounds,8,0.025809,open,,,,,,,,,,,
01206-bounds-chain-8-backward-s11-d5-m1-verdict-nibli-r1,bounds,8,0.492618,load,9,,,,,,,,,,
01206-bounds-chain-8-backward-s11-d5-m1-verdict-nibli-r1,bounds,8,29.43702,query,,0,False,0,FALSE,,,,,,
01207-bounds-chain-8-backward-s11-d5-m1-verdict-nibli-r2,bounds,8,0.027767999999999998,open,,,,,,,,,,,
01207-bounds-chain-8-backward-s11-d5-m1-verdict-nibli-r2,bounds,8,0.491427,load,9,,,,,,,,,,
01207-bounds-chain-8-backward-s11-d5-m1-verdict-nibli-r2,bounds,8,28.608501,query,,0,False,0,FALSE,,,,,,
01209-bounds-chain-8-backward-s11-d10-m0-verdict-nibli-r0,bounds,8,0.026067999999999997,open,,,,,,,,,,,
01209-bounds-chain-8-backward-s11-d10-m0-verdict-nibli-r0,bounds,8,0.546546,load,9,,,,,,,,,,
01209-bounds-chain-8-backward-s11-d10-m0-verdict-nibli-r0,bounds,8,28.764425,query,,0,False,0,FALSE,,,,,,
01210-bounds-chain-8-backward-s11-d10-m0-verdict-nibli-r1,bounds,8,0.025678,open,,,,,,,,,,,
01210-bounds-chain-8-backward-s11-d10-m0-verdict-nibli-r1,bounds,8,0.500837,load,9,,,,,,,,,,
01210-bounds-chain-8-backward-s11-d10-m0-verdict-nibli-r1,bounds,8,32.497169,query,,0,False,0,FALSE,,,,,,
01211-bounds-chain-8-backward-s11-d10-m0-verdict-nibli-r2,bounds,8,0.047528,open,,,,,,,,,,,
01211-bounds-chain-8-backward-s11-d10-m0-verdict-nibli-r2,bounds,8,0.89701,load,9,,,,,,,,,,
01211-bounds-chain-8-backward-s11-d10-m0-verdict-nibli-r2,bounds,8,32.399789999999996,query,,0,False,0,FALSE,,,,,,
01216-comparison-chain-32-backward-s23-d10-m1-verdict-nibli-r0,comparison,32,0.029959,open,,,,,,,,,,,
01216-comparison-chain-32-backward-s23-d10-m1-verdict-nibli-r0,comparison,32,3.375581,load,33,,,,,,,,,,
01216-comparison-chain-32-backward-s23-d10-m1-verdict-nibli-r0,comparison,32,1651.9401460000001,query,,0,False,0,FALSE,,,,,,
01219-comparison-chain-32-backward-s23-d10-m1-verdict-nibli-r1,comparison,32,0.030969,open,,,,,,,,,,,
01219-comparison-chain-32-backward-s23-d10-m1-verdict-nibli-r1,comparison,32,3.287941,load,33,,,,,,,,,,
01219-comparison-chain-32-backward-s23-d10-m1-verdict-nibli-r1,comparison,32,1627.483479,query,,0,False,0,FALSE,,,,,,
01223-comparison-chain-32-backward-s23-d10-m1-verdict-nibli-r2,comparison,32,0.030919,open,,,,,,,,,,,
01223-comparison-chain-32-backward-s23-d10-m1-verdict-nibli-r2,comparison,32,3.331699,load,33,,,,,,,,,,
01223-comparison-chain-32-backward-s23-d10-m1-verdict-nibli-r2,comparison,32,1648.6927819999999,query,,0,False,0,FALSE,,,,,,
01225-evidence-policy-10000-both-s23-d10-m1-verdict-nibli-r0,evidence,10000,0.028398000000000003,open,,,,,,,,,,,
01226-evidence-policy-10000-both-s23-d10-m1-verdict-nibli-r1,evidence,10000,0.037998,open,,,,,,,,,,,
01227-evidence-policy-10000-both-s23-d10-m1-verdict-nibli-r2,evidence,10000,0.029819000000000002,open,,,,,,,,,,,
01229-evidence-policy-10000-both-s11-d10-m1-verdict-nibli-r0,evidence,10000,0.040038,open,,,,,,,,,,,
01230-evidence-policy-10000-both-s11-d10-m1-verdict-nibli-r1,evidence,10000,0.028277999999999998,open,,,,,,,,,,,
01231-evidence-policy-10000-both-s11-d10-m1-verdict-nibli-r2,evidence,10000,0.030588,open,,,,,,,,,,,
01237-comparison-chain-4-backward-s131-d10-m1-verdict-nibli-r0,comparison,4,0.029698,open,,,,,,,,,,,
01237-comparison-chain-4-backward-s131-d10-m1-verdict-nibli-r0,comparison,4,0.35888400000000004,load,5,,,,,,,,,,
01237-comparison-chain-4-backward-s131-d10-m1-verdict-nibli-r0,comparison,4,4.836746000000001,query,,0,False,0,FALSE,,,,,,
01240-comparison-chain-4-backward-s131-d10-m1-verdict-nibli-r1,comparison,4,0.031278,open,,,,,,,,,,,
01240-comparison-chain-4-backward-s131-d10-m1-verdict-nibli-r1,comparison,4,0.399072,load,5,,,,,,,,,,
01240-comparison-chain-4-backward-s131-d10-m1-verdict-nibli-r1,comparison,4,4.989621,query,,0,False,0,FALSE,,,,,,
01242-comparison-chain-4-backward-s131-d10-m1-verdict-nibli-r2,comparison,4,0.028368,open,,,,,,,,,,,
01242-comparison-chain-4-backward-s131-d10-m1-verdict-nibli-r2,comparison,4,0.346465,load,5,,,,,,,,,,
01242-comparison-chain-4-backward-s131-d10-m1-verdict-nibli-r2,comparison,4,5.064354,query,,0,False,0,FALSE,,,,,,
01248-comparison-chain-4-forward-s47-d10-m1-verdict-nibli-r0,comparison,4,0.038398,open,,,,,,,,,,,
01248-comparison-chain-4-forward-s47-d10-m1-verdict-nibli-r0,comparison,4,0.42501,load,5,,,,,,,,,,
01248-comparison-chain-4-forward-s47-d10-m1-verdict-nibli-r0,comparison,4,68.71166600000001,query,,0,True,0,TRUE,,,,,,
01252-comparison-chain-4-forward-s47-d10-m1-verdict-nibli-r1,comparison,4,0.076711,open,,,,,,,,,,,
01252-comparison-chain-4-forward-s47-d10-m1-verdict-nibli-r1,comparison,4,0.434945,load,5,,,,,,,,,,
01252-comparison-chain-4-forward-s47-d10-m1-verdict-nibli-r1,comparison,4,61.317233,query,,0,True,0,TRUE,,,,,,
01254-comparison-chain-4-forward-s47-d10-m1-verdict-nibli-r2,comparison,4,0.034437999999999996,open,,,,,,,,,,,
01254-comparison-chain-4-forward-s47-d10-m1-verdict-nibli-r2,comparison,4,0.371913,load,5,,,,,,,,,,
01254-comparison-chain-4-forward-s47-d10-m1-verdict-nibli-r2,comparison,4,60.465166,query,,0,True,0,TRUE,,,,,,
01257-bounds-chain-8-backward-s11-d2-m0-verdict-nibli-r0,bounds,8,0.028969,open,,,,,,,,,,,
01257-bounds-chain-8-backward-s11-d2-m0-verdict-nibli-r0,bounds,8,0.536366,load,9,,,,,,,,,,
01257-bounds-chain-8-backward-s11-d2-m0-verdict-nibli-r0,bounds,8,36.235324999999996,query,,0,False,0,FALSE,,,,,,
01258-bounds-chain-8-backward-s11-d2-m0-verdict-nibli-r1,bounds,8,0.029329,open,,,,,,,,,,,
01258-bounds-chain-8-backward-s11-d2-m0-verdict-nibli-r1,bounds,8,0.544785,load,9,,,,,,,,,,
01258-bounds-chain-8-backward-s11-d2-m0-verdict-nibli-r1,bounds,8,28.620623000000002,query,,0,False,0,FALSE,,,,,,
01259-bounds-chain-8-backward-s11-d2-m0-verdict-nibli-r2,bounds,8,0.032519,open,,,,,,,,,,,
01259-bounds-chain-8-backward-s11-d2-m0-verdict-nibli-r2,bounds,8,0.621122,load,9,,,,,,,,,,
01259-bounds-chain-8-backward-s11-d2-m0-verdict-nibli-r2,bounds,8,32.939151,query,,0,False,0,FALSE,,,,,,
01261-bounds-chain-8-backward-s23-d10-m0-verdict-nibli-r0,bounds,8,0.030239,open,,,,,,,,,,,
01261-bounds-chain-8-backward-s23-d10-m0-verdict-nibli-r0,bounds,8,0.6979179999999999,load,9,,,,,,,,,,
01261-bounds-chain-8-backward-s23-d10-m0-verdict-nibli-r0,bounds,8,31.751119000000003,query,,0,False,0,FALSE,,,,,,
01262-bounds-chain-8-backward-s23-d10-m0-verdict-nibli-r1,bounds,8,0.026149,open,,,,,,,,,,,
01262-bounds-chain-8-backward-s23-d10-m0-verdict-nibli-r1,bounds,8,0.516787,load,9,,,,,,,,,,
01262-bounds-chain-8-backward-s23-d10-m0-verdict-nibli-r1,bounds,8,33.491219,query,,0,False,0,FALSE,,,,,,
01263-bounds-chain-8-backward-s23-d10-m0-verdict-nibli-r2,bounds,8,0.027009,open,,,,,,,,,,,
01263-bounds-chain-8-backward-s23-d10-m0-verdict-nibli-r2,bounds,8,0.532836,load,9,,,,,,,,,,
01263-bounds-chain-8-backward-s23-d10-m0-verdict-nibli-r2,bounds,8,31.842109999999998,query,,0,False,0,FALSE,,,,,,
01265-bounds-policy-100-both-s83-d20-m0-verdict-nibli-r0,bounds,100,0.033858,open,,,,,,,,,,,
01265-bounds-policy-100-both-s83-d20-m0-verdict-nibli-r0,bounds,100,39.334887,load,101,,,,,,,,,,
01265-bounds-policy-100-both-s83-d20-m0-verdict-nibli-r0,bounds,100,968.3602999999999,query,,0,False,0,FALSE,,,,,,
01265-bounds-policy-100-both-s83-d20-m0-verdict-nibli-r0,bounds,100,2592.806457,query,,1,True,0,TRUE,,,,,,
01266-bounds-policy-100-both-s83-d20-m0-verdict-nibli-r1,bounds,100,0.028399,open,,,,,,,,,,,
01266-bounds-policy-100-both-s83-d20-m0-verdict-nibli-r1,bounds,100,40.897359,load,101,,,,,,,,,,
01266-bounds-policy-100-both-s83-d20-m0-verdict-nibli-r1,bounds,100,953.586249,query,,0,False,0,FALSE,,,,,,
01266-bounds-policy-100-both-s83-d20-m0-verdict-nibli-r1,bounds,100,2560.579068,query,,1,True,0,TRUE,,,,,,
01267-bounds-policy-100-both-s83-d20-m0-verdict-nibli-r2,bounds,100,0.030497999999999997,open,,,,,,,,,,,
01267-bounds-policy-100-both-s83-d20-m0-verdict-nibli-r2,bounds,100,50.075215,load,101,,,,,,,,,,
01267-bounds-policy-100-both-s83-d20-m0-verdict-nibli-r2,bounds,100,939.214901,query,,0,False,0,FALSE,,,,,,
01267-bounds-policy-100-both-s83-d20-m0-verdict-nibli-r2,bounds,100,2534.421249,query,,1,True,0,TRUE,,,,,,
01271-comparison-chain-4-backward-s83-d10-m1-verdict-nibli-r0,comparison,4,0.025529,open,,,,,,,,,,,
01271-comparison-chain-4-backward-s83-d10-m1-verdict-nibli-r0,comparison,4,0.317145,load,5,,,,,,,,,,
01271-comparison-chain-4-backward-s83-d10-m1-verdict-nibli-r0,comparison,4,4.099462,query,,0,False,0,FALSE,,,,,,
01274-comparison-chain-4-backward-s83-d10-m1-verdict-nibli-r1,comparison,4,0.025379,open,,,,,,,,,,,
01274-comparison-chain-4-backward-s83-d10-m1-verdict-nibli-r1,comparison,4,0.303576,load,5,,,,,,,,,,
01274-comparison-chain-4-backward-s83-d10-m1-verdict-nibli-r1,comparison,4,4.068983,query,,0,False,0,FALSE,,,,,,
01278-comparison-chain-4-backward-s83-d10-m1-verdict-nibli-r2,comparison,4,0.035067999999999995,open,,,,,,,,,,,
01278-comparison-chain-4-backward-s83-d10-m1-verdict-nibli-r2,comparison,4,0.39024200000000003,load,5,,,,,,,,,,
01278-comparison-chain-4-backward-s83-d10-m1-verdict-nibli-r2,comparison,4,5.19714,query,,0,False,0,FALSE,,,,,,
01285-comparison-chain-4-forward-s23-d10-m1-verdict-nibli-r0,comparison,4,0.033539,open,,,,,,,,,,,
01285-comparison-chain-4-forward-s23-d10-m1-verdict-nibli-r0,comparison,4,0.41625100000000004,load,5,,,,,,,,,,
01285-comparison-chain-4-forward-s23-d10-m1-verdict-nibli-r0,comparison,4,79.555934,query,,0,True,0,TRUE,,,,,,
01287-comparison-chain-4-forward-s23-d10-m1-verdict-nibli-r1,comparison,4,0.868465,open,,,,,,,,,,,
01287-comparison-chain-4-forward-s23-d10-m1-verdict-nibli-r1,comparison,4,0.415341,load,5,,,,,,,,,,
01287-comparison-chain-4-forward-s23-d10-m1-verdict-nibli-r1,comparison,4,99.254134,query,,0,True,0,TRUE,,,,,,
01290-comparison-chain-4-forward-s23-d10-m1-verdict-nibli-r2,comparison,4,0.031087999999999998,open,,,,,,,,,,,
01290-comparison-chain-4-forward-s23-d10-m1-verdict-nibli-r2,comparison,4,0.374773,load,5,,,,,,,,,,
01290-comparison-chain-4-forward-s23-d10-m1-verdict-nibli-r2,comparison,4,128.274975,query,,0,True,0,TRUE,,,,,,
01293-evidence-policy-1000-both-s83-d10-m1-verdict-nibli-r0,evidence,1000,0.028929,open,,,,,,,,,,,
01293-evidence-policy-1000-both-s83-d10-m1-verdict-nibli-r0,evidence,1000,3718.719215,load,972,,,,,,,,,,
01293-evidence-policy-1000-both-s83-d10-m1-verdict-nibli-r0,evidence,1000,1.834705,query,,0,False,0,FALSE,,,,,,
01293-evidence-policy-1000-both-s83-d10-m1-verdict-nibli-r0,evidence,1000,0.038568,query,,1,True,0,TRUE,,,,,,
01294-evidence-policy-1000-both-s83-d10-m1-verdict-nibli-r1,evidence,1000,0.035808,open,,,,,,,,,,,
01294-evidence-policy-1000-both-s83-d10-m1-verdict-nibli-r1,evidence,1000,3762.6994950000003,load,972,,,,,,,,,,
01294-evidence-policy-1000-both-s83-d10-m1-verdict-nibli-r1,evidence,1000,1.846004,query,,0,False,0,FALSE,,,,,,
01294-evidence-policy-1000-both-s83-d10-m1-verdict-nibli-r1,evidence,1000,0.039038,query,,1,True,0,TRUE,,,,,,
01295-evidence-policy-1000-both-s83-d10-m1-verdict-nibli-r2,evidence,1000,0.031298,open,,,,,,,,,,,
01295-evidence-policy-1000-both-s83-d10-m1-verdict-nibli-r2,evidence,1000,3761.101678,load,972,,,,,,,,,,
01295-evidence-policy-1000-both-s83-d10-m1-verdict-nibli-r2,evidence,1000,1.861865,query,,0,False,0,FALSE,,,,,,
01295-evidence-policy-1000-both-s83-d10-m1-verdict-nibli-r2,evidence,1000,0.034599,query,,1,True,0,TRUE,,,,,,
01301-comparison-policy-100-both-s83-d10-m1-verdict-nibli-r0,comparison,100,0.035998999999999996,open,,,,,,,,,,,
01301-comparison-policy-100-both-s83-d10-m1-verdict-nibli-r0,comparison,100,39.861939,load,101,,,,,,,,,,
01301-comparison-policy-100-both-s83-d10-m1-verdict-nibli-r0,comparison,100,0.320935,query,,0,False,0,FALSE,,,,,,
01301-comparison-policy-100-both-s83-d10-m1-verdict-nibli-r0,comparison,100,0.013999,query,,1,True,0,TRUE,,,,,,
01304-comparison-policy-100-both-s83-d10-m1-verdict-nibli-r1,comparison,100,0.034898,open,,,,,,,,,,,
01304-comparison-policy-100-both-s83-d10-m1-verdict-nibli-r1,comparison,100,40.90061,load,101,,,,,,,,,,
01304-comparison-policy-100-both-s83-d10-m1-verdict-nibli-r1,comparison,100,0.35874399999999995,query,,0,False,0,FALSE,,,,,,
01304-comparison-policy-100-both-s83-d10-m1-verdict-nibli-r1,comparison,100,0.031299,query,,1,True,0,TRUE,,,,,,
01307-comparison-policy-100-both-s83-d10-m1-verdict-nibli-r2,comparison,100,0.034228,open,,,,,,,,,,,
01307-comparison-policy-100-both-s83-d10-m1-verdict-nibli-r2,comparison,100,39.803006,load,101,,,,,,,,,,
01307-comparison-policy-100-both-s83-d10-m1-verdict-nibli-r2,comparison,100,0.344854,query,,0,False,0,FALSE,,,,,,
01307-comparison-policy-100-both-s83-d10-m1-verdict-nibli-r2,comparison,100,0.014709,query,,1,True,0,TRUE,,,,,,
01309-bounds-policy-100-both-s23-d10-m1-verdict-nibli-r0,bounds,100,0.036888000000000004,open,,,,,,,,,,,
01309-bounds-policy-100-both-s23-d10-m1-verdict-nibli-r0,bounds,100,42.168158999999996,load,100,,,,,,,,,,
01309-bounds-policy-100-both-s23-d10-m1-verdict-nibli-r0,bounds,100,0.358984,query,,0,False,0,FALSE,,,,,,
01309-bounds-policy-100-both-s23-d10-m1-verdict-nibli-r0,bounds,100,0.031529,query,,1,True,0,TRUE,,,,,,
01310-bounds-policy-100-both-s23-d10-m1-verdict-nibli-r1,bounds,100,0.035539,open,,,,,,,,,,,
01310-bounds-policy-100-both-s23-d10-m1-verdict-nibli-r1,bounds,100,51.02657,load,100,,,,,,,,,,
01310-bounds-policy-100-both-s23-d10-m1-verdict-nibli-r1,bounds,100,0.445899,query,,0,False,0,FALSE,,,,,,
01310-bounds-policy-100-both-s23-d10-m1-verdict-nibli-r1,bounds,100,0.079966,query,,1,True,0,TRUE,,,,,,
01311-bounds-policy-100-both-s23-d10-m1-verdict-nibli-r2,bounds,100,0.027789,open,,,,,,,,,,,
01311-bounds-policy-100-both-s23-d10-m1-verdict-nibli-r2,bounds,100,41.951536999999995,load,100,,,,,,,,,,
01311-bounds-policy-100-both-s23-d10-m1-verdict-nibli-r2,bounds,100,0.34433400000000003,query,,0,False,0,FALSE,,,,,,
01311-bounds-policy-100-both-s23-d10-m1-verdict-nibli-r2,bounds,100,0.015139,query,,1,True,0,TRUE,,,,,,
01313-bounds-chain-8-forward-s83-d10-m0-verdict-nibli-r0,bounds,8,0.027868,open,,,,,,,,,,,
01313-bounds-chain-8-forward-s83-d10-m0-verdict-nibli-r0,bounds,8,0.552425,load,9,,,,,,,,,,
01313-bounds-chain-8-forward-s83-d10-m0-verdict-nibli-r0,bounds,8,3529.302559,query,,0,{'Unknown': 'CycleCut'},0,UNKNOWN,,,,,,
01314-bounds-chain-8-forward-s83-d10-m0-verdict-nibli-r1,bounds,8,0.032508,open,,,,,,,,,,,
01314-bounds-chain-8-forward-s83-d10-m0-verdict-nibli-r1,bounds,8,0.575523,load,9,,,,,,,,,,
01314-bounds-chain-8-forward-s83-d10-m0-verdict-nibli-r1,bounds,8,3539.35755,query,,0,{'Unknown': 'CycleCut'},0,UNKNOWN,,,,,,
01315-bounds-chain-8-forward-s83-d10-m0-verdict-nibli-r2,bounds,8,0.028439,open,,,,,,,,,,,
01315-bounds-chain-8-forward-s83-d10-m0-verdict-nibli-r2,bounds,8,0.584083,load,9,,,,,,,,,,
01315-bounds-chain-8-forward-s83-d10-m0-verdict-nibli-r2,bounds,8,3474.512961,query,,0,{'Unknown': 'CycleCut'},0,UNKNOWN,,,,,,
01317-bounds-policy-100-both-s131-d20-m1-verdict-nibli-r0,bounds,100,0.029319,open,,,,,,,,,,,
01317-bounds-policy-100-both-s131-d20-m1-verdict-nibli-r0,bounds,100,57.836258,load,103,,,,,,,,,,
01317-bounds-policy-100-both-s131-d20-m1-verdict-nibli-r0,bounds,100,0.449029,query,,0,False,0,FALSE,,,,,,
01317-bounds-policy-100-both-s131-d20-m1-verdict-nibli-r0,bounds,100,0.019179,query,,1,True,0,TRUE,,,,,,
01318-bounds-policy-100-both-s131-d20-m1-verdict-nibli-r1,bounds,100,0.028349,open,,,,,,,,,,,
01318-bounds-policy-100-both-s131-d20-m1-verdict-nibli-r1,bounds,100,43.951842,load,103,,,,,,,,,,
01318-bounds-policy-100-both-s131-d20-m1-verdict-nibli-r1,bounds,100,0.321615,query,,0,False,0,FALSE,,,,,,
01318-bounds-policy-100-both-s131-d20-m1-verdict-nibli-r1,bounds,100,0.01371,query,,1,True,0,TRUE,,,,,,
01319-bounds-policy-100-both-s131-d20-m1-verdict-nibli-r2,bounds,100,0.028709,open,,,,,,,,,,,
01319-bounds-policy-100-both-s131-d20-m1-verdict-nibli-r2,bounds,100,43.259153000000005,load,103,,,,,,,,,,
01319-bounds-policy-100-both-s131-d20-m1-verdict-nibli-r2,bounds,100,0.342924,query,,0,False,0,FALSE,,,,,,
01319-bounds-policy-100-both-s131-d20-m1-verdict-nibli-r2,bounds,100,0.014669,query,,1,True,0,TRUE,,,,,,
01324-comparison-chain-32-forward-s131-d10-m1-verdict-nibli-r0,comparison,32,0.048178,open,,,,,,,,,,,
01324-comparison-chain-32-forward-s131-d10-m1-verdict-nibli-r0,comparison,32,5.956711,load,33,,,,,,,,,,
01328-comparison-chain-32-forward-s131-d10-m1-verdict-nibli-r1,comparison,32,0.031969,open,,,,,,,,,,,
01328-comparison-chain-32-forward-s131-d10-m1-verdict-nibli-r1,comparison,32,4.144496999999999,load,33,,,,,,,,,,
01330-comparison-chain-32-forward-s131-d10-m1-verdict-nibli-r2,comparison,32,0.026909,open,,,,,,,,,,,
01330-comparison-chain-32-forward-s131-d10-m1-verdict-nibli-r2,comparison,32,3.444318,load,33,,,,,,,,,,
01333-updates-policy-1000-both-s23-d10-m1-updates-nibli-r0,updates,1000,170.249719,open,,,,,,,,,,,
01333-updates-policy-1000-both-s23-d10-m1-updates-nibli-r0,updates,1000,7581.013661,load,986,,,,,,,,,,
01333-updates-policy-1000-both-s23-d10-m1-updates-nibli-r0,updates,1000,22.499149,certificate,,0,,0,TRUE,8610,,True,0.035539,60,0.00066
01333-updates-policy-1000-both-s23-d10-m1-updates-nibli-r0,updates,1000,64.821674,certificate,,1,,0,FALSE,968114,,True,0.679619,8591,0.021449
01333-updates-policy-1000-both-s23-d10-m1-updates-nibli-r0,updates,1000,23.191677000000002,certificate,,2,,0,TRUE,8610,,True,0.034488,60,0.00052
01333-updates-policy-1000-both-s23-d10-m1-updates-nibli-r0,updates,1000,57.702200000000005,certificate,,3,,0,FALSE,968114,,True,0.638061,8591,0.014849
01333-updates-policy-1000-both-s23-d10-m1-updates-nibli-r0,updates,1000,162.639694,withdrawal,,,,1,,,,,,,
01333-updates-policy-1000-both-s23-d10-m1-updates-nibli-r0,updates,1000,74.108389,certificate,,0,,1,TRUE,9113,,True,0.055627,64,0.00067
01333-updates-policy-1000-both-s23-d10-m1-updates-nibli-r0,updates,1000,59.998045,certificate,,1,,1,FALSE,967549,,True,0.42703100000000005,8586,0.015458999999999999
01333-updates-policy-1000-both-s23-d10-m1-updates-nibli-r0,updates,1000,24.723936,certificate,,2,,1,TRUE,8610,,True,0.062117,60,0.0005
01333-updates-policy-1000-both-s23-d10-m1-updates-nibli-r0,updates,1000,57.625389,certificate,,3,,1,FALSE,967549,,True,0.672489,8586,0.023529
01333-updates-policy-1000-both-s23-d10-m1-updates-nibli-r0,updates,1000,20.497462000000002,withdrawal,,,,2,,,,,,,
01333-updates-policy-1000-both-s23-d10-m1-updates-nibli-r0,updates,1000,114.493082,certificate,,0,,2,FALSE,2422412,,True,1.75491,17161,0.039878
01333-updates-policy-1000-both-s23-d10-m1-updates-nibli-r0,updates,1000,19.717646,certificate,,1,,2,TRUE,5102,,True,0.037218,36,0.00046
01333-updates-policy-1000-both-s23-d10-m1-updates-nibli-r0,updates,1000,23.453721,certificate,,2,,2,TRUE,8610,,True,0.064057,60,0.00045
01333-updates-policy-1000-both-s23-d10-m1-updates-nibli-r0,updates,1000,58.16404,certificate,,3,,2,FALSE,966984,,True,0.689149,8581,0.015858999999999998
01333-updates-policy-1000-both-s23-d10-m1-updates-nibli-r0,updates,1000,115.21772399999999,reassertion,,,,3,,,,,,,
01333-updates-policy-1000-both-s23-d10-m1-updates-nibli-r0,updates,1000,21.981517999999998,certificate,,0,,3,TRUE,8610,,True,0.035568,60,0.00053
01333-updates-policy-1000-both-s23-d10-m1-updates-nibli-r0,updates,1000,61.884632,certificate,,1,,3,FALSE,967549,,True,0.384172,8586,0.015089
01333-updates-policy-1000-both-s23-d10-m1-updates-nibli-r0,updates,1000,22.591976,certificate,,2,,3,TRUE,8610,,True,0.034058,60,0.00071
01333-updates-policy-1000-both-s23-d10-m1-updates-nibli-r0,updates,1000,57.27848,certificate,,3,,3,FALSE,967549,,True,0.405632,8586,0.017659
01333-updates-policy-1000-both-s23-d10-m1-updates-nibli-r0,updates,1000,7033.877721,reopen,,,,4,,,,,,,
01333-updates-policy-1000-both-s23-d10-m1-updates-nibli-r0,updates,1000,33.744877,certificate,,0,,4,TRUE,8610,,True,0.071977,60,0.00071
01333-updates-policy-1000-both-s23-d10-m1-updates-nibli-r0,updates,1000,91.42063,certificate,,1,,4,FALSE,967549,,True,0.557365,8586,0.018109
01333-updates-policy-1000-both-s23-d10-m1-updates-nibli-r0,updates,1000,34.398348000000006,certificate,,2,,4,TRUE,8610,,True,0.057717000000000004,60,0.00074
01333-updates-policy-1000-both-s23-d10-m1-updates-nibli-r0,updates,1000,90.748744,certificate,,3,,4,FALSE,967549,,True,0.528415,8586,0.031789
01333-updates-policy-1000-both-s23-d10-m1-updates-nibli-r0,updates,1000,79.669893,withdrawal,,,,5,,,,,,,
01333-updates-policy-1000-both-s23-d10-m1-updates-nibli-r0,updates,1000,23.594264,certificate,,0,,5,TRUE,8610,,True,0.07710600000000001,60,0.0009
01333-updates-policy-1000-both-s23-d10-m1-updates-nibli-r0,updates,1000,61.691517000000005,certificate,,1,,5,FALSE,966984,,True,0.49687099999999995,8581,0.016069
01333-updates-policy-1000-both-s23-d10-m1-updates-nibli-r0,updates,1000,133.987254,certificate,,2,,5,FALSE,2422412,,True,1.492988,17161,0.049666999999999996
01333-updates-policy-1000-both-s23-d10-m1-updates-nibli-r0,updates,1000,20.448688999999998,certificate,,3,,5,TRUE,5102,,True,0.033428,36,0.00038
01333-updates-policy-1000-both-s23-d10-m1-updates-nibli-r0,updates,1000,79.26353,reassertion,,,,6,,,,,,,
01333-updates-policy-1000-both-s23-d10-m1-updates-nibli-r0,updates,1000,26.406655,certificate,,0,,6,TRUE,8610,,True,0.060557,60,0.0007700000000000001
01333-updates-policy-1000-both-s23-d10-m1-updates-nibli-r0,updates,1000,64.83242899999999,certificate,,1,,6,FALSE,967549,,True,0.472526,8586,0.020769
01333-updates-policy-1000-both-s23-d10-m1-updates-nibli-r0,updates,1000,24.100485000000003,certificate,,2,,6,TRUE,8610,,True,0.053397,60,0.00046
01333-updates-policy-1000-both-s23-d10-m1-updates-nibli-r0,updates,1000,61.825756000000005,certificate,,3,,6,FALSE,967549,,True,0.393812,8586,0.014719
01333-updates-policy-1000-both-s23-d10-m1-updates-nibli-r0,updates,1000,6884.338821,reopen,,,,7,,,,,,,
01333-updates-policy-1000-both-s23-d10-m1-updates-nibli-r0,updates,1000,25.604218000000003,certificate,,0,,7,TRUE,8610,,True,0.055027,60,0.00074
01333-updates-policy-1000-both-s23-d10-m1-updates-nibli-r0,updates,1000,64.94866300000001,certificate,,1,,7,FALSE,967549,,True,0.431915,8586,0.017659
01333-updates-policy-1000-both-s23-d10-m1-updates-nibli-r0,updates,1000,24.708959,certificate,,2,,7,TRUE,8610,,True,0.052917,60,0.00086
01333-updates-policy-1000-both-s23-d10-m1-updates-nibli-r0,updates,1000,66.012614,certificate,,3,,7,FALSE,967549,,True,0.537546,8586,0.026747999999999997
01334-updates-policy-1000-both-s23-d10-m1-updates-nibli-r1,updates,1000,12.483723000000001,open,,,,,,,,,,,
01334-updates-policy-1000-both-s23-d10-m1-updates-nibli-r1,updates,1000,7879.955824,load,986,,,,,,,,,,
01334-updates-policy-1000-both-s23-d10-m1-updates-nibli-r1,updates,1000,24.842813,certificate,,0,,0,TRUE,8610,,True,0.039687999999999994,60,0.00106
01334-updates-policy-1000-both-s23-d10-m1-updates-nibli-r1,updates,1000,62.985490000000006,certificate,,1,,0,FALSE,968114,,True,0.435686,8591,0.017589
01334-updates-policy-1000-both-s23-d10-m1-updates-nibli-r1,updates,1000,22.648279,certificate,,2,,0,TRUE,8610,,True,0.06322699999999999,60,0.00067
01334-updates-policy-1000-both-s23-d10-m1-updates-nibli-r1,updates,1000,59.49661,certificate,,3,,0,FALSE,968114,,True,0.388963,8591,0.01596
01334-updates-policy-1000-both-s23-d10-m1-updates-nibli-r1,updates,1000,161.376024,withdrawal,,,,1,,,,,,,
01334-updates-policy-1000-both-s23-d10-m1-updates-nibli-r1,updates,1000,77.81558600000001,certificate,,0,,1,TRUE,9113,,True,0.056388,64,0.00097
01334-updates-policy-1000-both-s23-d10-m1-updates-nibli-r1,updates,1000,60.38093,certificate,,1,,1,FALSE,967549,,True,0.43423,8586,0.015599000000000002
01334-updates-policy-1000-both-s23-d10-m1-updates-nibli-r1,updates,1000,23.304483,certificate,,2,,1,TRUE,8610,,True,0.066007,60,0.00058
01334-updates-policy-1000-both-s23-d10-m1-updates-nibli-r1,updates,1000,82.990193,certificate,,3,,1,FALSE,967549,,True,0.795583,8586,0.030629
01334-updates-policy-1000-both-s23-d10-m1-updates-nibli-r1,updates,1000,85.363726,withdrawal,,,,2,,,,,,,
01334-updates-policy-1000-both-s23-d10-m1-updates-nibli-r1,updates,1000,343.555857,certificate,,0,,2,FALSE,2422412,,True,8.769202,17161,0.08880600000000001
01334-updates-policy-1000-both-s23-d10-m1-updates-nibli-r1,updates,1000,54.748233,certificate,,1,,2,TRUE,5102,,True,0.028867999999999998,36,0.001
01334-updates-policy-1000-both-s23-d10-m1-updates-nibli-r1,updates,1000,38.660242999999994,certificate,,2,,2,TRUE,8610,,True,0.095386,60,0.0011200000000000001
01334-updates-policy-1000-both-s23-d10-m1-updates-nibli-r1,updates,1000,155.427994,certificate,,3,,2,FALSE,966984,,True,1.3153800000000002,8581,0.612866
01334-updates-policy-1000-both-s23-d10-m1-updates-nibli-r1,updates,1000,247.15537,reassertion,,,,3,,,,,,,
01334-updates-policy-1000-both-s23-d10-m1-updates-nibli-r1,updates,1000,23.85207,certificate,,0,,3,TRUE,8610,,True,0.035029,60,0.00071
01334-updates-policy-1000-both-s23-d10-m1-updates-nibli-r1,updates,1000,60.201242,certificate,,1,,3,FALSE,967549,,True,0.54952,8586,0.019719
01334-updates-policy-1000-both-s23-d10-m1-updates-nibli-r1,updates,1000,23.877768,certificate,,2,,3,TRUE,8610,,True,0.038528,60,0.00062
01334-updates-policy-1000-both-s23-d10-m1-updates-nibli-r1,updates,1000,57.481192,certificate,,3,,3,FALSE,967549,,True,0.402641,8586,0.015799
01334-updates-policy-1000-both-s23-d10-m1-updates-nibli-r1,updates,1000,6728.394827,reopen,,,,4,,,,,,,
01334-updates-policy-1000-both-s23-d10-m1-updates-nibli-r1,updates,1000,21.956961,certificate,,0,,4,TRUE,8610,,True,0.058268,60,0.00067
01334-updates-policy-1000-both-s23-d10-m1-updates-nibli-r1,updates,1000,63.288821,certificate,,1,,4,FALSE,967549,,True,0.417517,8586,0.017609
01334-updates-policy-1000-both-s23-d10-m1-updates-nibli-r1,updates,1000,26.55752,certificate,,2,,4,TRUE,8610,,True,0.091086,60,0.0005
01334-updates-policy-1000-both-s23-d10-m1-updates-nibli-r1,updates,1000,57.715236000000004,certificate,,3,,4,FALSE,967549,,True,0.396492,8586,0.014729
01334-updates-policy-1000-both-s23-d10-m1-updates-nibli-r1,updates,1000,170.68971299999998,withdrawal,,,,5,,,,,,,
01334-updates-policy-1000-both-s23-d10-m1-updates-nibli-r1,updates,1000,23.355604,certificate,,0,,5,TRUE,8610,,True,0.09096599999999999,60,0.0007800000000000001
01334-updates-policy-1000-both-s23-d10-m1-updates-nibli-r1,updates,1000,58.820986,certificate,,1,,5,FALSE,966984,,True,0.42892,8581,0.017539
01334-updates-policy-1000-both-s23-d10-m1-updates-nibli-r1,updates,1000,120.66260199999999,certificate,,2,,5,FALSE,2422412,,True,1.205394,17161,0.046348
01334-updates-policy-1000-both-s23-d10-m1-updates-nibli-r1,updates,1000,22.660906,certificate,,3,,5,TRUE,5102,,True,0.033298,36,0.0006799999999999999
01334-updates-policy-1000-both-s23-d10-m1-updates-nibli-r1,updates,1000,96.85688400000001,reassertion,,,,6,,,,,,,
01334-updates-policy-1000-both-s23-d10-m1-updates-nibli-r1,updates,1000,22.64347,certificate,,0,,6,TRUE,8610,,True,0.078156,60,0.0006
01334-updates-policy-1000-both-s23-d10-m1-updates-nibli-r1,updates,1000,62.432753,certificate,,1,,6,FALSE,967549,,True,0.742257,8586,0.015889999999999998
01334-updates-policy-1000-both-s23-d10-m1-updates-nibli-r1,updates,1000,21.683119,certificate,,2,,6,TRUE,8610,,True,0.054207,60,0.0005700000000000001
01334-updates-policy-1000-both-s23-d10-m1-updates-nibli-r1,updates,1000,57.603561,certificate,,3,,6,FALSE,967549,,True,0.41237100000000004,8586,0.016538999999999998
01334-updates-policy-1000-both-s23-d10-m1-updates-nibli-r1,updates,1000,6914.0969620000005,reopen,,,,7,,,,,,,
01334-updates-policy-1000-both-s23-d10-m1-updates-nibli-r1,updates,1000,23.130804,certificate,,0,,7,TRUE,8610,,True,0.060157,60,0.00084
01334-updates-policy-1000-both-s23-d10-m1-updates-nibli-r1,updates,1000,60.057777,certificate,,1,,7,FALSE,967549,,True,0.40335099999999996,8586,0.014790000000000001
01334-updates-policy-1000-both-s23-d10-m1-updates-nibli-r1,updates,1000,22.247179,certificate,,2,,7,TRUE,8610,,True,0.052107,60,0.0005899999999999999
01334-updates-policy-1000-both-s23-d10-m1-updates-nibli-r1,updates,1000,57.058885,certificate,,3,,7,FALSE,967549,,True,0.39107200000000003,8586,0.017819
01335-updates-policy-1000-both-s23-d10-m1-updates-nibli-r2,updates,1000,196.37053300000002,open,,,,,,,,,,,
01335-updates-policy-1000-both-s23-d10-m1-updates-nibli-r2,updates,1000,7737.3583579999995,load,986,,,,,,,,,,
01335-updates-policy-1000-both-s23-d10-m1-updates-nibli-r2,updates,1000,22.686955,certificate,,0,,0,TRUE,8610,,True,0.042648000000000005,60,0.001
01335-updates-policy-1000-both-s23-d10-m1-updates-nibli-r2,updates,1000,59.645469,certificate,,1,,0,FALSE,968114,,True,0.402041,8591,0.01592
01335-updates-policy-1000-both-s23-d10-m1-updates-nibli-r2,updates,1000,23.508397,certificate,,2,,0,TRUE,8610,,True,0.033228,60,0.0005700000000000001
01335-updates-policy-1000-both-s23-d10-m1-updates-nibli-r2,updates,1000,58.052179,certificate,,3,,0,FALSE,968114,,True,0.383212,8591,0.014719
01335-updates-policy-1000-both-s23-d10-m1-updates-nibli-r2,updates,1000,17.819306,withdrawal,,,,1,,,,,,,
01335-updates-policy-1000-both-s23-d10-m1-updates-nibli-r2,updates,1000,76.118397,certificate,,0,,1,TRUE,9113,,True,0.056507,64,0.00073
01335-updates-policy-1000-both-s23-d10-m1-updates-nibli-r2,updates,1000,63.304897,certificate,,1,,1,FALSE,967549,,True,0.42303,8586,0.016789000000000002
01335-updates-policy-1000-both-s23-d10-m1-updates-nibli-r2,updates,1000,24.177037,certificate,,2,,1,TRUE,8610,,True,0.06904700000000001,60,0.00086
01335-updates-policy-1000-both-s23-d10-m1-updates-nibli-r2,updates,1000,71.621804,certificate,,3,,1,FALSE,967549,,True,0.681149,8586,0.015559000000000002
01335-updates-policy-1000-both-s23-d10-m1-updates-nibli-r2,updates,1000,94.371822,withdrawal,,,,2,,,,,,,
01335-updates-policy-1000-both-s23-d10-m1-updates-nibli-r2,updates,1000,119.24627699999999,certificate,,0,,2,FALSE,2422412,,True,1.83599,17161,0.041698
01335-updates-policy-1000-both-s23-d10-m1-updates-nibli-r2,updates,1000,19.736419,certificate,,1,,2,TRUE,5102,,True,0.026489,36,0.00053
01335-updates-policy-1000-both-s23-d10-m1-updates-nibli-r2,updates,1000,23.91516,certificate,,2,,2,TRUE,8610,,True,0.063537,60,0.00053
01335-updates-policy-1000-both-s23-d10-m1-updates-nibli-r2,updates,1000,58.286077999999996,certificate,,3,,2,FALSE,966984,,True,0.425831,8581,0.015469
01335-updates-policy-1000-both-s23-d10-m1-updates-nibli-r2,updates,1000,109.73142399999999,reassertion,,,,3,,,,,,,
01335-updates-policy-1000-both-s23-d10-m1-updates-nibli-r2,updates,1000,22.592412999999997,certificate,,0,,3,TRUE,8610,,True,0.036338999999999996,60,0.00065
01335-updates-policy-1000-both-s23-d10-m1-updates-nibli-r2,updates,1000,64.062834,certificate,,1,,3,FALSE,967549,,True,0.464408,8586,0.024709000000000002
01335-updates-policy-1000-both-s23-d10-m1-updates-nibli-r2,updates,1000,24.83435,certificate,,2,,3,TRUE,8610,,True,0.035299000000000004,60,0.00052
01335-updates-policy-1000-both-s23-d10-m1-updates-nibli-r2,updates,1000,59.937148,certificate,,3,,3,FALSE,967549,,True,0.404661,8586,0.015129
01335-updates-policy-1000-both-s23-d10-m1-updates-nibli-r2,updates,1000,7046.420019,reopen,,,,4,,,,,,,
01335-updates-policy-1000-both-s23-d10-m1-updates-nibli-r2,updates,1000,30.686802999999998,certificate,,0,,4,TRUE,8610,,True,0.060018,60,0.001
01335-updates-policy-1000-both-s23-d10-m1-updates-nibli-r2,updates,1000,60.693312,certificate,,1,,4,FALSE,967549,,True,0.39960100000000004,8586,0.014759999999999999
01335-updates-policy-1000-both-s23-d10-m1-updates-nibli-r2,updates,1000,23.617576,certificate,,2,,4,TRUE,8610,,True,0.051868,60,0.000729
01335-updates-policy-1000-both-s23-d10-m1-updates-nibli-r2,updates,1000,56.870164,certificate,,3,,4,FALSE,967549,,True,0.393812,8586,0.016829
01335-updates-policy-1000-both-s23-d10-m1-updates-nibli-r2,updates,1000,20.130454,withdrawal,,,,5,,,,,,,
01335-updates-policy-1000-both-s23-d10-m1-updates-nibli-r2,updates,1000,23.094651000000002,certificate,,0,,5,TRUE,8610,,True,0.078447,60,0.00071
01335-updates-policy-1000-both-s23-d10-m1-updates-nibli-r2,updates,1000,69.350527,certificate,,1,,5,FALSE,966984,,True,0.405711,8581,0.017449
01335-updates-policy-1000-both-s23-d10-m1-updates-nibli-r2,updates,1000,115.816774,certificate,,2,,5,FALSE,2422412,,True,1.651624,17161,0.034527999999999996
01335-updates-policy-1000-both-s23-d10-m1-updates-nibli-r2,updates,1000,19.709137000000002,certificate,,3,,5,TRUE,5102,,True,0.031739,36,0.0005
01335-updates-policy-1000-both-s23-d10-m1-updates-nibli-r2,updates,1000,19.329934,reassertion,,,,6,,,,,,,
01335-updates-policy-1000-both-s23-d10-m1-updates-nibli-r2,updates,1000,23.062099,certificate,,0,,6,TRUE,8610,,True,0.061836999999999996,60,0.00045
01335-updates-policy-1000-both-s23-d10-m1-updates-nibli-r2,updates,1000,62.496395,certificate,,1,,6,FALSE,967549,,True,0.675509,8586,0.01652
01335-updates-policy-1000-both-s23-d10-m1-updates-nibli-r2,updates,1000,22.700004999999997,certificate,,2,,6,TRUE,8610,,True,0.053458000000000006,60,0.0008500000000000001
01335-updates-policy-1000-both-s23-d10-m1-updates-nibli-r2,updates,1000,58.629102,certificate,,3,,6,FALSE,967549,,True,0.413371,8586,0.015359999999999999
01335-updates-policy-1000-both-s23-d10-m1-updates-nibli-r2,updates,1000,8012.766809000001,reopen,,,,7,,,,,,,
01335-updates-policy-1000-both-s23-d10-m1-updates-nibli-r2,updates,1000,67.957316,certificate,,0,,7,TRUE,8610,,True,0.086516,60,0.0011799999999999998
01335-updates-policy-1000-both-s23-d10-m1-updates-nibli-r2,updates,1000,128.909464,certificate,,1,,7,FALSE,967549,,True,1.772474,8586,0.030799
01335-updates-policy-1000-both-s23-d10-m1-updates-nibli-r2,updates,1000,49.450129000000004,certificate,,2,,7,TRUE,8610,,True,0.656149,60,0.00117
01335-updates-policy-1000-both-s23-d10-m1-updates-nibli-r2,updates,1000,90.073408,certificate,,3,,7,FALSE,967549,,True,0.40036200000000005,8586,0.020659
01340-comparison-chain-16-forward-s131-d10-m1-verdict-nibli-r0,comparison,16,0.038018,open,,,,,,,,,,,
01340-comparison-chain-16-forward-s131-d10-m1-verdict-nibli-r0,comparison,16,5.971897,load,17,,,,,,,,,,
01342-comparison-chain-16-forward-s131-d10-m1-verdict-nibli-r1,comparison,16,0.036748,open,,,,,,,,,,,
01342-comparison-chain-16-forward-s131-d10-m1-verdict-nibli-r1,comparison,16,1.2677420000000001,load,17,,,,,,,,,,
01346-comparison-chain-16-forward-s131-d10-m1-verdict-nibli-r2,comparison,16,0.038678,open,,,,,,,,,,,
01346-comparison-chain-16-forward-s131-d10-m1-verdict-nibli-r2,comparison,16,1.167457,load,17,,,,,,,,,,
01353-comparison-policy-100-both-s11-d10-m1-verdict-nibli-r0,comparison,100,0.033569,open,,,,,,,,,,,
01353-comparison-policy-100-both-s11-d10-m1-verdict-nibli-r0,comparison,100,51.006652,load,102,,,,,,,,,,
01353-comparison-policy-100-both-s11-d10-m1-verdict-nibli-r0,comparison,100,0.362113,query,,0,False,0,FALSE,,,,,,
01353-comparison-policy-100-both-s11-d10-m1-verdict-nibli-r0,comparison,100,0.031109000000000005,query,,1,True,0,TRUE,,,,,,
01356-comparison-policy-100-both-s11-d10-m1-verdict-nibli-r1,comparison,100,0.034678999999999995,open,,,,,,,,,,,
01356-comparison-policy-100-both-s11-d10-m1-verdict-nibli-r1,comparison,100,43.864589,load,102,,,,,,,,,,
01356-comparison-policy-100-both-s11-d10-m1-verdict-nibli-r1,comparison,100,0.34085499999999996,query,,0,False,0,FALSE,,,,,,
01356-comparison-policy-100-both-s11-d10-m1-verdict-nibli-r1,comparison,100,0.014919,query,,1,True,0,TRUE,,,,,,
01359-comparison-policy-100-both-s11-d10-m1-verdict-nibli-r2,comparison,100,0.035628,open,,,,,,,,,,,
01359-comparison-policy-100-both-s11-d10-m1-verdict-nibli-r2,comparison,100,46.77509,load,102,,,,,,,,,,
01359-comparison-policy-100-both-s11-d10-m1-verdict-nibli-r2,comparison,100,0.37848200000000004,query,,0,False,0,FALSE,,,,,,
01359-comparison-policy-100-both-s11-d10-m1-verdict-nibli-r2,comparison,100,0.016189000000000002,query,,1,True,0,TRUE,,,,,,
01361-bounds-chain-8-forward-s131-d20-m0-verdict-nibli-r0,bounds,8,0.029528,open,,,,,,,,,,,
01361-bounds-chain-8-forward-s131-d20-m0-verdict-nibli-r0,bounds,8,0.786049,load,9,,,,,,,,,,
01361-bounds-chain-8-forward-s131-d20-m0-verdict-nibli-r0,bounds,8,3483.376597,query,,0,True,0,TRUE,,,,,,
01362-bounds-chain-8-forward-s131-d20-m0-verdict-nibli-r1,bounds,8,0.035628,open,,,,,,,,,,,
01362-bounds-chain-8-forward-s131-d20-m0-verdict-nibli-r1,bounds,8,0.87916,load,9,,,,,,,,,,
01362-bounds-chain-8-forward-s131-d20-m0-verdict-nibli-r1,bounds,8,3344.548309,query,,0,True,0,TRUE,,,,,,
01363-bounds-chain-8-forward-s131-d20-m0-verdict-nibli-r2,bounds,8,0.027969,open,,,,,,,,,,,
01363-bounds-chain-8-forward-s131-d20-m0-verdict-nibli-r2,bounds,8,0.596522,load,9,,,,,,,,,,
01363-bounds-chain-8-forward-s131-d20-m0-verdict-nibli-r2,bounds,8,3038.154342,query,,0,True,0,TRUE,,,,,,
01367-comparison-chain-16-backward-s131-d10-m1-verdict-nibli-r0,comparison,16,0.028169,open,,,,,,,,,,,
01367-comparison-chain-16-backward-s131-d10-m1-verdict-nibli-r0,comparison,16,1.300681,load,17,,,,,,,,,,
01367-comparison-chain-16-backward-s131-d10-m1-verdict-nibli-r0,comparison,16,239.25966300000002,query,,0,False,0,FALSE,,,,,,
01372-comparison-chain-16-backward-s131-d10-m1-verdict-nibli-r1,comparison,16,0.039038,open,,,,,,,,,,,
01372-comparison-chain-16-backward-s131-d10-m1-verdict-nibli-r1,comparison,16,1.439394,load,17,,,,,,,,,,
01372-comparison-chain-16-backward-s131-d10-m1-verdict-nibli-r1,comparison,16,240.927943,query,,0,False,0,FALSE,,,,,,
01374-comparison-chain-16-backward-s131-d10-m1-verdict-nibli-r2,comparison,16,0.044418,open,,,,,,,,,,,
01374-comparison-chain-16-backward-s131-d10-m1-verdict-nibli-r2,comparison,16,1.823617,load,17,,,,,,,,,,
01374-comparison-chain-16-backward-s131-d10-m1-verdict-nibli-r2,comparison,16,237.029786,query,,0,False,0,FALSE,,,,,,
01380-comparison-chain-32-forward-s83-d10-m1-verdict-nibli-r0,comparison,32,0.028229,open,,,,,,,,,,,
01380-comparison-chain-32-forward-s83-d10-m1-verdict-nibli-r0,comparison,32,8.387252,load,33,,,,,,,,,,
01383-comparison-chain-32-forward-s83-d10-m1-verdict-nibli-r1,comparison,32,0.027419,open,,,,,,,,,,,
01383-comparison-chain-32-forward-s83-d10-m1-verdict-nibli-r1,comparison,32,3.5151689999999998,load,33,,,,,,,,,,
01387-comparison-chain-32-forward-s83-d10-m1-verdict-nibli-r2,comparison,32,0.027469,open,,,,,,,,,,,
01387-comparison-chain-32-forward-s83-d10-m1-verdict-nibli-r2,comparison,32,3.8973929999999997,load,33,,,,,,,,,,
01389-updates-policy-100-both-s23-d10-m1-updates-nibli-r0,updates,100,10.282829,open,,,,,,,,,,,
01389-updates-policy-100-both-s23-d10-m1-updates-nibli-r0,updates,100,345.938176,load,101,,,,,,,,,,
01389-updates-policy-100-both-s23-d10-m1-updates-nibli-r0,updates,100,1.699857,certificate,,0,,0,TRUE,8557,,True,0.020319,60,0.0007199999999999999
01389-updates-policy-100-both-s23-d10-m1-updates-nibli-r0,updates,100,2.062955,certificate,,1,,0,FALSE,100119,,True,0.057427,896,0.00135
01389-updates-policy-100-both-s23-d10-m1-updates-nibli-r0,updates,100,1.6560940000000002,certificate,,2,,0,TRUE,8556,,True,0.019018999999999998,60,0.00038
01389-updates-policy-100-both-s23-d10-m1-updates-nibli-r0,updates,100,1.852736,certificate,,3,,0,FALSE,100119,,True,0.040609,896,0.001229
01389-updates-policy-100-both-s23-d10-m1-updates-nibli-r0,updates,100,2.414725,withdrawal,,,,1,,,,,,,
01389-updates-policy-100-both-s23-d10-m1-updates-nibli-r0,updates,100,3.127266,certificate,,0,,1,TRUE,9043,,True,0.019059000000000003,64,0.00038
01389-updates-policy-100-both-s23-d10-m1-updates-nibli-r0,updates,100,2.116193,certificate,,1,,1,FALSE,99559,,True,0.054307,891,0.0012300000000000002
01389-updates-policy-100-both-s23-d10-m1-updates-nibli-r0,updates,100,1.763064,certificate,,2,,1,TRUE,8556,,True,0.019579,60,0.00041
01389-updates-policy-100-both-s23-d10-m1-updates-nibli-r0,updates,100,1.8518160000000001,certificate,,3,,1,FALSE,99559,,True,0.040858,891,0.0012300000000000002
01389-updates-policy-100-both-s23-d10-m1-updates-nibli-r0,updates,100,2.434763,withdrawal,,,,2,,,,,,,
01389-updates-policy-100-both-s23-d10-m1-updates-nibli-r0,updates,100,4.719349,certificate,,0,,2,FALSE,248133,,True,0.144874,1771,0.0025399999999999997
01389-updates-policy-100-both-s23-d10-m1-updates-nibli-r0,updates,100,1.135807,certificate,,1,,2,TRUE,5072,,True,0.01256,36,0.0003
01389-updates-policy-100-both-s23-d10-m1-updates-nibli-r0,updates,100,1.602156,certificate,,2,,2,TRUE,8556,,True,0.019149,60,0.00041
01389-updates-policy-100-both-s23-d10-m1-updates-nibli-r0,updates,100,1.836846,certificate,,3,,2,FALSE,98999,,True,0.147483,886,0.00119
01389-updates-policy-100-both-s23-d10-m1-updates-nibli-r0,updates,100,2.906377,reassertion,,,,3,,,,,,,
01389-updates-policy-100-both-s23-d10-m1-updates-nibli-r0,updates,100,1.632376,certificate,,0,,3,TRUE,8560,,True,0.019018999999999998,60,0.00038
01389-updates-policy-100-both-s23-d10-m1-updates-nibli-r0,updates,100,2.049906,certificate,,1,,3,FALSE,99559,,True,0.041848,891,0.00124
01389-updates-policy-100-both-s23-d10-m1-updates-nibli-r0,updates,100,1.595567,certificate,,2,,3,TRUE,8556,,True,0.018678999999999998,60,0.00039000000000000005
01389-updates-policy-100-both-s23-d10-m1-updates-nibli-r0,updates,100,1.8538649999999999,certificate,,3,,3,FALSE,99559,,True,0.041058,891,0.0012300000000000002
01389-updates-policy-100-both-s23-d10-m1-updates-nibli-r0,updates,100,304.67177699999996,reopen,,,,4,,,,,,,
01389-updates-policy-100-both-s23-d10-m1-updates-nibli-r0,updates,100,1.74499,certificate,,0,,4,TRUE,8560,,True,0.019959,60,0.0008500000000000001
01389-updates-policy-100-both-s23-d10-m1-updates-nibli-r0,updates,100,2.086915,certificate,,1,,4,FALSE,99559,,True,0.052117000000000004,891,0.00132
01389-updates-policy-100-both-s23-d10-m1-updates-nibli-r0,updates,100,1.667864,certificate,,2,,4,TRUE,8556,,True,0.019059000000000003,60,0.00037
01389-updates-policy-100-both-s23-d10-m1-updates-nibli-r0,updates,100,1.9459309999999999,certificate,,3,,4,FALSE,99559,,True,0.040898000000000004,891,0.00124
01389-updates-policy-100-both-s23-d10-m1-updates-nibli-r0,updates,100,2.557961,withdrawal,,,,5,,,,,,,
01389-updates-policy-100-both-s23-d10-m1-updates-nibli-r0,updates,100,2.033344,certificate,,0,,5,TRUE,8560,,True,0.019289,60,0.00038
01389-updates-policy-100-both-s23-d10-m1-updates-nibli-r0,updates,100,2.105867,certificate,,1,,5,FALSE,98999,,True,0.092375,886,0.0013
01389-updates-policy-100-both-s23-d10-m1-updates-nibli-r0,updates,100,4.0678279999999996,certificate,,2,,5,FALSE,248133,,True,0.126004,1771,0.0022400000000000002
01389-updates-policy-100-both-s23-d10-m1-updates-nibli-r0,updates,100,1.006994,certificate,,3,,5,TRUE,5072,,True,0.01193,36,0.00031
01389-updates-policy-100-both-s23-d10-m1-updates-nibli-r0,updates,100,3.05789,reassertion,,,,6,,,,,,,
01389-updates-policy-100-both-s23-d10-m1-updates-nibli-r0,updates,100,1.653964,certificate,,0,,6,TRUE,8560,,True,0.018799,60,0.00042
01389-updates-policy-100-both-s23-d10-m1-updates-nibli-r0,updates,100,2.219528,certificate,,1,,6,FALSE,99559,,True,0.042238,891,0.0012100000000000001
01389-updates-policy-100-both-s23-d10-m1-updates-nibli-r0,updates,100,1.830886,certificate,,2,,6,TRUE,8556,,True,0.022369,60,0.00044
01389-updates-policy-100-both-s23-d10-m1-updates-nibli-r0,updates,100,1.96254,certificate,,3,,6,FALSE,99559,,True,0.040688,891,0.00134
01389-updates-policy-100-both-s23-d10-m1-updates-nibli-r0,updates,100,318.06517299999996,reopen,,,,7,,,,,,,
01389-updates-policy-100-both-s23-d10-m1-updates-nibli-r0,updates,100,1.749409,certificate,,0,,7,TRUE,8560,,True,0.020639,60,0.00067
01389-updates-policy-100-both-s23-d10-m1-updates-nibli-r0,updates,100,2.29224,certificate,,1,,7,FALSE,99559,,True,0.045188,891,0.00133
01389-updates-policy-100-both-s23-d10-m1-updates-nibli-r0,updates,100,1.849435,certificate,,2,,7,TRUE,8556,,True,0.019639,60,0.00041
01389-updates-policy-100-both-s23-d10-m1-updates-nibli-r0,updates,100,1.9448860000000001,certificate,,3,,7,FALSE,99559,,True,0.042488,891,0.00134
01390-updates-policy-100-both-s23-d10-m1-updates-nibli-r1,updates,100,11.947842999999999,open,,,,,,,,,,,
01390-updates-policy-100-both-s23-d10-m1-updates-nibli-r1,updates,100,349.43335599999995,load,101,,,,,,,,,,
01390-updates-policy-100-both-s23-d10-m1-updates-nibli-r1,updates,100,1.74294,certificate,,0,,0,TRUE,8557,,True,0.022549,60,0.00102
01390-updates-policy-100-both-s23-d10-m1-updates-nibli-r1,updates,100,2.096704,certificate,,1,,0,FALSE,100119,,True,0.057658,896,0.0014
01390-updates-policy-100-both-s23-d10-m1-updates-nibli-r1,updates,100,1.7660289999999998,certificate,,2,,0,TRUE,8556,,True,0.021419,60,0.00039000000000000005
01390-updates-policy-100-both-s23-d10-m1-updates-nibli-r1,updates,100,1.9598189999999998,certificate,,3,,0,FALSE,100119,,True,0.041648,896,0.00129
01390-updates-policy-100-both-s23-d10-m1-updates-nibli-r1,updates,100,2.44114,withdrawal,,,,1,,,,,,,
01390-updates-policy-100-both-s23-d10-m1-updates-nibli-r1,updates,100,3.001123,certificate,,0,,1,TRUE,9043,,True,0.018508999999999998,64,0.00042
01390-updates-policy-100-both-s23-d10-m1-updates-nibli-r1,updates,100,2.089185,certificate,,1,,1,FALSE,99559,,True,0.041278,891,0.00122
01390-updates-policy-100-both-s23-d10-m1-updates-nibli-r1,updates,100,1.725301,certificate,,2,,1,TRUE,8556,,True,0.018439,60,0.00035999999999999997
01390-updates-policy-100-both-s23-d10-m1-updates-nibli-r1,updates,100,1.896293,certificate,,3,,1,FALSE,99559,,True,0.052108,891,0.0012
01390-updates-policy-100-both-s23-d10-m1-updates-nibli-r1,updates,100,2.2848159999999997,withdrawal,,,,2,,,,,,,
01390-updates-policy-100-both-s23-d10-m1-updates-nibli-r1,updates,100,4.3610109999999995,certificate,,0,,2,FALSE,248133,,True,0.147943,1771,0.0022800000000000003
01390-updates-policy-100-both-s23-d10-m1-updates-nibli-r1,updates,100,1.1753060000000002,certificate,,1,,2,TRUE,5072,,True,0.012419,36,0.00031
01390-updates-policy-100-both-s23-d10-m1-updates-nibli-r1,updates,100,1.661024,certificate,,2,,2,TRUE,8556,,True,0.018839,60,0.00039000000000000005
01390-updates-policy-100-both-s23-d10-m1-updates-nibli-r1,updates,100,1.910162,certificate,,3,,2,FALSE,98999,,True,0.151633,886,0.00122
01390-updates-policy-100-both-s23-d10-m1-updates-nibli-r1,updates,100,3.070734,reassertion,,,,3,,,,,,,
01390-updates-policy-100-both-s23-d10-m1-updates-nibli-r1,updates,100,1.677119,certificate,,0,,3,TRUE,8560,,True,0.020038999999999998,60,0.00042
01390-updates-policy-100-both-s23-d10-m1-updates-nibli-r1,updates,100,2.096474,certificate,,1,,3,FALSE,99559,,True,0.041658,891,0.00125
01390-updates-policy-100-both-s23-d10-m1-updates-nibli-r1,updates,100,1.683362,certificate,,2,,3,TRUE,8556,,True,0.018680000000000002,60,0.00035999999999999997
01390-updates-policy-100-both-s23-d10-m1-updates-nibli-r1,updates,100,1.923193,certificate,,3,,3,FALSE,99559,,True,0.042067999999999994,891,0.0012100000000000001
01390-updates-policy-100-both-s23-d10-m1-updates-nibli-r1,updates,100,295.48677200000003,reopen,,,,4,,,,,,,
01390-updates-policy-100-both-s23-d10-m1-updates-nibli-r1,updates,100,1.76013,certificate,,0,,4,TRUE,8560,,True,0.021339,60,0.021829
01390-updates-policy-100-both-s23-d10-m1-updates-nibli-r1,updates,100,2.1615610000000003,certificate,,1,,4,FALSE,99559,,True,0.042808,891,0.00132
01390-updates-policy-100-both-s23-d10-m1-updates-nibli-r1,updates,100,1.758139,certificate,,2,,4,TRUE,8556,,True,0.020859000000000003,60,0.00041
01390-updates-policy-100-both-s23-d10-m1-updates-nibli-r1,updates,100,1.9164320000000001,certificate,,3,,4,FALSE,99559,,True,0.041118,891,0.00125
01390-updates-policy-100-both-s23-d10-m1-updates-nibli-r1,updates,100,2.621015,withdrawal,,,,5,,,,,,,
01390-updates-policy-100-both-s23-d10-m1-updates-nibli-r1,updates,100,1.711631,certificate,,0,,5,TRUE,8560,,True,0.01952,60,0.00035999999999999997
01390-updates-policy-100-both-s23-d10-m1-updates-nibli-r1,updates,100,2.0000579999999997,certificate,,1,,5,FALSE,98999,,True,0.041698,886,0.00129
01390-updates-policy-100-both-s23-d10-m1-updates-nibli-r1,updates,100,4.092198,certificate,,2,,5,FALSE,248133,,True,0.102105,1771,0.0029000000000000002
01390-updates-policy-100-both-s23-d10-m1-updates-nibli-r1,updates,100,0.998484,certificate,,3,,5,TRUE,5072,,True,0.012269,36,0.0003
01390-updates-policy-100-both-s23-d10-m1-updates-nibli-r1,updates,100,3.001516,reassertion,,,,6,,,,,,,
01390-updates-policy-100-both-s23-d10-m1-updates-nibli-r1,updates,100,1.6251149999999999,certificate,,0,,6,TRUE,8560,,True,0.0188,60,0.00038
01390-updates-policy-100-both-s23-d10-m1-updates-nibli-r1,updates,100,2.2678659999999997,certificate,,1,,6,FALSE,99559,,True,0.042848,891,0.0013
01390-updates-policy-100-both-s23-d10-m1-updates-nibli-r1,updates,100,1.718877,certificate,,2,,6,TRUE,8556,,True,0.01937,60,0.00035
01390-updates-policy-100-both-s23-d10-m1-updates-nibli-r1,updates,100,1.829997,certificate,,3,,6,FALSE,99559,,True,0.041568,891,0.00129
01390-updates-policy-100-both-s23-d10-m1-updates-nibli-r1,updates,100,315.18014999999997,reopen,,,,7,,,,,,,
01390-updates-policy-100-both-s23-d10-m1-updates-nibli-r1,updates,100,1.73825,certificate,,0,,7,TRUE,8560,,True,0.022459,60,0.00089
01390-updates-policy-100-both-s23-d10-m1-updates-nibli-r1,updates,100,2.069835,certificate,,1,,7,FALSE,99559,,True,0.043808,891,0.00132
01390-updates-policy-100-both-s23-d10-m1-updates-nibli-r1,updates,100,1.720891,certificate,,2,,7,TRUE,8556,,True,0.019859,60,0.00038
01390-updates-policy-100-both-s23-d10-m1-updates-nibli-r1,updates,100,1.918992,certificate,,3,,7,FALSE,99559,,True,0.041918000000000004,891,0.00132
01391-updates-policy-100-both-s23-d10-m1-updates-nibli-r2,updates,100,17.220520999999998,open,,,,,,,,,,,
01391-updates-policy-100-both-s23-d10-m1-updates-nibli-r2,updates,100,367.418787,load,101,,,,,,,,,,
01391-updates-policy-100-both-s23-d10-m1-updates-nibli-r2,updates,100,1.747959,certificate,,0,,0,TRUE,8557,,True,0.022019,60,0.00065
01391-updates-policy-100-both-s23-d10-m1-updates-nibli-r2,updates,100,2.1602409999999996,certificate,,1,,0,FALSE,100119,,True,0.061077,896,0.0012100000000000001
01391-updates-policy-100-both-s23-d10-m1-updates-nibli-r2,updates,100,1.653788,certificate,,2,,0,TRUE,8556,,True,0.019849,60,0.00039999999999999996
01391-updates-policy-100-both-s23-d10-m1-updates-nibli-r2,updates,100,1.909074,certificate,,3,,0,FALSE,100119,,True,0.041808,896,0.00138
01391-updates-policy-100-both-s23-d10-m1-updates-nibli-r2,updates,100,2.243362,withdrawal,,,,1,,,,,,,
01391-updates-policy-100-both-s23-d10-m1-updates-nibli-r2,updates,100,3.04508,certificate,,0,,1,TRUE,9043,,True,0.018389,64,0.00039999999999999996
01391-updates-policy-100-both-s23-d10-m1-updates-nibli-r2,updates,100,2.168986,certificate,,1,,1,FALSE,99559,,True,0.045198,891,0.00132
01391-updates-policy-100-both-s23-d10-m1-updates-nibli-r2,updates,100,1.835165,certificate,,2,,1,TRUE,8556,,True,0.019358999999999998,60,0.00041
01391-updates-policy-100-both-s23-d10-m1-updates-nibli-r2,updates,100,1.907419,certificate,,3,,1,FALSE,99559,,True,0.040848,891,0.00132
01391-updates-policy-100-both-s23-d10-m1-updates-nibli-r2,updates,100,2.263582,withdrawal,,,,2,,,,,,,
01391-updates-policy-100-both-s23-d10-m1-updates-nibli-r2,updates,100,4.36977,certificate,,0,,2,FALSE,248133,,True,0.147513,1771,0.0023599999999999997
01391-updates-policy-100-both-s23-d10-m1-updates-nibli-r2,updates,100,1.428679,certificate,,1,,2,TRUE,5072,,True,0.01327,36,0.00033999999999999997
01391-updates-policy-100-both-s23-d10-m1-updates-nibli-r2,updates,100,2.164946,certificate,,2,,2,TRUE,8556,,True,0.01863,60,0.00039000000000000005
01391-updates-policy-100-both-s23-d10-m1-updates-nibli-r2,updates,100,2.2545170000000003,certificate,,3,,2,FALSE,98999,,True,0.072397,886,0.00138
01391-updates-policy-100-both-s23-d10-m1-updates-nibli-r2,updates,100,3.3206070000000003,reassertion,,,,3,,,,,,,
01391-updates-policy-100-both-s23-d10-m1-updates-nibli-r2,updates,100,1.582448,certificate,,0,,3,TRUE,8560,,True,0.018599,60,0.00037
01391-updates-policy-100-both-s23-d10-m1-updates-nibli-r2,updates,100,2.0688899999999997,certificate,,1,,3,FALSE,99559,,True,0.044567999999999997,891,0.0012699999999999999
01391-updates-policy-100-both-s23-d10-m1-updates-nibli-r2,updates,100,1.749879,certificate,,2,,3,TRUE,8556,,True,0.034208999999999996,60,0.00074
01391-updates-policy-100-both-s23-d10-m1-updates-nibli-r2,updates,100,2.488377,certificate,,3,,3,FALSE,99559,,True,0.041158,891,0.0014
01391-updates-policy-100-both-s23-d10-m1-updates-nibli-r2,updates,100,291.428874,reopen,,,,4,,,,,,,
01391-updates-policy-100-both-s23-d10-m1-updates-nibli-r2,updates,100,1.783308,certificate,,0,,4,TRUE,8560,,True,0.020749,60,0.0005700000000000001
01391-updates-policy-100-both-s23-d10-m1-updates-nibli-r2,updates,100,1.9932690000000002,certificate,,1,,4,FALSE,99559,,True,0.043958000000000004,891,0.0013
01391-updates-policy-100-both-s23-d10-m1-updates-nibli-r2,updates,100,1.690423,certificate,,2,,4,TRUE,8556,,True,0.018959,60,0.00038
01391-updates-policy-100-both-s23-d10-m1-updates-nibli-r2,updates,100,1.823746,certificate,,3,,4,FALSE,99559,,True,0.041538,891,0.00124
01391-updates-policy-100-both-s23-d10-m1-updates-nibli-r2,updates,100,2.483766,withdrawal,,,,5,,,,,,,
01391-updates-policy-100-both-s23-d10-m1-updates-nibli-r2,updates,100,1.711712,certificate,,0,,5,TRUE,8560,,True,0.019079000000000002,60,0.00039000000000000005
01391-updates-policy-100-both-s23-d10-m1-updates-nibli-r2,updates,100,2.0047379999999997,certificate,,1,,5,FALSE,98999,,True,0.040518,886,0.00119
01391-updates-policy-100-both-s23-d10-m1-updates-nibli-r2,updates,100,4.041674,certificate,,2,,5,FALSE,248133,,True,0.099066,1771,0.00221
01391-updates-policy-100-both-s23-d10-m1-updates-nibli-r2,updates,100,0.977665,certificate,,3,,5,TRUE,5072,,True,0.01223,36,0.00032
01391-updates-policy-100-both-s23-d10-m1-updates-nibli-r2,updates,100,2.948709,reassertion,,,,6,,,,,,,
01391-updates-policy-100-both-s23-d10-m1-updates-nibli-r2,updates,100,1.570308,certificate,,0,,6,TRUE,8560,,True,0.019649,60,0.00039999999999999996
01391-updates-policy-100-both-s23-d10-m1-updates-nibli-r2,updates,100,2.32646,certificate,,1,,6,FALSE,99559,,True,0.041968000000000005,891,0.0012300000000000002
01391-updates-policy-100-both-s23-d10-m1-updates-nibli-r2,updates,100,1.604077,certificate,,2,,6,TRUE,8556,,True,0.018809,60,0.00038
01391-updates-policy-100-both-s23-d10-m1-updates-nibli-r2,updates,100,1.8643049999999999,certificate,,3,,6,FALSE,99559,,True,0.040858,891,0.0011799999999999998
01391-updates-policy-100-both-s23-d10-m1-updates-nibli-r2,updates,100,298.398099,reopen,,,,7,,,,,,,
01391-updates-policy-100-both-s23-d10-m1-updates-nibli-r2,updates,100,1.872278,certificate,,0,,7,TRUE,8560,,True,0.021979000000000002,60,0.00071
01391-updates-policy-100-both-s23-d10-m1-updates-nibli-r2,updates,100,2.004048,certificate,,1,,7,FALSE,99559,,True,0.043558,891,0.00135
01391-updates-policy-100-both-s23-d10-m1-updates-nibli-r2,updates,100,1.662034,certificate,,2,,7,TRUE,8556,,True,0.019548999999999997,60,0.00039999999999999996
01391-updates-policy-100-both-s23-d10-m1-updates-nibli-r2,updates,100,1.940846,certificate,,3,,7,FALSE,99559,,True,0.042838,891,0.0013
01393-bounds-chain-8-forward-s83-d20-m1-verdict-nibli-r0,bounds,8,0.026279,open,,,,,,,,,,,
01393-bounds-chain-8-forward-s83-d20-m1-verdict-nibli-r0,bounds,8,0.517686,load,9,,,,,,,,,,
01393-bounds-chain-8-forward-s83-d20-m1-verdict-nibli-r0,bounds,8,3486.275243,query,,0,True,0,TRUE,,,,,,
01394-bounds-chain-8-forward-s83-d20-m1-verdict-nibli-r1,bounds,8,0.027939000000000002,open,,,,,,,,,,,
01394-bounds-chain-8-forward-s83-d20-m1-verdict-nibli-r1,bounds,8,0.517946,load,9,,,,,,,,,,
01394-bounds-chain-8-forward-s83-d20-m1-verdict-nibli-r1,bounds,8,3571.497988,query,,0,True,0,TRUE,,,,,,
01395-bounds-chain-8-forward-s83-d20-m1-verdict-nibli-r2,bounds,8,0.026628,open,,,,,,,,,,,
01395-bounds-chain-8-forward-s83-d20-m1-verdict-nibli-r2,bounds,8,0.534145,load,9,,,,,,,,,,
01395-bounds-chain-8-forward-s83-d20-m1-verdict-nibli-r2,bounds,8,3479.219728,query,,0,True,0,TRUE,,,,,,
01397-bounds-chain-8-forward-s47-d10-m1-verdict-nibli-r0,bounds,8,0.027799,open,,,,,,,,,,,
01397-bounds-chain-8-forward-s47-d10-m1-verdict-nibli-r0,bounds,8,0.579333,load,9,,,,,,,,,,
01397-bounds-chain-8-forward-s47-d10-m1-verdict-nibli-r0,bounds,8,2661.835161,query,,0,True,0,TRUE,,,,,,
01398-bounds-chain-8-forward-s47-d10-m1-verdict-nibli-r1,bounds,8,0.026009,open,,,,,,,,,,,
01398-bounds-chain-8-forward-s47-d10-m1-verdict-nibli-r1,bounds,8,0.551175,load,9,,,,,,,,,,
01398-bounds-chain-8-forward-s47-d10-m1-verdict-nibli-r1,bounds,8,2659.051281,query,,0,True,0,TRUE,,,,,,
01399-bounds-chain-8-forward-s47-d10-m1-verdict-nibli-r2,bounds,8,0.027149,open,,,,,,,,,,,
01399-bounds-chain-8-forward-s47-d10-m1-verdict-nibli-r2,bounds,8,0.566804,load,9,,,,,,,,,,
01399-bounds-chain-8-forward-s47-d10-m1-verdict-nibli-r2,bounds,8,2649.283434,query,,0,True,0,TRUE,,,,,,
01401-bounds-chain-8-backward-s83-d5-m1-verdict-nibli-r0,bounds,8,0.045037999999999995,open,,,,,,,,,,,
01401-bounds-chain-8-backward-s83-d5-m1-verdict-nibli-r0,bounds,8,0.557064,load,9,,,,,,,,,,
01401-bounds-chain-8-backward-s83-d5-m1-verdict-nibli-r0,bounds,8,30.918747,query,,0,False,0,FALSE,,,,,,
01402-bounds-chain-8-backward-s83-d5-m1-verdict-nibli-r1,bounds,8,0.027958,open,,,,,,,,,,,
01402-bounds-chain-8-backward-s83-d5-m1-verdict-nibli-r1,bounds,8,0.497307,load,9,,,,,,,,,,
01402-bounds-chain-8-backward-s83-d5-m1-verdict-nibli-r1,bounds,8,30.112734,query,,0,False,0,FALSE,,,,,,
01403-bounds-chain-8-backward-s83-d5-m1-verdict-nibli-r2,bounds,8,0.024548,open,,,,,,,,,,,
01403-bounds-chain-8-backward-s83-d5-m1-verdict-nibli-r2,bounds,8,0.515756,load,9,,,,,,,,,,
01403-bounds-chain-8-backward-s83-d5-m1-verdict-nibli-r2,bounds,8,30.576133,query,,0,False,0,FALSE,,,,,,
01408-comparison-chain-12-backward-s131-d10-m1-verdict-nibli-r0,comparison,12,0.030589,open,,,,,,,,,,,
01408-comparison-chain-12-backward-s131-d10-m1-verdict-nibli-r0,comparison,12,0.860341,load,13,,,,,,,,,,
01408-comparison-chain-12-backward-s131-d10-m1-verdict-nibli-r0,comparison,12,100.99864,query,,0,False,0,FALSE,,,,,,
01410-comparison-chain-12-backward-s131-d10-m1-verdict-nibli-r1,comparison,12,0.025749,open,,,,,,,,,,,
01410-comparison-chain-12-backward-s131-d10-m1-verdict-nibli-r1,comparison,12,0.828512,load,13,,,,,,,,,,
01410-comparison-chain-12-backward-s131-d10-m1-verdict-nibli-r1,comparison,12,97.234067,query,,0,False,0,FALSE,,,,,,
01413-comparison-chain-12-backward-s131-d10-m1-verdict-nibli-r2,comparison,12,0.025748,open,,,,,,,,,,,
01413-comparison-chain-12-backward-s131-d10-m1-verdict-nibli-r2,comparison,12,0.831151,load,13,,,,,,,,,,
01413-comparison-chain-12-backward-s131-d10-m1-verdict-nibli-r2,comparison,12,97.199249,query,,0,False,0,FALSE,,,,,,
01417-bounds-chain-8-backward-s47-d2-m0-verdict-nibli-r0,bounds,8,0.027959,open,,,,,,,,,,,
01417-bounds-chain-8-backward-s47-d2-m0-verdict-nibli-r0,bounds,8,0.48210800000000004,load,9,,,,,,,,,,
01417-bounds-chain-8-backward-s47-d2-m0-verdict-nibli-r0,bounds,8,28.318417,query,,0,False,0,FALSE,,,,,,
01418-bounds-chain-8-backward-s47-d2-m0-verdict-nibli-r1,bounds,8,0.026989,open,,,,,,,,,,,
01418-bounds-chain-8-backward-s47-d2-m0-verdict-nibli-r1,bounds,8,0.471059,load,9,,,,,,,,,,
01418-bounds-chain-8-backward-s47-d2-m0-verdict-nibli-r1,bounds,8,27.978437,query,,0,False,0,FALSE,,,,,,
01419-bounds-chain-8-backward-s47-d2-m0-verdict-nibli-r2,bounds,8,0.024969,open,,,,,,,,,,,
01419-bounds-chain-8-backward-s47-d2-m0-verdict-nibli-r2,bounds,8,0.504597,load,9,,,,,,,,,,
01419-bounds-chain-8-backward-s47-d2-m0-verdict-nibli-r2,bounds,8,28.321641000000003,query,,0,False,0,FALSE,,,,,,
