run_id,group,family,size,direction,depth,materialization,mode,implementation,seed,rep,status,wall_ms,peak_rss_kib,fact_count
00001-bounds-chain-8-forward-s47-d2-m0-verdict-nibli-r0,bounds,chain,8,forward,2,False,verdict,nibli,47,0,ok,695.1317209986883,6308,8
00002-bounds-chain-8-forward-s47-d2-m0-verdict-nibli-r1,bounds,chain,8,forward,2,False,verdict,nibli,47,1,ok,651.6144529996382,6308,8
00003-bounds-chain-8-forward-s47-d2-m0-verdict-nibli-r2,bounds,chain,8,forward,2,False,verdict,nibli,47,2,ok,633.2019660003425,6308,8
00005-bounds-policy-100-both-s11-d10-m1-verdict-nibli-r0,bounds,policy,100,both,10,True,verdict,nibli,11,0,ok,62.72332499975164,6564,99
00006-bounds-policy-100-both-s11-d10-m1-verdict-nibli-r1,bounds,policy,100,both,10,True,verdict,nibli,11,1,ok,45.99267300000065,6564,99
00007-bounds-policy-100-both-s11-d10-m1-verdict-nibli-r2,bounds,policy,100,both,10,True,verdict,nibli,11,2,ok,49.82087799908186,6564,99
00009-evidence-policy-100-both-s83-d10-m1-verdict-nibli-r0,evidence,policy,100,both,10,True,verdict,nibli,83,0,ok,51.191674001529464,6436,98
00010-evidence-policy-100-both-s83-d10-m1-verdict-nibli-r1,evidence,policy,100,both,10,True,verdict,nibli,83,1,ok,47.842187001151615,6436,98
00011-evidence-policy-100-both-s83-d10-m1-verdict-nibli-r2,evidence,policy,100,both,10,True,verdict,nibli,83,2,ok,46.14468500039948,6436,98
00013-evidence-policy-100-both-s23-d10-m1-certificate-nibli-r0,evidence,policy,100,both,10,True,certificate,nibli,23,0,ok,51.408774001174606,7076,97
00014-evidence-policy-100-both-s23-d10-m1-certificate-nibli-r1,evidence,policy,100,both,10,True,certificate,nibli,23,1,ok,50.80079700019269,7076,97
00015-evidence-policy-100-both-s23-d10-m1-certificate-nibli-r2,evidence,policy,100,both,10,True,certificate,nibli,23,2,ok,57.59668199971202,7076,97
00017-bounds-policy-100-both-s11-d5-m0-verdict-nibli-r0,bounds,policy,100,both,5,False,verdict,nibli,11,0,ok,3767.6023390013142,120324,99
00018-bounds-policy-100-both-s11-d5-m0-verdict-nibli-r1,bounds,policy,100,both,5,False,verdict,nibli,11,1,ok,3755.9440539989737,121400,99
00019-bounds-policy-100-both-s11-d5-m0-verdict-nibli-r2,bounds,policy,100,both,5,False,verdict,nibli,11,2,ok,3861.7551010011084,122164,99
00023-comparison-chain-8-forward-s47-d10-m1-verdict-souffle-r0,comparison,chain,8,forward,10,True,verdict,souffle,47,0,ok,4.565409000861109,5692,8
00024-comparison-chain-8-forward-s47-d10-m1-verdict-nibli-r0,comparison,chain,8,forward,10,True,verdict,nibli,47,0,ok,2787.58021899921,6948,8
00025-comparison-chain-8-forward-s47-d10-m1-verdict-clingo-r0,comparison,chain,8,forward,10,True,verdict,clingo,47,0,ok,6.7162659997848095,7756,8
00026-comparison-chain-8-forward-s47-d10-m1-verdict-nibli-r1,comparison,chain,8,forward,10,True,verdict,nibli,47,1,ok,2835.697918999358,6820,8
00027-comparison-chain-8-forward-s47-d10-m1-verdict-souffle-r1,comparison,chain,8,forward,10,True,verdict,souffle,47,1,ok,5.216360001213616,5692,8
00028-comparison-chain-8-forward-s47-d10-m1-verdict-clingo-r1,comparison,chain,8,forward,10,True,verdict,clingo,47,1,ok,5.047507000199403,7756,8
00029-comparison-chain-8-forward-s47-d10-m1-verdict-souffle-r2,comparison,chain,8,forward,10,True,verdict,souffle,47,2,ok,4.314329000408179,5692,8
00030-comparison-chain-8-forward-s47-d10-m1-verdict-clingo-r2,comparison,chain,8,forward,10,True,verdict,clingo,47,2,ok,4.3346000002202345,7884,8
00031-comparison-chain-8-forward-s47-d10-m1-verdict-nibli-r2,comparison,chain,8,forward,10,True,verdict,nibli,47,2,ok,2955.240204000802,6948,8
00033-evidence-policy-10000-both-s23-d10-m1-certificate-nibli-r0,evidence,policy,10000,both,10,True,certificate,nibli,23,0,timeout,30008.10786799957,57048,10016
00034-evidence-policy-10000-both-s23-d10-m1-certificate-nibli-r1,evidence,policy,10000,both,10,True,certificate,nibli,23,1,timeout,30008.734297000046,55896,10016
00035-evidence-policy-10000-both-s23-d10-m1-certificate-nibli-r2,evidence,policy,10000,both,10,True,certificate,nibli,23,2,timeout,30007.47322300049,53712,10016
00037-bounds-chain-8-backward-s131-d2-m0-verdict-nibli-r0,bounds,chain,8,backward,2,False,verdict,nibli,131,0,ok,35.20320300049207,4900,8
00038-bounds-chain-8-backward-s131-d2-m0-verdict-nibli-r1,bounds,chain,8,backward,2,False,verdict,nibli,131,1,ok,33.9661950001755,4900,8
00039-bounds-chain-8-backward-s131-d2-m0-verdict-nibli-r2,bounds,chain,8,backward,2,False,verdict,nibli,131,2,ok,34.646774000066216,4900,8
00041-bounds-chain-8-forward-s131-d20-m1-verdict-nibli-r0,bounds,chain,8,forward,20,True,verdict,nibli,131,0,ok,2954.298700999061,6948,8
00042-bounds-chain-8-forward-s131-d20-m1-verdict-nibli-r1,bounds,chain,8,forward,20,True,verdict,nibli,131,1,ok,2997.964834999948,6820,8
00043-bounds-chain-8-forward-s131-d20-m1-verdict-nibli-r2,bounds,chain,8,forward,20,True,verdict,nibli,131,2,ok,3009.5234740001615,6948,8
00045-bounds-policy-100-both-s47-d20-m0-verdict-nibli-r0,bounds,policy,100,both,20,False,verdict,nibli,47,0,ok,3491.7855830008193,116456,93
00046-bounds-policy-100-both-s47-d20-m0-verdict-nibli-r1,bounds,policy,100,both,20,False,verdict,nibli,47,1,ok,3490.551594999488,113592,93
00047-bounds-policy-100-both-s47-d20-m0-verdict-nibli-r2,bounds,policy,100,both,20,False,verdict,nibli,47,2,ok,3498.451166999075,114328,93
00049-bounds-chain-8-backward-s11-d5-m0-verdict-nibli-r0,bounds,chain,8,backward,5,False,verdict,nibli,11,0,ok,34.40217900060816,4900,8
00050-bounds-chain-8-backward-s11-d5-m0-verdict-nibli-r1,bounds,chain,8,backward,5,False,verdict,nibli,11,1,ok,34.488834000512725,4900,8
00051-bounds-chain-8-backward-s11-d5-m0-verdict-nibli-r2,bounds,chain,8,backward,5,False,verdict,nibli,11,2,ok,32.74015200076974,4900,8
00053-bounds-policy-100-both-s47-d5-m0-verdict-nibli-r0,bounds,policy,100,both,5,False,verdict,nibli,47,0,ok,3459.5262149996415,117180,93
00054-bounds-policy-100-both-s47-d5-m0-verdict-nibli-r1,bounds,policy,100,both,5,False,verdict,nibli,47,1,ok,3707.872433000375,113688,93
00055-bounds-policy-100-both-s47-d5-m0-verdict-nibli-r2,bounds,policy,100,both,5,False,verdict,nibli,47,2,ok,3511.6055519993097,113596,93
00057-bounds-chain-8-forward-s131-d10-m0-verdict-nibli-r0,bounds,chain,8,forward,10,False,verdict,nibli,131,0,ok,2986.4958340003795,6948,8
00058-bounds-chain-8-forward-s131-d10-m0-verdict-nibli-r1,bounds,chain,8,forward,10,False,verdict,nibli,131,1,ok,2987.024519999977,6820,8
00059-bounds-chain-8-forward-s131-d10-m0-verdict-nibli-r2,bounds,chain,8,forward,10,False,verdict,nibli,131,2,ok,3021.904220000579,6948,8
00061-bounds-chain-8-forward-s47-d20-m1-verdict-nibli-r0,bounds,chain,8,forward,20,True,verdict,nibli,47,0,ok,2838.220744000864,6948,8
00062-bounds-chain-8-forward-s47-d20-m1-verdict-nibli-r1,bounds,chain,8,forward,20,True,verdict,nibli,47,1,ok,2942.729099000644,6948,8
00063-bounds-chain-8-forward-s47-d20-m1-verdict-nibli-r2,bounds,chain,8,forward,20,True,verdict,nibli,47,2,ok,2919.8379720000958,6948,8
00065-bounds-chain-8-backward-s11-d2-m1-verdict-nibli-r0,bounds,chain,8,backward,2,True,verdict,nibli,11,0,ok,34.92913100126316,4900,8
00066-bounds-chain-8-backward-s11-d2-m1-verdict-nibli-r1,bounds,chain,8,backward,2,True,verdict,nibli,11,1,ok,34.96221199930005,4900,8
00067-bounds-chain-8-backward-s11-d2-m1-verdict-nibli-r2,bounds,chain,8,backward,2,True,verdict,nibli,11,2,ok,34.889579999799025,4900,8
00069-bounds-chain-8-backward-s23-d2-m0-verdict-nibli-r0,bounds,chain,8,backward,2,False,verdict,nibli,23,0,ok,38.01875499993912,4900,8
00070-bounds-chain-8-backward-s23-d2-m0-verdict-nibli-r1,bounds,chain,8,backward,2,False,verdict,nibli,23,1,ok,35.86997700040229,4900,8
00071-bounds-chain-8-backward-s23-d2-m0-verdict-nibli-r2,bounds,chain,8,backward,2,False,verdict,nibli,23,2,ok,36.708698000438744,4900,8
00075-comparison-chain-8-forward-s23-d10-m1-verdict-clingo-r0,comparison,chain,8,forward,10,True,verdict,clingo,23,0,ok,4.665590000513475,7884,8
00076-comparison-chain-8-forward-s23-d10-m1-verdict-souffle-r0,comparison,chain,8,forward,10,True,verdict,souffle,23,0,ok,4.295089000152075,5692,8
00077-comparison-chain-8-forward-s23-d10-m1-verdict-nibli-r0,comparison,chain,8,forward,10,True,verdict,nibli,23,0,ok,7080.875339999693,6948,8
00078-comparison-chain-8-forward-s23-d10-m1-verdict-souffle-r1,comparison,chain,8,forward,10,True,verdict,souffle,23,1,ok,5.035337000663276,5692,8
00079-comparison-chain-8-forward-s23-d10-m1-verdict-clingo-r1,comparison,chain,8,forward,10,True,verdict,clingo,23,1,ok,4.631212999811396,7756,8
00080-comparison-chain-8-forward-s23-d10-m1-verdict-nibli-r1,comparison,chain,8,forward,10,True,verdict,nibli,23,1,ok,7078.3469260004495,6948,8
00081-comparison-chain-8-forward-s23-d10-m1-verdict-nibli-r2,comparison,chain,8,forward,10,True,verdict,nibli,23,2,ok,7074.827766000453,6948,8
00082-comparison-chain-8-forward-s23-d10-m1-verdict-souffle-r2,comparison,chain,8,forward,10,True,verdict,souffle,23,2,ok,4.868447000262677,5692,8
00083-comparison-chain-8-forward-s23-d10-m1-verdict-clingo-r2,comparison,chain,8,forward,10,True,verdict,clingo,23,2,ok,4.782635000083246,7756,8
00087-comparison-chain-4-backward-s23-d10-m1-verdict-nibli-r0,comparison,chain,4,backward,10,True,verdict,nibli,23,0,ok,9.190504999423865,4644,4
00088-comparison-chain-4-backward-s23-d10-m1-verdict-souffle-r0,comparison,chain,4,backward,10,True,verdict,souffle,23,0,ok,4.197711999950116,5692,4
00089-comparison-chain-4-backward-s23-d10-m1-verdict-clingo-r0,comparison,chain,4,backward,10,True,verdict,clingo,23,0,ok,4.2183429995930055,7884,4
00090-comparison-chain-4-backward-s23-d10-m1-verdict-nibli-r1,comparison,chain,4,backward,10,True,verdict,nibli,23,1,ok,9.320184999523917,4644,4
00091-comparison-chain-4-backward-s23-d10-m1-verdict-souffle-r1,comparison,chain,4,backward,10,True,verdict,souffle,23,1,ok,4.024706000564038,5692,4
00092-comparison-chain-4-backward-s23-d10-m1-verdict-clingo-r1,comparison,chain,4,backward,10,True,verdict,clingo,23,1,ok,4.47363800049061,7756,4
00093-comparison-chain-4-backward-s23-d10-m1-verdict-souffle-r2,comparison,chain,4,backward,10,True,verdict,souffle,23,2,ok,4.064321999976528,5692,4
00094-comparison-chain-4-backward-s23-d10-m1-verdict-nibli-r2,comparison,chain,4,backward,10,True,verdict,nibli,23,2,ok,9.156386000540806,4644,4
00095-comparison-chain-4-backward-s23-d10-m1-verdict-clingo-r2,comparison,chain,4,backward,10,True,verdict,clingo,23,2,ok,4.408615999636822,7756,4
00097-bounds-policy-100-both-s11-d5-m1-verdict-nibli-r0,bounds,policy,100,both,5,True,verdict,nibli,11,0,ok,46.95803499998874,6564,99
00098-bounds-policy-100-both-s11-d5-m1-verdict-nibli-r1,bounds,policy,100,both,5,True,verdict,nibli,11,1,ok,48.40179900020303,6564,99
00099-bounds-policy-100-both-s11-d5-m1-verdict-nibli-r2,bounds,policy,100,both,5,True,verdict,nibli,11,2,ok,48.379464000390726,6564,99
00101-bounds-policy-100-both-s47-d2-m0-verdict-nibli-r0,bounds,policy,100,both,2,False,verdict,nibli,47,0,ok,3502.369584000917,116000,93
00102-bounds-policy-100-both-s47-d2-m0-verdict-nibli-r1,bounds,policy,100,both,2,False,verdict,nibli,47,1,ok,3694.9323199987703,116160,93
00103-bounds-policy-100-both-s47-d2-m0-verdict-nibli-r2,bounds,policy,100,both,2,False,verdict,nibli,47,2,ok,5372.902773000533,117660,93
00105-bounds-chain-8-backward-s47-d5-m0-verdict-nibli-r0,bounds,chain,8,backward,5,False,verdict,nibli,47,0,ok,43.672438001522096,4900,8
00106-bounds-chain-8-backward-s47-d5-m0-verdict-nibli-r1,bounds,chain,8,backward,5,False,verdict,nibli,47,1,ok,39.03802500099118,4900,8
00107-bounds-chain-8-backward-s47-d5-m0-verdict-nibli-r2,bounds,chain,8,backward,5,False,verdict,nibli,47,2,ok,40.59563299961155,4900,8
00111-comparison-policy-1000-both-s11-d10-m1-verdict-souffle-r0,comparison,policy,1000,both,10,True,verdict,souffle,11,0,ok,5.515283999557141,5912,980
00112-comparison-policy-1000-both-s11-d10-m1-verdict-nibli-r0,comparison,policy,1000,both,10,True,verdict,nibli,11,0,ok,4045.7859960006317,23164,980
00113-comparison-policy-1000-both-s11-d10-m1-verdict-clingo-r0,comparison,policy,1000,both,10,True,verdict,clingo,11,0,ok,8.605281000200193,8140,980
00114-comparison-policy-1000-both-s11-d10-m1-verdict-clingo-r1,comparison,policy,1000,both,10,True,verdict,clingo,11,1,ok,7.116824001059285,8140,980
00115-comparison-policy-1000-both-s11-d10-m1-verdict-souffle-r1,comparison,policy,1000,both,10,True,verdict,souffle,11,1,ok,5.379372001698357,5912,980
00116-comparison-policy-1000-both-s11-d10-m1-verdict-nibli-r1,comparison,policy,1000,both,10,True,verdict,nibli,11,1,ok,3953.252600000269,23264,980
00117-comparison-policy-1000-both-s11-d10-m1-verdict-souffle-r2,comparison,policy,1000,both,10,True,verdict,souffle,11,2,ok,5.733090998546686,5912,980
00118-comparison-policy-1000-both-s11-d10-m1-verdict-clingo-r2,comparison,policy,1000,both,10,True,verdict,clingo,11,2,ok,7.125563999579754,8140,980
00119-comparison-policy-1000-both-s11-d10-m1-verdict-nibli-r2,comparison,policy,1000,both,10,True,verdict,nibli,11,2,ok,4116.073457998937,23200,980
00121-evidence-policy-100-both-s131-d10-m1-verdict-nibli-r0,evidence,policy,100,both,10,True,verdict,nibli,131,0,ok,51.193006000175956,6692,100
00122-evidence-policy-100-both-s131-d10-m1-verdict-nibli-r1,evidence,policy,100,both,10,True,verdict,nibli,131,1,ok,51.333620000150404,6692,100
00123-evidence-policy-100-both-s131-d10-m1-verdict-nibli-r2,evidence,policy,100,both,10,True,verdict,nibli,131,2,ok,51.91524399924674,6692,100
00125-evidence-policy-1000-both-s83-d10-m1-certificate-nibli-r0,evidence,policy,1000,both,10,True,certificate,nibli,83,0,ok,4071.9822270002624,27984,969
00126-evidence-policy-1000-both-s83-d10-m1-certificate-nibli-r1,evidence,policy,1000,both,10,True,certificate,nibli,83,1,ok,4137.746459999107,28052,969
00127-evidence-policy-1000-both-s83-d10-m1-certificate-nibli-r2,evidence,policy,1000,both,10,True,certificate,nibli,83,2,ok,4115.296470999965,28024,969
00131-comparison-chain-8-backward-s11-d10-m1-verdict-nibli-r0,comparison,chain,8,backward,10,True,verdict,nibli,11,0,ok,35.982239998702426,4900,8
00132-comparison-chain-8-backward-s11-d10-m1-verdict-souffle-r0,comparison,chain,8,backward,10,True,verdict,souffle,11,0,ok,4.658816000301158,5692,8
00133-comparison-chain-8-backward-s11-d10-m1-verdict-clingo-r0,comparison,chain,8,backward,10,True,verdict,clingo,11,0,ok,5.174146001081681,7884,8
00134-comparison-chain-8-backward-s11-d10-m1-verdict-souffle-r1,comparison,chain,8,backward,10,True,verdict,souffle,11,1,ok,4.935633998684352,5692,8
00135-comparison-chain-8-backward-s11-d10-m1-verdict-nibli-r1,comparison,chain,8,backward,10,True,verdict,nibli,11,1,ok,37.86218099958205,4900,8
00136-comparison-chain-8-backward-s11-d10-m1-verdict-clingo-r1,comparison,chain,8,backward,10,True,verdict,clingo,11,1,ok,7.873488999393885,7756,8
00137-comparison-chain-8-backward-s11-d10-m1-verdict-nibli-r2,comparison,chain,8,backward,10,True,verdict,nibli,11,2,ok,37.72582300007343,4900,8
00138-comparison-chain-8-backward-s11-d10-m1-verdict-souffle-r2,comparison,chain,8,backward,10,True,verdict,souffle,11,2,ok,4.982147998816799,5692,8
00139-comparison-chain-8-backward-s11-d10-m1-verdict-clingo-r2,comparison,chain,8,backward,10,True,verdict,clingo,11,2,ok,4.551550999167375,7884,8
00141-updates-policy-1000-both-s11-d10-m1-updates-nibli-r0,updates,policy,1000,both,10,True,updates,nibli,11,0,ok,27033.12644500147,50980,981
00142-updates-policy-1000-both-s11-d10-m1-updates-nibli-r1,updates,policy,1000,both,10,True,updates,nibli,11,1,ok,25745.622465999986,50728,981
00143-updates-policy-1000-both-s11-d10-m1-updates-nibli-r2,updates,policy,1000,both,10,True,updates,nibli,11,2,ok,24627.126346000296,49884,981
00145-bounds-chain-8-forward-s131-d5-m0-verdict-nibli-r0,bounds,chain,8,forward,5,False,verdict,nibli,131,0,ok,3010.375738998846,6820,8
00146-bounds-chain-8-forward-s131-d5-m0-verdict-nibli-r1,bounds,chain,8,forward,5,False,verdict,nibli,131,1,ok,2967.3385770001914,6948,8
00147-bounds-chain-8-forward-s131-d5-m0-verdict-nibli-r2,bounds,chain,8,forward,5,False,verdict,nibli,131,2,ok,3034.378092001134,6948,8
00149-bounds-chain-8-backward-s11-d20-m0-verdict-nibli-r0,bounds,chain,8,backward,20,False,verdict,nibli,11,0,ok,35.65208699910727,4900,8
00150-bounds-chain-8-backward-s11-d20-m0-verdict-nibli-r1,bounds,chain,8,backward,20,False,verdict,nibli,11,1,ok,34.87845200106676,4900,8
00151-bounds-chain-8-backward-s11-d20-m0-verdict-nibli-r2,bounds,chain,8,backward,20,False,verdict,nibli,11,2,ok,33.51731099974131,4900,8
00153-bounds-chain-8-backward-s131-d5-m1-verdict-nibli-r0,bounds,chain,8,backward,5,True,verdict,nibli,131,0,ok,34.47111000059522,4900,8
00154-bounds-chain-8-backward-s131-d5-m1-verdict-nibli-r1,bounds,chain,8,backward,5,True,verdict,nibli,131,1,ok,34.14016799979436,4900,8
00155-bounds-chain-8-backward-s131-d5-m1-verdict-nibli-r2,bounds,chain,8,backward,5,True,verdict,nibli,131,2,ok,34.8922479988687,4900,8
00159-comparison-chain-4-forward-s83-d10-m1-verdict-souffle-r0,comparison,chain,4,forward,10,True,verdict,souffle,83,0,ok,4.505599999902188,5692,4
00160-comparison-chain-4-forward-s83-d10-m1-verdict-clingo-r0,comparison,chain,4,forward,10,True,verdict,clingo,83,0,ok,4.448751999007072,7884,4
00161-comparison-chain-4-forward-s83-d10-m1-verdict-nibli-r0,comparison,chain,4,forward,10,True,verdict,nibli,83,0,ok,68.4813240004587,4900,4
00162-comparison-chain-4-forward-s83-d10-m1-verdict-souffle-r1,comparison,chain,4,forward,10,True,verdict,souffle,83,1,ok,4.987090000213357,5692,4
00163-comparison-chain-4-forward-s83-d10-m1-verdict-nibli-r1,comparison,chain,4,forward,10,True,verdict,nibli,83,1,ok,67.31404099991778,4900,4
00164-comparison-chain-4-forward-s83-d10-m1-verdict-clingo-r1,comparison,chain,4,forward,10,True,verdict,clingo,83,1,ok,4.614595000020927,7884,4
00165-comparison-chain-4-forward-s83-d10-m1-verdict-nibli-r2,comparison,chain,4,forward,10,True,verdict,nibli,83,2,ok,67.16640699960408,4900,4
00166-comparison-chain-4-forward-s83-d10-m1-verdict-clingo-r2,comparison,chain,4,forward,10,True,verdict,clingo,83,2,ok,4.988114000298083,7884,4
00167-comparison-chain-4-forward-s83-d10-m1-verdict-souffle-r2,comparison,chain,4,forward,10,True,verdict,souffle,83,2,ok,4.349696999270236,5692,4
00171-comparison-chain-12-forward-s83-d10-m1-verdict-souffle-r0,comparison,chain,12,forward,10,True,verdict,souffle,83,0,ok,4.611659998772666,5692,12
00172-comparison-chain-12-forward-s83-d10-m1-verdict-clingo-r0,comparison,chain,12,forward,10,True,verdict,clingo,83,0,ok,4.486480000196025,7756,12
00173-comparison-chain-12-forward-s83-d10-m1-verdict-nibli-r0,comparison,chain,12,forward,10,True,verdict,nibli,83,0,timeout,30003.63280700003,10284,12
00174-comparison-chain-12-forward-s83-d10-m1-verdict-nibli-r1,comparison,chain,12,forward,10,True,verdict,nibli,83,1,timeout,30003.909543998816,10336,12
00175-comparison-chain-12-forward-s83-d10-m1-verdict-clingo-r1,comparison,chain,12,forward,10,True,verdict,clingo,83,1,ok,5.634709999867482,7884,12
00176-comparison-chain-12-forward-s83-d10-m1-verdict-souffle-r1,comparison,chain,12,forward,10,True,verdict,souffle,83,1,ok,4.6206719998735934,5692,12
00177-comparison-chain-12-forward-s83-d10-m1-verdict-souffle-r2,comparison,chain,12,forward,10,True,verdict,souffle,83,2,ok,4.676247001043521,5692,12
00178-comparison-chain-12-forward-s83-d10-m1-verdict-nibli-r2,comparison,chain,12,forward,10,True,verdict,nibli,83,2,timeout,30003.726861999894,10284,12
00179-comparison-chain-12-forward-s83-d10-m1-verdict-clingo-r2,comparison,chain,12,forward,10,True,verdict,clingo,83,2,ok,5.42018200030725,7884,12
00181-bounds-chain-8-forward-s83-d5-m0-verdict-nibli-r0,bounds,chain,8,forward,5,False,verdict,nibli,83,0,ok,3795.2792739997676,6820,8
00182-bounds-chain-8-forward-s83-d5-m0-verdict-nibli-r1,bounds,chain,8,forward,5,False,verdict,nibli,83,1,ok,3699.481960000412,6820,8
00183-bounds-chain-8-forward-s83-d5-m0-verdict-nibli-r2,bounds,chain,8,forward,5,False,verdict,nibli,83,2,ok,3775.140277999526,6820,8
00187-comparison-policy-100-both-s47-d10-m1-verdict-nibli-r0,comparison,policy,100,both,10,True,verdict,nibli,47,0,ok,47.047288999237935,6436,93
00188-comparison-policy-100-both-s47-d10-m1-verdict-clingo-r0,comparison,policy,100,both,10,True,verdict,clingo,47,0,ok,4.979150999133708,7884,93
00189-comparison-policy-100-both-s47-d10-m1-verdict-souffle-r0,comparison,policy,100,both,10,True,verdict,souffle,47,0,ok,4.3685499986168,5784,93
00190-comparison-policy-100-both-s47-d10-m1-verdict-clingo-r1,comparison,policy,100,both,10,True,verdict,clingo,47,1,ok,4.668359000788769,7884,93
00191-comparison-policy-100-both-s47-d10-m1-verdict-souffle-r1,comparison,policy,100,both,10,True,verdict,souffle,47,1,ok,5.629600000247592,5784,93
00192-comparison-policy-100-both-s47-d10-m1-verdict-nibli-r1,comparison,policy,100,both,10,True,verdict,nibli,47,1,ok,45.581088999824715,6436,93
00193-comparison-policy-100-both-s47-d10-m1-verdict-souffle-r2,comparison,policy,100,both,10,True,verdict,souffle,47,2,ok,4.37376999980188,5784,93
00194-comparison-policy-100-both-s47-d10-m1-verdict-nibli-r2,comparison,policy,100,both,10,True,verdict,nibli,47,2,ok,43.75311399962811,6436,93
00195-comparison-policy-100-both-s47-d10-m1-verdict-clingo-r2,comparison,policy,100,both,10,True,verdict,clingo,47,2,ok,4.654733000279521,7884,93
00197-evidence-policy-1000-both-s131-d10-m1-certificate-nibli-r0,evidence,policy,1000,both,10,True,certificate,nibli,131,0,ok,4500.259483998889,28644,1014
00198-evidence-policy-1000-both-s131-d10-m1-certificate-nibli-r1,evidence,policy,1000,both,10,True,certificate,nibli,131,1,ok,4376.737757000228,28656,1014
00199-evidence-policy-1000-both-s131-d10-m1-certificate-nibli-r2,evidence,policy,1000,both,10,True,certificate,nibli,131,2,ok,5117.227867000111,28572,1014
00201-bounds-chain-8-forward-s11-d5-m0-verdict-nibli-r0,bounds,chain,8,forward,5,False,verdict,nibli,11,0,ok,5069.446691999474,6820,8
00202-bounds-chain-8-forward-s11-d5-m0-verdict-nibli-r1,bounds,chain,8,forward,5,False,verdict,nibli,11,1,ok,5108.459287999722,6820,8
00203-bounds-chain-8-forward-s11-d5-m0-verdict-nibli-r2,bounds,chain,8,forward,5,False,verdict,nibli,11,2,ok,5064.879633999226,6820,8
00205-evidence-policy-10000-both-s47-d10-m1-certificate-nibli-r0,evidence,policy,10000,both,10,True,certificate,nibli,47,0,timeout,30007.98930000019,53752,9942
00206-evidence-policy-10000-both-s47-d10-m1-certificate-nibli-r1,evidence,policy,10000,both,10,True,certificate,nibli,47,1,timeout,30012.366373000987,55556,9942
00207-evidence-policy-10000-both-s47-d10-m1-certificate-nibli-r2,evidence,policy,10000,both,10,True,certificate,nibli,47,2,timeout,30008.78811399889,55144,9942
00209-bounds-policy-100-both-s131-d2-m1-verdict-nibli-r0,bounds,policy,100,both,2,True,verdict,nibli,131,0,ok,50.86350599958678,6692,100
00210-bounds-policy-100-both-s131-d2-m1-verdict-nibli-r1,bounds,policy,100,both,2,True,verdict,nibli,131,1,ok,50.87028399975679,6692,100
00211-bounds-policy-100-both-s131-d2-m1-verdict-nibli-r2,bounds,policy,100,both,2,True,verdict,nibli,131,2,ok,53.151058998992085,6692,100
00215-comparison-chain-16-forward-s23-d10-m1-verdict-souffle-r0,comparison,chain,16,forward,10,True,verdict,souffle,23,0,ok,5.050320000009378,5692,16
00216-comparison-chain-16-forward-s23-d10-m1-verdict-nibli-r0,comparison,chain,16,forward,10,True,verdict,nibli,23,0,timeout,30004.869435999353,16756,16
00217-comparison-chain-16-forward-s23-d10-m1-verdict-clingo-r0,comparison,chain,16,forward,10,True,verdict,clingo,23,0,ok,6.978858000366017,7884,16
00218-comparison-chain-16-forward-s23-d10-m1-verdict-nibli-r1,comparison,chain,16,forward,10,True,verdict,nibli,23,1,timeout,30007.415789001243,16660,16
00219-comparison-chain-16-forward-s23-d10-m1-verdict-souffle-r1,comparison,chain,16,forward,10,True,verdict,souffle,23,1,ok,5.16603899995971,5692,16
00220-comparison-chain-16-forward-s23-d10-m1-verdict-clingo-r1,comparison,chain,16,forward,10,True,verdict,clingo,23,1,ok,5.092157000035513,7884,16
00221-comparison-chain-16-forward-s23-d10-m1-verdict-souffle-r2,comparison,chain,16,forward,10,True,verdict,souffle,23,2,ok,4.377560000648373,5692,16
00222-comparison-chain-16-forward-s23-d10-m1-verdict-nibli-r2,comparison,chain,16,forward,10,True,verdict,nibli,23,2,timeout,30008.170908000466,16704,16
00223-comparison-chain-16-forward-s23-d10-m1-verdict-clingo-r2,comparison,chain,16,forward,10,True,verdict,clingo,23,2,ok,5.842376000146032,7884,16
00225-evidence-policy-100-both-s11-d10-m1-certificate-nibli-r0,evidence,policy,100,both,10,True,certificate,nibli,11,0,ok,62.235978000899195,7204,99
00226-evidence-policy-100-both-s11-d10-m1-certificate-nibli-r1,evidence,policy,100,both,10,True,certificate,nibli,11,1,ok,61.702728000454954,7204,99
00227-evidence-policy-100-both-s11-d10-m1-certificate-nibli-r2,evidence,policy,100,both,10,True,certificate,nibli,11,2,ok,61.30081700030132,7204,99
00229-bounds-chain-8-backward-s23-d10-m1-verdict-nibli-r0,bounds,chain,8,backward,10,True,verdict,nibli,23,0,ok,39.85161000127846,4900,8
00230-bounds-chain-8-backward-s23-d10-m1-verdict-nibli-r1,bounds,chain,8,backward,10,True,verdict,nibli,23,1,ok,38.637708999885945,4900,8
00231-bounds-chain-8-backward-s23-d10-m1-verdict-nibli-r2,bounds,chain,8,backward,10,True,verdict,nibli,23,2,ok,40.082720001009875,4900,8
00233-bounds-chain-8-forward-s11-d10-m1-verdict-nibli-r0,bounds,chain,8,forward,10,True,verdict,nibli,11,0,ok,5153.2661070014,6820,8
00234-bounds-chain-8-forward-s11-d10-m1-verdict-nibli-r1,bounds,chain,8,forward,10,True,verdict,nibli,11,1,ok,5311.077857000782,6820,8
00235-bounds-chain-8-forward-s11-d10-m1-verdict-nibli-r2,bounds,chain,8,forward,10,True,verdict,nibli,11,2,ok,5452.078127000277,6820,8
00239-comparison-chain-12-backward-s23-d10-m1-verdict-clingo-r0,comparison,chain,12,backward,10,True,verdict,clingo,23,0,ok,5.332490000000689,7756,12
00240-comparison-chain-12-backward-s23-d10-m1-verdict-nibli-r0,comparison,chain,12,backward,10,True,verdict,nibli,23,0,ok,120.39137700048741,5156,12
00241-comparison-chain-12-backward-s23-d10-m1-verdict-souffle-r0,comparison,chain,12,backward,10,True,verdict,souffle,23,0,ok,5.393317998823477,5692,12
00242-comparison-chain-12-backward-s23-d10-m1-verdict-souffle-r1,comparison,chain,12,backward,10,True,verdict,souffle,23,1,ok,4.46798399934778,5692,12
00243-comparison-chain-12-backward-s23-d10-m1-verdict-clingo-r1,comparison,chain,12,backward,10,True,verdict,clingo,23,1,ok,4.883532999883755,7756,12
00244-comparison-chain-12-backward-s23-d10-m1-verdict-nibli-r1,comparison,chain,12,backward,10,True,verdict,nibli,23,1,ok,117.44348100000934,5284,12
00245-comparison-chain-12-backward-s23-d10-m1-verdict-clingo-r2,comparison,chain,12,backward,10,True,verdict,clingo,23,2,ok,10.436260999995284,7756,12
00246-comparison-chain-12-backward-s23-d10-m1-verdict-souffle-r2,comparison,chain,12,backward,10,True,verdict,souffle,23,2,ok,6.721581999954651,5692,12
00247-comparison-chain-12-backward-s23-d10-m1-verdict-nibli-r2,comparison,chain,12,backward,10,True,verdict,nibli,23,2,ok,110.07054800029437,5284,12
00249-bounds-chain-8-backward-s83-d20-m1-verdict-nibli-r0,bounds,chain,8,backward,20,True,verdict,nibli,83,0,ok,38.34756300057052,4900,8
00250-bounds-chain-8-backward-s83-d20-m1-verdict-nibli-r1,bounds,chain,8,backward,20,True,verdict,nibli,83,1,ok,36.98647999954119,4900,8
00251-bounds-chain-8-backward-s83-d20-m1-verdict-nibli-r2,bounds,chain,8,backward,20,True,verdict,nibli,83,2,ok,51.89760999928694,4900,8
00253-evidence-policy-10000-both-s11-d10-m1-certificate-nibli-r0,evidence,policy,10000,both,10,True,certificate,nibli,11,0,timeout,30009.783747000256,55704,9965
00254-evidence-policy-10000-both-s11-d10-m1-certificate-nibli-r1,evidence,policy,10000,both,10,True,certificate,nibli,11,1,timeout,30009.584364001057,56216,9965
00255-evidence-policy-10000-both-s11-d10-m1-certificate-nibli-r2,evidence,policy,10000,both,10,True,certificate,nibli,11,2,timeout,30011.90036400112,55308,9965
00257-bounds-chain-8-backward-s83-d10-m1-verdict-nibli-r0,bounds,chain,8,backward,10,True,verdict,nibli,83,0,ok,57.04956400040828,4900,8
00258-bounds-chain-8-backward-s83-d10-m1-verdict-nibli-r1,bounds,chain,8,backward,10,True,verdict,nibli,83,1,ok,50.285934999919846,4900,8
00259-bounds-chain-8-backward-s83-d10-m1-verdict-nibli-r2,bounds,chain,8,backward,10,True,verdict,nibli,83,2,ok,90.54097199987154,4900,8
00261-evidence-policy-10000-both-s47-d10-m1-verdict-nibli-r0,evidence,policy,10000,both,10,True,verdict,nibli,47,0,timeout,30006.696094998915,43668,9942
00262-evidence-policy-10000-both-s47-d10-m1-verdict-nibli-r1,evidence,policy,10000,both,10,True,verdict,nibli,47,1,timeout,30014.83340300001,45436,9942
00263-evidence-policy-10000-both-s47-d10-m1-verdict-nibli-r2,evidence,policy,10000,both,10,True,verdict,nibli,47,2,timeout,30008.706271000847,54968,9942
00265-bounds-chain-8-backward-s131-d10-m0-verdict-nibli-r0,bounds,chain,8,backward,10,False,verdict,nibli,131,0,ok,36.118423000516486,4900,8
00266-bounds-chain-8-backward-s131-d10-m0-verdict-nibli-r1,bounds,chain,8,backward,10,False,verdict,nibli,131,1,ok,45.70026000146754,4900,8
00267-bounds-chain-8-backward-s131-d10-m0-verdict-nibli-r2,bounds,chain,8,backward,10,False,verdict,nibli,131,2,ok,34.81145700061461,4900,8
00269-evidence-policy-10000-both-s131-d10-m1-certificate-nibli-r0,evidence,policy,10000,both,10,True,certificate,nibli,131,0,timeout,30010.516674999963,55428,10030
00270-evidence-policy-10000-both-s131-d10-m1-certificate-nibli-r1,evidence,policy,10000,both,10,True,certificate,nibli,131,1,timeout,30008.364429999347,55392,10030
00271-evidence-policy-10000-both-s131-d10-m1-certificate-nibli-r2,evidence,policy,10000,both,10,True,certificate,nibli,131,2,timeout,30008.319433998622,55764,10030
00273-bounds-policy-100-both-s83-d2-m0-verdict-nibli-r0,bounds,policy,100,both,2,False,verdict,nibli,83,0,ok,3732.7993220005737,121040,98
00274-bounds-policy-100-both-s83-d2-m0-verdict-nibli-r1,bounds,policy,100,both,2,False,verdict,nibli,83,1,ok,3646.377882001616,120344,98
00275-bounds-policy-100-both-s83-d2-m0-verdict-nibli-r2,bounds,policy,100,both,2,False,verdict,nibli,83,2,ok,3713.370188999761,120884,98
00277-evidence-policy-1000-both-s23-d10-m1-certificate-nibli-r0,evidence,policy,1000,both,10,True,certificate,nibli,23,0,ok,4178.859204999753,28224,982
00278-evidence-policy-1000-both-s23-d10-m1-certificate-nibli-r1,evidence,policy,1000,both,10,True,certificate,nibli,23,1,ok,4108.747322999989,28244,982
00279-evidence-policy-1000-both-s23-d10-m1-certificate-nibli-r2,evidence,policy,1000,both,10,True,certificate,nibli,23,2,ok,4102.202059000774,28228,982
00283-comparison-chain-12-forward-s47-d10-m1-verdict-clingo-r0,comparison,chain,12,forward,10,True,verdict,clingo,47,0,ok,5.496102001416148,7756,12
00284-comparison-chain-12-forward-s47-d10-m1-verdict-souffle-r0,comparison,chain,12,forward,10,True,verdict,souffle,47,0,ok,4.515749000347569,5692,12
00285-comparison-chain-12-forward-s47-d10-m1-verdict-nibli-r0,comparison,chain,12,forward,10,True,verdict,nibli,47,0,timeout,30003.845712999464,10340,12
00286-comparison-chain-12-forward-s47-d10-m1-verdict-clingo-r1,comparison,chain,12,forward,10,True,verdict,clingo,47,1,ok,5.301761999362498,7756,12
00287-comparison-chain-12-forward-s47-d10-m1-verdict-souffle-r1,comparison,chain,12,forward,10,True,verdict,souffle,47,1,ok,4.623500999514363,5692,12
00288-comparison-chain-12-forward-s47-d10-m1-verdict-nibli-r1,comparison,chain,12,forward,10,True,verdict,nibli,47,1,timeout,30004.083863999767,10340,12
00289-comparison-chain-12-forward-s47-d10-m1-verdict-clingo-r2,comparison,chain,12,forward,10,True,verdict,clingo,47,2,ok,5.365717001041048,7884,12
00290-comparison-chain-12-forward-s47-d10-m1-verdict-nibli-r2,comparison,chain,12,forward,10,True,verdict,nibli,47,2,timeout,30003.845766999802,10340,12
00291-comparison-chain-12-forward-s47-d10-m1-verdict-souffle-r2,comparison,chain,12,forward,10,True,verdict,souffle,47,2,ok,4.916378000416444,5692,12
00293-bounds-chain-8-forward-s131-d5-m1-verdict-nibli-r0,bounds,chain,8,forward,5,True,verdict,nibli,131,0,ok,2978.8770800005295,6948,8
00294-bounds-chain-8-forward-s131-d5-m1-verdict-nibli-r1,bounds,chain,8,forward,5,True,verdict,nibli,131,1,ok,2956.1872129997937,6820,8
00295-bounds-chain-8-forward-s131-d5-m1-verdict-nibli-r2,bounds,chain,8,forward,5,True,verdict,nibli,131,2,ok,3002.57713999963,6820,8
00297-bounds-chain-8-forward-s23-d5-m0-verdict-nibli-r0,bounds,chain,8,forward,5,False,verdict,nibli,23,0,ok,7045.907592999356,6820,8
00298-bounds-chain-8-forward-s23-d5-m0-verdict-nibli-r1,bounds,chain,8,forward,5,False,verdict,nibli,23,1,ok,6969.901133999883,6820,8
00299-bounds-chain-8-forward-s23-d5-m0-verdict-nibli-r2,bounds,chain,8,forward,5,False,verdict,nibli,23,2,ok,7021.435045000544,6820,8
00303-comparison-chain-32-forward-s11-d10-m1-verdict-clingo-r0,comparison,chain,32,forward,10,True,verdict,clingo,11,0,ok,5.357545000151731,7884,32
00304-comparison-chain-32-forward-s11-d10-m1-verdict-souffle-r0,comparison,chain,32,forward,10,True,verdict,souffle,11,0,ok,4.776444000526681,5692,32
00305-comparison-chain-32-forward-s11-d10-m1-verdict-nibli-r0,comparison,chain,32,forward,10,True,verdict,nibli,11,0,timeout,30007.73217099959,41036,32
00306-comparison-chain-32-forward-s11-d10-m1-verdict-nibli-r1,comparison,chain,32,forward,10,True,verdict,nibli,11,1,timeout,30007.494684999983,40928,32
00307-comparison-chain-32-forward-s11-d10-m1-verdict-clingo-r1,comparison,chain,32,forward,10,True,verdict,clingo,11,1,ok,6.686283999442821,7884,32
00308-comparison-chain-32-forward-s11-d10-m1-verdict-souffle-r1,comparison,chain,32,forward,10,True,verdict,souffle,11,1,ok,7.880212999225478,5692,32
00309-comparison-chain-32-forward-s11-d10-m1-verdict-nibli-r2,comparison,chain,32,forward,10,True,verdict,nibli,11,2,timeout,30008.399196000028,41052,32
00310-comparison-chain-32-forward-s11-d10-m1-verdict-souffle-r2,comparison,chain,32,forward,10,True,verdict,souffle,11,2,ok,5.751365000833175,5692,32
00311-comparison-chain-32-forward-s11-d10-m1-verdict-clingo-r2,comparison,chain,32,forward,10,True,verdict,clingo,11,2,ok,5.499226999745588,7884,32
00313-bounds-chain-8-forward-s83-d5-m1-verdict-nibli-r0,bounds,chain,8,forward,5,True,verdict,nibli,83,0,ok,3741.5752220003924,6820,8
00314-bounds-chain-8-forward-s83-d5-m1-verdict-nibli-r1,bounds,chain,8,forward,5,True,verdict,nibli,83,1,ok,3705.1363150003453,6820,8
00315-bounds-chain-8-forward-s83-d5-m1-verdict-nibli-r2,bounds,chain,8,forward,5,True,verdict,nibli,83,2,ok,3768.9049410000734,6820,8
00319-comparison-chain-16-forward-s83-d10-m1-verdict-souffle-r0,comparison,chain,16,forward,10,True,verdict,souffle,83,0,ok,4.400982998049585,5692,16
00320-comparison-chain-16-forward-s83-d10-m1-verdict-nibli-r0,comparison,chain,16,forward,10,True,verdict,nibli,83,0,timeout,30004.454095000256,16764,16
00321-comparison-chain-16-forward-s83-d10-m1-verdict-clingo-r0,comparison,chain,16,forward,10,True,verdict,clingo,83,0,ok,5.640854000375839,7884,16
00322-comparison-chain-16-forward-s83-d10-m1-verdict-souffle-r1,comparison,chain,16,forward,10,True,verdict,souffle,83,1,ok,5.775664001703262,5692,16
00323-comparison-chain-16-forward-s83-d10-m1-verdict-nibli-r1,comparison,chain,16,forward,10,True,verdict,nibli,83,1,timeout,30004.183609999018,16764,16
00324-comparison-chain-16-forward-s83-d10-m1-verdict-clingo-r1,comparison,chain,16,forward,10,True,verdict,clingo,83,1,ok,6.533648000186076,7884,16
00325-comparison-chain-16-forward-s83-d10-m1-verdict-clingo-r2,comparison,chain,16,forward,10,True,verdict,clingo,83,2,ok,4.695301999163348,7884,16
00326-comparison-chain-16-forward-s83-d10-m1-verdict-nibli-r2,comparison,chain,16,forward,10,True,verdict,nibli,83,2,timeout,30004.65288799751,16708,16
00327-comparison-chain-16-forward-s83-d10-m1-verdict-souffle-r2,comparison,chain,16,forward,10,True,verdict,souffle,83,2,ok,6.015486000251258,5692,16
00329-bounds-chain-8-forward-s11-d10-m0-verdict-nibli-r0,bounds,chain,8,forward,10,False,verdict,nibli,11,0,ok,5021.216723001999,6820,8
00330-bounds-chain-8-forward-s11-d10-m0-verdict-nibli-r1,bounds,chain,8,forward,10,False,verdict,nibli,11,1,ok,4967.859924996446,6820,8
00331-bounds-chain-8-forward-s11-d10-m0-verdict-nibli-r2,bounds,chain,8,forward,10,False,verdict,nibli,11,2,ok,5127.94731500253,6820,8
00333-bounds-chain-8-backward-s47-d2-m1-verdict-nibli-r0,bounds,chain,8,backward,2,True,verdict,nibli,47,0,ok,33.29737800231669,4900,8
00334-bounds-chain-8-backward-s47-d2-m1-verdict-nibli-r1,bounds,chain,8,backward,2,True,verdict,nibli,47,1,ok,33.80306899998686,4900,8
00335-bounds-chain-8-backward-s47-d2-m1-verdict-nibli-r2,bounds,chain,8,backward,2,True,verdict,nibli,47,2,ok,35.06301100060227,4900,8
00337-bounds-chain-8-backward-s23-d20-m0-verdict-nibli-r0,bounds,chain,8,backward,20,False,verdict,nibli,23,0,ok,36.12336399964988,4900,8
00338-bounds-chain-8-backward-s23-d20-m0-verdict-nibli-r1,bounds,chain,8,backward,20,False,verdict,nibli,23,1,ok,36.720026000693906,4900,8
00339-bounds-chain-8-backward-s23-d20-m0-verdict-nibli-r2,bounds,chain,8,backward,20,False,verdict,nibli,23,2,ok,36.66421299931244,4900,8
00343-comparison-chain-32-forward-s23-d10-m1-verdict-nibli-r0,comparison,chain,32,forward,10,True,verdict,nibli,23,0,timeout,30006.574235998414,41064,32
00344-comparison-chain-32-forward-s23-d10-m1-verdict-clingo-r0,comparison,chain,32,forward,10,True,verdict,clingo,23,0,ok,5.928416998358443,7884,32
00345-comparison-chain-32-forward-s23-d10-m1-verdict-souffle-r0,comparison,chain,32,forward,10,True,verdict,souffle,23,0,ok,5.86467600078322,5692,32
00346-comparison-chain-32-forward-s23-d10-m1-verdict-souffle-r1,comparison,chain,32,forward,10,True,verdict,souffle,23,1,ok,4.9184669987880625,5692,32
00347-comparison-chain-32-forward-s23-d10-m1-verdict-clingo-r1,comparison,chain,32,forward,10,True,verdict,clingo,23,1,ok,5.464746998768533,7884,32
00348-comparison-chain-32-forward-s23-d10-m1-verdict-nibli-r1,comparison,chain,32,forward,10,True,verdict,nibli,23,1,timeout,30006.530564998684,41136,32
00349-comparison-chain-32-forward-s23-d10-m1-verdict-clingo-r2,comparison,chain,32,forward,10,True,verdict,clingo,23,2,ok,5.842725000547944,7884,32
00350-comparison-chain-32-forward-s23-d10-m1-verdict-nibli-r2,comparison,chain,32,forward,10,True,verdict,nibli,23,2,timeout,30006.365041997924,41064,32
00351-comparison-chain-32-forward-s23-d10-m1-verdict-souffle-r2,comparison,chain,32,forward,10,True,verdict,souffle,23,2,ok,5.7240779970015865,5692,32
00353-bounds-policy-100-both-s23-d20-m0-verdict-nibli-r0,bounds,policy,100,both,20,False,verdict,nibli,23,0,ok,3701.4648969998234,119628,97
00354-bounds-policy-100-both-s23-d20-m0-verdict-nibli-r1,bounds,policy,100,both,20,False,verdict,nibli,23,1,ok,3746.679204999964,120552,97
00355-bounds-policy-100-both-s23-d20-m0-verdict-nibli-r2,bounds,policy,100,both,20,False,verdict,nibli,23,2,ok,3759.785105001356,118428,97
00359-comparison-chain-8-forward-s11-d10-m1-verdict-nibli-r0,comparison,chain,8,forward,10,True,verdict,nibli,11,0,ok,5202.488240000093,6820,8
00360-comparison-chain-8-forward-s11-d10-m1-verdict-souffle-r0,comparison,chain,8,forward,10,True,verdict,souffle,11,0,ok,5.323822002537781,5692,8
00361-comparison-chain-8-forward-s11-d10-m1-verdict-clingo-r0,comparison,chain,8,forward,10,True,verdict,clingo,11,0,ok,4.602588000125252,7884,8
00362-comparison-chain-8-forward-s11-d10-m1-verdict-souffle-r1,comparison,chain,8,forward,10,True,verdict,souffle,11,1,ok,4.665333999582799,5692,8
00363-comparison-chain-8-forward-s11-d10-m1-verdict-clingo-r1,comparison,chain,8,forward,10,True,verdict,clingo,11,1,ok,4.2450110013305675,7884,8
00364-comparison-chain-8-forward-s11-d10-m1-verdict-nibli-r1,comparison,chain,8,forward,10,True,verdict,nibli,11,1,ok,4961.845919002371,6820,8
00365-comparison-chain-8-forward-s11-d10-m1-verdict-souffle-r2,comparison,chain,8,forward,10,True,verdict,souffle,11,2,ok,4.873546997259837,5692,8
00366-comparison-chain-8-forward-s11-d10-m1-verdict-clingo-r2,comparison,chain,8,forward,10,True,verdict,clingo,11,2,ok,4.907737999019446,7884,8
00367-comparison-chain-8-forward-s11-d10-m1-verdict-nibli-r2,comparison,chain,8,forward,10,True,verdict,nibli,11,2,ok,5006.058470000426,6820,8
00369-bounds-chain-8-forward-s131-d2-m1-verdict-nibli-r0,bounds,chain,8,forward,2,True,verdict,nibli,131,0,ok,673.6316880014783,6308,8
00370-bounds-chain-8-forward-s131-d2-m1-verdict-nibli-r1,bounds,chain,8,forward,2,True,verdict,nibli,131,1,ok,643.316458001209,6308,8
00371-bounds-chain-8-forward-s131-d2-m1-verdict-nibli-r2,bounds,chain,8,forward,2,True,verdict,nibli,131,2,ok,667.1260720031569,6308,8
00373-bounds-policy-100-both-s23-d2-m1-verdict-nibli-r0,bounds,policy,100,both,2,True,verdict,nibli,23,0,ok,45.966232999489876,6436,97
00374-bounds-policy-100-both-s23-d2-m1-verdict-nibli-r1,bounds,policy,100,both,2,True,verdict,nibli,23,1,ok,45.49385900099878,6436,97
00375-bounds-policy-100-both-s23-d2-m1-verdict-nibli-r2,bounds,policy,100,both,2,True,verdict,nibli,23,2,ok,46.98500999802491,6436,97
00377-evidence-policy-1000-both-s11-d10-m1-certificate-nibli-r0,evidence,policy,1000,both,10,True,certificate,nibli,11,0,ok,3995.203214999492,28080,980
00378-evidence-policy-1000-both-s11-d10-m1-certificate-nibli-r1,evidence,policy,1000,both,10,True,certificate,nibli,11,1,ok,4094.4072659985977,28176,980
00379-evidence-policy-1000-both-s11-d10-m1-certificate-nibli-r2,evidence,policy,1000,both,10,True,certificate,nibli,11,2,ok,4097.457472002134,28220,980
00381-bounds-chain-8-backward-s23-d2-m1-verdict-nibli-r0,bounds,chain,8,backward,2,True,verdict,nibli,23,0,ok,35.440245002973825,4900,8
00382-bounds-chain-8-backward-s23-d2-m1-verdict-nibli-r1,bounds,chain,8,backward,2,True,verdict,nibli,23,1,ok,36.873021999781486,4900,8
00383-bounds-chain-8-backward-s23-d2-m1-verdict-nibli-r2,bounds,chain,8,backward,2,True,verdict,nibli,23,2,ok,36.53512700111605,4900,8
00385-bounds-chain-8-forward-s11-d20-m1-verdict-nibli-r0,bounds,chain,8,forward,20,True,verdict,nibli,11,0,ok,4860.009539999737,6820,8
00386-bounds-chain-8-forward-s11-d20-m1-verdict-nibli-r1,bounds,chain,8,forward,20,True,verdict,nibli,11,1,ok,4903.820652001741,6820,8
00387-bounds-chain-8-forward-s11-d20-m1-verdict-nibli-r2,bounds,chain,8,forward,20,True,verdict,nibli,11,2,ok,5034.783377999702,6820,8
00389-updates-policy-1000-both-s47-d10-m1-updates-nibli-r0,updates,policy,1000,both,10,True,updates,nibli,47,0,ok,24837.05587499935,50544,973
00390-updates-policy-1000-both-s47-d10-m1-updates-nibli-r1,updates,policy,1000,both,10,True,updates,nibli,47,1,ok,24782.001363000745,50524,973
00391-updates-policy-1000-both-s47-d10-m1-updates-nibli-r2,updates,policy,1000,both,10,True,updates,nibli,47,2,ok,23419.888193999213,50220,973
00393-updates-policy-100-both-s83-d10-m1-updates-nibli-r0,updates,policy,100,both,10,True,updates,nibli,83,0,ok,1199.9493780022021,12468,99
00394-updates-policy-100-both-s83-d10-m1-updates-nibli-r1,updates,policy,100,both,10,True,updates,nibli,83,1,ok,1179.0257989996462,12276,99
00395-updates-policy-100-both-s83-d10-m1-updates-nibli-r2,updates,policy,100,both,10,True,updates,nibli,83,2,ok,1273.240752001584,13420,99
00399-comparison-chain-12-forward-s23-d10-m1-verdict-souffle-r0,comparison,chain,12,forward,10,True,verdict,souffle,23,0,ok,4.6171200010576285,5692,12
00400-comparison-chain-12-forward-s23-d10-m1-verdict-nibli-r0,comparison,chain,12,forward,10,True,verdict,nibli,23,0,timeout,30003.917279002053,10404,12
00401-comparison-chain-12-forward-s23-d10-m1-verdict-clingo-r0,comparison,chain,12,forward,10,True,verdict,clingo,23,0,ok,5.341462998330826,7884,12
00402-comparison-chain-12-forward-s23-d10-m1-verdict-nibli-r1,comparison,chain,12,forward,10,True,verdict,nibli,23,1,timeout,30003.588526000385,10444,12
00403-comparison-chain-12-forward-s23-d10-m1-verdict-clingo-r1,comparison,chain,12,forward,10,True,verdict,clingo,23,1,ok,5.471475000376813,7884,12
00404-comparison-chain-12-forward-s23-d10-m1-verdict-souffle-r1,comparison,chain,12,forward,10,True,verdict,souffle,23,1,ok,5.364238997572102,5692,12
00405-comparison-chain-12-forward-s23-d10-m1-verdict-nibli-r2,comparison,chain,12,forward,10,True,verdict,nibli,23,2,timeout,30003.710338998644,10368,12
00406-comparison-chain-12-forward-s23-d10-m1-verdict-souffle-r2,comparison,chain,12,forward,10,True,verdict,souffle,23,2,ok,5.015425998863066,5692,12
00407-comparison-chain-12-forward-s23-d10-m1-verdict-clingo-r2,comparison,chain,12,forward,10,True,verdict,clingo,23,2,ok,4.567488998873159,7756,12
00411-comparison-chain-16-backward-s83-d10-m1-verdict-souffle-r0,comparison,chain,16,backward,10,True,verdict,souffle,83,0,ok,4.515168999205343,5692,16
00412-comparison-chain-16-backward-s83-d10-m1-verdict-nibli-r0,comparison,chain,16,backward,10,True,verdict,nibli,83,0,ok,202.98227999955998,5796,16
00413-comparison-chain-16-backward-s83-d10-m1-verdict-clingo-r0,comparison,chain,16,backward,10,True,verdict,clingo,83,0,ok,4.92531300187693,7884,16
00414-comparison-chain-16-backward-s83-d10-m1-verdict-clingo-r1,comparison,chain,16,backward,10,True,verdict,clingo,83,1,ok,4.277938998711761,7884,16
00415-comparison-chain-16-backward-s83-d10-m1-verdict-nibli-r1,comparison,chain,16,backward,10,True,verdict,nibli,83,1,ok,204.5588810033223,5796,16
00416-comparison-chain-16-backward-s83-d10-m1-verdict-souffle-r1,comparison,chain,16,backward,10,True,verdict,souffle,83,1,ok,4.781143001309829,5692,16
00417-comparison-chain-16-backward-s83-d10-m1-verdict-nibli-r2,comparison,chain,16,backward,10,True,verdict,nibli,83,2,ok,204.71961699877284,5796,16
00418-comparison-chain-16-backward-s83-d10-m1-verdict-souffle-r2,comparison,chain,16,backward,10,True,verdict,souffle,83,2,ok,4.353985001216643,5692,16
00419-comparison-chain-16-backward-s83-d10-m1-verdict-clingo-r2,comparison,chain,16,backward,10,True,verdict,clingo,83,2,ok,4.547733999061165,7884,16
00423-comparison-chain-12-forward-s11-d10-m1-verdict-nibli-r0,comparison,chain,12,forward,10,True,verdict,nibli,11,0,timeout,30003.59600199954,10340,12
00424-comparison-chain-12-forward-s11-d10-m1-verdict-clingo-r0,comparison,chain,12,forward,10,True,verdict,clingo,11,0,ok,5.4071760023362,7756,12
00425-comparison-chain-12-forward-s11-d10-m1-verdict-souffle-r0,comparison,chain,12,forward,10,True,verdict,souffle,11,0,ok,4.538515000604093,5692,12
00426-comparison-chain-12-forward-s11-d10-m1-verdict-nibli-r1,comparison,chain,12,forward,10,True,verdict,nibli,11,1,timeout,30004.437465999217,10340,12
00427-comparison-chain-12-forward-s11-d10-m1-verdict-souffle-r1,comparison,chain,12,forward,10,True,verdict,souffle,11,1,ok,4.922046999126906,5692,12
00428-comparison-chain-12-forward-s11-d10-m1-verdict-clingo-r1,comparison,chain,12,forward,10,True,verdict,clingo,11,1,ok,4.983778999303468,7884,12
00429-comparison-chain-12-forward-s11-d10-m1-verdict-souffle-r2,comparison,chain,12,forward,10,True,verdict,souffle,11,2,ok,4.559114000585396,5692,12
00430-comparison-chain-12-forward-s11-d10-m1-verdict-nibli-r2,comparison,chain,12,forward,10,True,verdict,nibli,11,2,timeout,30004.062982003234,10284,12
00431-comparison-chain-12-forward-s11-d10-m1-verdict-clingo-r2,comparison,chain,12,forward,10,True,verdict,clingo,11,2,ok,5.865256000106456,7756,12
00433-evidence-policy-100-both-s47-d10-m1-verdict-nibli-r0,evidence,policy,100,both,10,True,verdict,nibli,47,0,ok,53.40320600225823,6436,93
00434-evidence-policy-100-both-s47-d10-m1-verdict-nibli-r1,evidence,policy,100,both,10,True,verdict,nibli,47,1,ok,42.760219002957456,6436,93
00435-evidence-policy-100-both-s47-d10-m1-verdict-nibli-r2,evidence,policy,100,both,10,True,verdict,nibli,47,2,ok,42.34655400068732,6436,93
00437-bounds-chain-8-backward-s23-d20-m1-verdict-nibli-r0,bounds,chain,8,backward,20,True,verdict,nibli,23,0,ok,36.03947399824392,4900,8
00438-bounds-chain-8-backward-s23-d20-m1-verdict-nibli-r1,bounds,chain,8,backward,20,True,verdict,nibli,23,1,ok,36.68203299821471,4900,8
00439-bounds-chain-8-backward-s23-d20-m1-verdict-nibli-r2,bounds,chain,8,backward,20,True,verdict,nibli,23,2,ok,36.48739300115267,4900,8
00441-bounds-chain-8-forward-s131-d2-m0-verdict-nibli-r0,bounds,chain,8,forward,2,False,verdict,nibli,131,0,ok,652.1449959982419,6308,8
00442-bounds-chain-8-forward-s131-d2-m0-verdict-nibli-r1,bounds,chain,8,forward,2,False,verdict,nibli,131,1,ok,653.3141329964565,6308,8
00443-bounds-chain-8-forward-s131-d2-m0-verdict-nibli-r2,bounds,chain,8,forward,2,False,verdict,nibli,131,2,ok,648.7928850001481,6308,8
00445-bounds-policy-100-both-s83-d10-m1-verdict-nibli-r0,bounds,policy,100,both,10,True,verdict,nibli,83,0,ok,61.95997000031639,6436,98
00446-bounds-policy-100-both-s83-d10-m1-verdict-nibli-r1,bounds,policy,100,both,10,True,verdict,nibli,83,1,ok,45.3969429981953,6436,98
00447-bounds-policy-100-both-s83-d10-m1-verdict-nibli-r2,bounds,policy,100,both,10,True,verdict,nibli,83,2,ok,46.722448998480104,6436,98
00449-bounds-chain-8-backward-s47-d10-m0-verdict-nibli-r0,bounds,chain,8,backward,10,False,verdict,nibli,47,0,ok,32.30231899942737,4900,8
00450-bounds-chain-8-backward-s47-d10-m0-verdict-nibli-r1,bounds,chain,8,backward,10,False,verdict,nibli,47,1,ok,42.38063500088174,4900,8
00451-bounds-chain-8-backward-s47-d10-m0-verdict-nibli-r2,bounds,chain,8,backward,10,False,verdict,nibli,47,2,ok,34.040375001495704,4900,8
00455-comparison-policy-1000-both-s23-d10-m1-verdict-souffle-r0,comparison,policy,1000,both,10,True,verdict,souffle,23,0,ok,4.753573000925826,5912,982
00456-comparison-policy-1000-both-s23-d10-m1-verdict-clingo-r0,comparison,policy,1000,both,10,True,verdict,clingo,23,0,ok,7.608732001244789,8140,982
00457-comparison-policy-1000-both-s23-d10-m1-verdict-nibli-r0,comparison,policy,1000,both,10,True,verdict,nibli,23,0,ok,3828.0003429972567,23272,982
00458-comparison-policy-1000-both-s23-d10-m1-verdict-clingo-r1,comparison,policy,1000,both,10,True,verdict,clingo,23,1,ok,7.688620000408264,8140,982
00459-comparison-policy-1000-both-s23-d10-m1-verdict-souffle-r1,comparison,policy,1000,both,10,True,verdict,souffle,23,1,ok,4.772028998559108,5912,982
00460-comparison-policy-1000-both-s23-d10-m1-verdict-nibli-r1,comparison,policy,1000,both,10,True,verdict,nibli,23,1,ok,3843.330315001367,23316,982
00461-comparison-policy-1000-both-s23-d10-m1-verdict-nibli-r2,comparison,policy,1000,both,10,True,verdict,nibli,23,2,ok,3904.5727249977062,23292,982
00462-comparison-policy-1000-both-s23-d10-m1-verdict-clingo-r2,comparison,policy,1000,both,10,True,verdict,clingo,23,2,ok,7.665367997105932,8140,982
00463-comparison-policy-1000-both-s23-d10-m1-verdict-souffle-r2,comparison,policy,1000,both,10,True,verdict,souffle,23,2,ok,4.831971000385238,5912,982
00465-bounds-chain-8-forward-s47-d2-m1-verdict-nibli-r0,bounds,chain,8,forward,2,True,verdict,nibli,47,0,ok,606.6738629997417,6308,8
00466-bounds-chain-8-forward-s47-d2-m1-verdict-nibli-r1,bounds,chain,8,forward,2,True,verdict,nibli,47,1,ok,605.2527960018779,6308,8
00467-bounds-chain-8-forward-s47-d2-m1-verdict-nibli-r2,bounds,chain,8,forward,2,True,verdict,nibli,47,2,ok,610.6643450002593,6308,8
00469-updates-policy-1000-both-s131-d10-m1-updates-nibli-r0,updates,policy,1000,both,10,True,updates,nibli,131,0,ok,25336.177055000007,51868,1015
00470-updates-policy-1000-both-s131-d10-m1-updates-nibli-r1,updates,policy,1000,both,10,True,updates,nibli,131,1,ok,26693.685914000525,51872,1015
00471-updates-policy-1000-both-s131-d10-m1-updates-nibli-r2,updates,policy,1000,both,10,True,updates,nibli,131,2,timeout,30016.657756001223,50576,1015
00473-bounds-chain-8-forward-s23-d10-m1-verdict-nibli-r0,bounds,chain,8,forward,10,True,verdict,nibli,23,0,ok,9376.827874002629,6948,8
00474-bounds-chain-8-forward-s23-d10-m1-verdict-nibli-r1,bounds,chain,8,forward,10,True,verdict,nibli,23,1,ok,7975.524900000892,6948,8
00475-bounds-chain-8-forward-s23-d10-m1-verdict-nibli-r2,bounds,chain,8,forward,10,True,verdict,nibli,23,2,ok,7351.5135620000365,6948,8
00479-comparison-chain-8-backward-s131-d10-m1-verdict-clingo-r0,comparison,chain,8,backward,10,True,verdict,clingo,131,0,ok,4.626219997589942,7884,8
00480-comparison-chain-8-backward-s131-d10-m1-verdict-nibli-r0,comparison,chain,8,backward,10,True,verdict,nibli,131,0,ok,34.294056000362616,4900,8
00481-comparison-chain-8-backward-s131-d10-m1-verdict-souffle-r0,comparison,chain,8,backward,10,True,verdict,souffle,131,0,ok,4.158232997724554,5692,8
00482-comparison-chain-8-backward-s131-d10-m1-verdict-souffle-r1,comparison,chain,8,backward,10,True,verdict,souffle,131,1,ok,4.269738998118555,5692,8
00483-comparison-chain-8-backward-s131-d10-m1-verdict-clingo-r1,comparison,chain,8,backward,10,True,verdict,clingo,131,1,ok,4.2864970018854365,7884,8
00484-comparison-chain-8-backward-s131-d10-m1-verdict-nibli-r1,comparison,chain,8,backward,10,True,verdict,nibli,131,1,ok,36.87229299976025,4900,8
00485-comparison-chain-8-backward-s131-d10-m1-verdict-clingo-r2,comparison,chain,8,backward,10,True,verdict,clingo,131,2,ok,4.585708000377053,7756,8
00486-comparison-chain-8-backward-s131-d10-m1-verdict-nibli-r2,comparison,chain,8,backward,10,True,verdict,nibli,131,2,ok,33.83667199886986,4900,8
00487-comparison-chain-8-backward-s131-d10-m1-verdict-souffle-r2,comparison,chain,8,backward,10,True,verdict,souffle,131,2,ok,4.275065999536309,5692,8
00491-comparison-chain-4-backward-s11-d10-m1-verdict-clingo-r0,comparison,chain,4,backward,10,True,verdict,clingo,11,0,ok,6.165127000713255,7756,4
00492-comparison-chain-4-backward-s11-d10-m1-verdict-nibli-r0,comparison,chain,4,backward,10,True,verdict,nibli,11,0,ok,9.78587500139838,4644,4
00493-comparison-chain-4-backward-s11-d10-m1-verdict-souffle-r0,comparison,chain,4,backward,10,True,verdict,souffle,11,0,ok,4.632700001820922,5692,4
00494-comparison-chain-4-backward-s11-d10-m1-verdict-clingo-r1,comparison,chain,4,backward,10,True,verdict,clingo,11,1,ok,4.465386999072507,7884,4
00495-comparison-chain-4-backward-s11-d10-m1-verdict-souffle-r1,comparison,chain,4,backward,10,True,verdict,souffle,11,1,ok,4.345494999142829,5692,4
00496-comparison-chain-4-backward-s11-d10-m1-verdict-nibli-r1,comparison,chain,4,backward,10,True,verdict,nibli,11,1,ok,9.651248998125084,4644,4
00497-comparison-chain-4-backward-s11-d10-m1-verdict-souffle-r2,comparison,chain,4,backward,10,True,verdict,souffle,11,2,ok,4.274924001947511,5692,4
00498-comparison-chain-4-backward-s11-d10-m1-verdict-nibli-r2,comparison,chain,4,backward,10,True,verdict,nibli,11,2,ok,9.389655002451036,4644,4
00499-comparison-chain-4-backward-s11-d10-m1-verdict-clingo-r2,comparison,chain,4,backward,10,True,verdict,clingo,11,2,ok,4.069626997079467,7884,4
00503-comparison-chain-16-forward-s47-d10-m1-verdict-clingo-r0,comparison,chain,16,forward,10,True,verdict,clingo,47,0,ok,4.282737001631176,7884,16
00504-comparison-chain-16-forward-s47-d10-m1-verdict-nibli-r0,comparison,chain,16,forward,10,True,verdict,nibli,47,0,timeout,30004.096489999938,16748,16
00505-comparison-chain-16-forward-s47-d10-m1-verdict-souffle-r0,comparison,chain,16,forward,10,True,verdict,souffle,47,0,ok,5.1464419993862975,5692,16
00506-comparison-chain-16-forward-s47-d10-m1-verdict-souffle-r1,comparison,chain,16,forward,10,True,verdict,souffle,47,1,ok,4.47948299915879,5692,16
00507-comparison-chain-16-forward-s47-d10-m1-verdict-clingo-r1,comparison,chain,16,forward,10,True,verdict,clingo,47,1,ok,4.573704998620087,7884,16
00508-comparison-chain-16-forward-s47-d10-m1-verdict-nibli-r1,comparison,chain,16,forward,10,True,verdict,nibli,47,1,timeout,30004.652834999433,16748,16
00509-comparison-chain-16-forward-s47-d10-m1-verdict-nibli-r2,comparison,chain,16,forward,10,True,verdict,nibli,47,2,timeout,30004.529740999715,16752,16
00510-comparison-chain-16-forward-s47-d10-m1-verdict-souffle-r2,comparison,chain,16,forward,10,True,verdict,souffle,47,2,ok,4.914806002489058,5692,16
00511-comparison-chain-16-forward-s47-d10-m1-verdict-clingo-r2,comparison,chain,16,forward,10,True,verdict,clingo,47,2,ok,4.581176999636227,7884,16
00515-comparison-chain-16-backward-s11-d10-m1-verdict-souffle-r0,comparison,chain,16,backward,10,True,verdict,souffle,11,0,ok,4.318060000514379,5692,16
00516-comparison-chain-16-backward-s11-d10-m1-verdict-clingo-r0,comparison,chain,16,backward,10,True,verdict,clingo,11,0,ok,4.700330999185098,7884,16
00517-comparison-chain-16-backward-s11-d10-m1-verdict-nibli-r0,comparison,chain,16,backward,10,True,verdict,nibli,11,0,ok,228.78517899880535,5796,16
00518-comparison-chain-16-backward-s11-d10-m1-verdict-nibli-r1,comparison,chain,16,backward,10,True,verdict,nibli,11,1,ok,227.86923099920386,5796,16
00519-comparison-chain-16-backward-s11-d10-m1-verdict-souffle-r1,comparison,chain,16,backward,10,True,verdict,souffle,11,1,ok,4.726958999526687,5692,16
00520-comparison-chain-16-backward-s11-d10-m1-verdict-clingo-r1,comparison,chain,16,backward,10,True,verdict,clingo,11,1,ok,4.622923999704653,7884,16
00521-comparison-chain-16-backward-s11-d10-m1-verdict-nibli-r2,comparison,chain,16,backward,10,True,verdict,nibli,11,2,ok,239.61100700034876,5796,16
00522-comparison-chain-16-backward-s11-d10-m1-verdict-clingo-r2,comparison,chain,16,backward,10,True,verdict,clingo,11,2,ok,5.134065999300219,7884,16
00523-comparison-chain-16-backward-s11-d10-m1-verdict-souffle-r2,comparison,chain,16,backward,10,True,verdict,souffle,11,2,ok,4.365355001937132,5692,16
00527-comparison-chain-32-forward-s47-d10-m1-verdict-nibli-r0,comparison,chain,32,forward,10,True,verdict,nibli,47,0,timeout,30006.164536000142,41120,32
00528-comparison-chain-32-forward-s47-d10-m1-verdict-souffle-r0,comparison,chain,32,forward,10,True,verdict,souffle,47,0,ok,5.2966740004194435,5692,32
00529-comparison-chain-32-forward-s47-d10-m1-verdict-clingo-r0,comparison,chain,32,forward,10,True,verdict,clingo,47,0,ok,5.349107999791158,7884,32
00530-comparison-chain-32-forward-s47-d10-m1-verdict-clingo-r1,comparison,chain,32,forward,10,True,verdict,clingo,47,1,ok,4.850156001339201,7884,32
00531-comparison-chain-32-forward-s47-d10-m1-verdict-nibli-r1,comparison,chain,32,forward,10,True,verdict,nibli,47,1,timeout,30006.72877800025,41120,32
00532-comparison-chain-32-forward-s47-d10-m1-verdict-souffle-r1,comparison,chain,32,forward,10,True,verdict,souffle,47,1,ok,5.944492997514317,5692,32
00533-comparison-chain-32-forward-s47-d10-m1-verdict-souffle-r2,comparison,chain,32,forward,10,True,verdict,souffle,47,2,ok,4.614866000338225,5692,32
00534-comparison-chain-32-forward-s47-d10-m1-verdict-clingo-r2,comparison,chain,32,forward,10,True,verdict,clingo,47,2,ok,5.724533999455161,7884,32
00535-comparison-chain-32-forward-s47-d10-m1-verdict-nibli-r2,comparison,chain,32,forward,10,True,verdict,nibli,47,2,timeout,30006.50374000179,41120,32
00537-updates-policy-1000-both-s83-d10-m1-updates-nibli-r0,updates,policy,1000,both,10,True,updates,nibli,83,0,ok,23256.92626000091,50580,970
00538-updates-policy-1000-both-s83-d10-m1-updates-nibli-r1,updates,policy,1000,both,10,True,updates,nibli,83,1,ok,23103.71369999848,50624,970
00539-updates-policy-1000-both-s83-d10-m1-updates-nibli-r2,updates,policy,1000,both,10,True,updates,nibli,83,2,ok,22910.096109000733,50972,970
00543-comparison-chain-8-forward-s83-d10-m1-verdict-souffle-r0,comparison,chain,8,forward,10,True,verdict,souffle,83,0,ok,4.2760939977597445,5692,8
00544-comparison-chain-8-forward-s83-d10-m1-verdict-nibli-r0,comparison,chain,8,forward,10,True,verdict,nibli,83,0,ok,3504.2411419999553,6820,8
00545-comparison-chain-8-forward-s83-d10-m1-verdict-clingo-r0,comparison,chain,8,forward,10,True,verdict,clingo,83,0,ok,5.138567001267802,7884,8
00546-comparison-chain-8-forward-s83-d10-m1-verdict-clingo-r1,comparison,chain,8,forward,10,True,verdict,clingo,83,1,ok,4.211510000459384,7884,8
00547-comparison-chain-8-forward-s83-d10-m1-verdict-souffle-r1,comparison,chain,8,forward,10,True,verdict,souffle,83,1,ok,4.259362001903355,5692,8
00548-comparison-chain-8-forward-s83-d10-m1-verdict-nibli-r1,comparison,chain,8,forward,10,True,verdict,nibli,83,1,ok,3524.30583900059,6820,8
00549-comparison-chain-8-forward-s83-d10-m1-verdict-nibli-r2,comparison,chain,8,forward,10,True,verdict,nibli,83,2,ok,3485.306014001253,6820,8
00550-comparison-chain-8-forward-s83-d10-m1-verdict-clingo-r2,comparison,chain,8,forward,10,True,verdict,clingo,83,2,ok,5.073439999250695,7884,8
00551-comparison-chain-8-forward-s83-d10-m1-verdict-souffle-r2,comparison,chain,8,forward,10,True,verdict,souffle,83,2,ok,4.3338579998817295,5692,8
00555-comparison-chain-12-forward-s131-d10-m1-verdict-clingo-r0,comparison,chain,12,forward,10,True,verdict,clingo,131,0,ok,4.267959000571864,7756,12
00556-comparison-chain-12-forward-s131-d10-m1-verdict-souffle-r0,comparison,chain,12,forward,10,True,verdict,souffle,131,0,ok,4.289986998628592,5692,12
00557-comparison-chain-12-forward-s131-d10-m1-verdict-nibli-r0,comparison,chain,12,forward,10,True,verdict,nibli,131,0,timeout,30003.488483998808,10332,12
00558-comparison-chain-12-forward-s131-d10-m1-verdict-nibli-r1,comparison,chain,12,forward,10,True,verdict,nibli,131,1,timeout,30003.70375499915,10276,12
00559-comparison-chain-12-forward-s131-d10-m1-verdict-clingo-r1,comparison,chain,12,forward,10,True,verdict,clingo,131,1,ok,5.290681001497433,7756,12
00560-comparison-chain-12-forward-s131-d10-m1-verdict-souffle-r1,comparison,chain,12,forward,10,True,verdict,souffle,131,1,ok,4.305051999835996,5692,12
00561-comparison-chain-12-forward-s131-d10-m1-verdict-clingo-r2,comparison,chain,12,forward,10,True,verdict,clingo,131,2,ok,4.504648000875022,7756,12
00562-comparison-chain-12-forward-s131-d10-m1-verdict-nibli-r2,comparison,chain,12,forward,10,True,verdict,nibli,131,2,timeout,30003.76482900174,10332,12
00563-comparison-chain-12-forward-s131-d10-m1-verdict-souffle-r2,comparison,chain,12,forward,10,True,verdict,souffle,131,2,ok,5.360630999348359,5692,12
00565-bounds-chain-8-forward-s83-d20-m0-verdict-nibli-r0,bounds,chain,8,forward,20,False,verdict,nibli,83,0,ok,3577.328236999165,6820,8
00566-bounds-chain-8-forward-s83-d20-m0-verdict-nibli-r1,bounds,chain,8,forward,20,False,verdict,nibli,83,1,ok,3537.99230200093,6820,8
00567-bounds-chain-8-forward-s83-d20-m0-verdict-nibli-r2,bounds,chain,8,forward,20,False,verdict,nibli,83,2,ok,3553.3438569982536,6820,8
00569-bounds-chain-8-backward-s11-d20-m1-verdict-nibli-r0,bounds,chain,8,backward,20,True,verdict,nibli,11,0,ok,40.58534499927191,4900,8
00570-bounds-chain-8-backward-s11-d20-m1-verdict-nibli-r1,bounds,chain,8,backward,20,True,verdict,nibli,11,1,ok,47.72572099682293,4900,8
00571-bounds-chain-8-backward-s11-d20-m1-verdict-nibli-r2,bounds,chain,8,backward,20,True,verdict,nibli,11,2,ok,38.61058700204012,4900,8
00573-updates-policy-100-both-s131-d10-m1-updates-nibli-r0,updates,policy,100,both,10,True,updates,nibli,131,0,ok,1148.634426001081,12244,101
00574-updates-policy-100-both-s131-d10-m1-updates-nibli-r1,updates,policy,100,both,10,True,updates,nibli,131,1,ok,1181.1118980003812,12220,101
00575-updates-policy-100-both-s131-d10-m1-updates-nibli-r2,updates,policy,100,both,10,True,updates,nibli,131,2,ok,1181.5082019966212,12480,101
00577-bounds-policy-100-both-s131-d20-m0-verdict-nibli-r0,bounds,policy,100,both,20,False,verdict,nibli,131,0,ok,3716.3997140014544,121816,100
00578-bounds-policy-100-both-s131-d20-m0-verdict-nibli-r1,bounds,policy,100,both,20,False,verdict,nibli,131,1,ok,3588.768297002389,121896,100
00579-bounds-policy-100-both-s131-d20-m0-verdict-nibli-r2,bounds,policy,100,both,20,False,verdict,nibli,131,2,ok,3607.886124998913,122056,100
00581-evidence-policy-1000-both-s47-d10-m1-certificate-nibli-r0,evidence,policy,1000,both,10,True,certificate,nibli,47,0,ok,3981.1451349996787,28084,972
00582-evidence-policy-1000-both-s47-d10-m1-certificate-nibli-r1,evidence,policy,1000,both,10,True,certificate,nibli,47,1,ok,3972.867780001252,28060,972
00583-evidence-policy-1000-both-s47-d10-m1-certificate-nibli-r2,evidence,policy,1000,both,10,True,certificate,nibli,47,2,ok,3993.9805949979927,28012,972
00585-bounds-chain-8-forward-s11-d2-m1-verdict-nibli-r0,bounds,chain,8,forward,2,True,verdict,nibli,11,0,ok,643.5740819979401,6820,8
00586-bounds-chain-8-forward-s11-d2-m1-verdict-nibli-r1,bounds,chain,8,forward,2,True,verdict,nibli,11,1,ok,680.6327839985897,6820,8
00587-bounds-chain-8-forward-s11-d2-m1-verdict-nibli-r2,bounds,chain,8,forward,2,True,verdict,nibli,11,2,ok,635.3979519990389,6820,8
00589-bounds-chain-8-forward-s83-d10-m1-verdict-nibli-r0,bounds,chain,8,forward,10,True,verdict,nibli,83,0,ok,3566.851573999884,6820,8
00590-bounds-chain-8-forward-s83-d10-m1-verdict-nibli-r1,bounds,chain,8,forward,10,True,verdict,nibli,83,1,ok,3627.8222569999343,6820,8
00591-bounds-chain-8-forward-s83-d10-m1-verdict-nibli-r2,bounds,chain,8,forward,10,True,verdict,nibli,83,2,ok,3663.2255430013174,6820,8
00593-bounds-chain-8-backward-s47-d5-m1-verdict-nibli-r0,bounds,chain,8,backward,5,True,verdict,nibli,47,0,ok,35.38935100004892,4900,8
00594-bounds-chain-8-backward-s47-d5-m1-verdict-nibli-r1,bounds,chain,8,backward,5,True,verdict,nibli,47,1,ok,34.33385400057887,4900,8
00595-bounds-chain-8-backward-s47-d5-m1-verdict-nibli-r2,bounds,chain,8,backward,5,True,verdict,nibli,47,2,ok,32.31477200097288,4900,8
00597-bounds-policy-100-both-s131-d5-m0-verdict-nibli-r0,bounds,policy,100,both,5,False,verdict,nibli,131,0,ok,3795.271507999132,123068,100
00598-bounds-policy-100-both-s131-d5-m0-verdict-nibli-r1,bounds,policy,100,both,5,False,verdict,nibli,131,1,ok,3629.94808700023,123256,100
00599-bounds-policy-100-both-s131-d5-m0-verdict-nibli-r2,bounds,policy,100,both,5,False,verdict,nibli,131,2,ok,3949.2106279976724,123248,100
00601-bounds-chain-8-backward-s47-d20-m1-verdict-nibli-r0,bounds,chain,8,backward,20,True,verdict,nibli,47,0,ok,34.579265000502346,4900,8
00602-bounds-chain-8-backward-s47-d20-m1-verdict-nibli-r1,bounds,chain,8,backward,20,True,verdict,nibli,47,1,ok,32.49013300228398,4900,8
00603-bounds-chain-8-backward-s47-d20-m1-verdict-nibli-r2,bounds,chain,8,backward,20,True,verdict,nibli,47,2,ok,34.05004299929715,4900,8
00607-comparison-policy-1000-both-s47-d10-m1-verdict-souffle-r0,comparison,policy,1000,both,10,True,verdict,souffle,47,0,ok,5.682105998857878,5912,972
00608-comparison-policy-1000-both-s47-d10-m1-verdict-nibli-r0,comparison,policy,1000,both,10,True,verdict,nibli,47,0,ok,3835.114808000071,23132,972
00609-comparison-policy-1000-both-s47-d10-m1-verdict-clingo-r0,comparison,policy,1000,both,10,True,verdict,clingo,47,0,ok,9.343491001345683,8140,972
00610-comparison-policy-1000-both-s47-d10-m1-verdict-clingo-r1,comparison,policy,1000,both,10,True,verdict,clingo,47,1,ok,7.783589000609936,8140,972
00611-comparison-policy-1000-both-s47-d10-m1-verdict-souffle-r1,comparison,policy,1000,both,10,True,verdict,souffle,47,1,ok,4.7844399996392895,5912,972
00612-comparison-policy-1000-both-s47-d10-m1-verdict-nibli-r1,comparison,policy,1000,both,10,True,verdict,nibli,47,1,ok,3949.9244119979267,23160,972
00613-comparison-policy-1000-both-s47-d10-m1-verdict-nibli-r2,comparison,policy,1000,both,10,True,verdict,nibli,47,2,ok,4067.2179979992507,22996,972
00614-comparison-policy-1000-both-s47-d10-m1-verdict-clingo-r2,comparison,policy,1000,both,10,True,verdict,clingo,47,2,ok,8.209687999624293,8140,972
00615-comparison-policy-1000-both-s47-d10-m1-verdict-souffle-r2,comparison,policy,1000,both,10,True,verdict,souffle,47,2,ok,5.721571000322001,5912,972
00619-comparison-policy-100-both-s131-d10-m1-verdict-souffle-r0,comparison,policy,100,both,10,True,verdict,souffle,131,0,ok,4.249891997460509,5784,100
00620-comparison-policy-100-both-s131-d10-m1-verdict-nibli-r0,comparison,policy,100,both,10,True,verdict,nibli,131,0,ok,48.962782999296905,6692,100
00621-comparison-policy-100-both-s131-d10-m1-verdict-clingo-r0,comparison,policy,100,both,10,True,verdict,clingo,131,0,ok,5.256383999949321,7884,100
00622-comparison-policy-100-both-s131-d10-m1-verdict-clingo-r1,comparison,policy,100,both,10,True,verdict,clingo,131,1,ok,4.622246000508312,7884,100
00623-comparison-policy-100-both-s131-d10-m1-verdict-nibli-r1,comparison,policy,100,both,10,True,verdict,nibli,131,1,ok,48.76861199954874,6692,100
00624-comparison-policy-100-both-s131-d10-m1-verdict-souffle-r1,comparison,policy,100,both,10,True,verdict,souffle,131,1,ok,4.804069998499472,5784,100
00625-comparison-policy-100-both-s131-d10-m1-verdict-clingo-r2,comparison,policy,100,both,10,True,verdict,clingo,131,2,ok,5.074814998806687,7884,100
00626-comparison-policy-100-both-s131-d10-m1-verdict-souffle-r2,comparison,policy,100,both,10,True,verdict,souffle,131,2,ok,4.461843000171939,5784,100
00627-comparison-policy-100-both-s131-d10-m1-verdict-nibli-r2,comparison,policy,100,both,10,True,verdict,nibli,131,2,ok,48.419279999507125,6692,100
00629-bounds-chain-8-backward-s83-d20-m0-verdict-nibli-r0,bounds,chain,8,backward,20,False,verdict,nibli,83,0,ok,38.24150900254608,4900,8
00630-bounds-chain-8-backward-s83-d20-m0-verdict-nibli-r1,bounds,chain,8,backward,20,False,verdict,nibli,83,1,ok,36.96664499875624,4900,8
00631-bounds-chain-8-backward-s83-d20-m0-verdict-nibli-r2,bounds,chain,8,backward,20,False,verdict,nibli,83,2,ok,35.34973000205355,4900,8
00633-bounds-policy-100-both-s23-d20-m1-verdict-nibli-r0,bounds,policy,100,both,20,True,verdict,nibli,23,0,ok,47.97174499981338,6436,97
00634-bounds-policy-100-both-s23-d20-m1-verdict-nibli-r1,bounds,policy,100,both,20,True,verdict,nibli,23,1,ok,46.9541130005382,6436,97
00635-bounds-policy-100-both-s23-d20-m1-verdict-nibli-r2,bounds,policy,100,both,20,True,verdict,nibli,23,2,ok,49.59726400193176,6436,97
00637-bounds-policy-100-both-s83-d5-m0-verdict-nibli-r0,bounds,policy,100,both,5,False,verdict,nibli,83,0,ok,3575.409012999444,119360,98
00638-bounds-policy-100-both-s83-d5-m0-verdict-nibli-r1,bounds,policy,100,both,5,False,verdict,nibli,83,1,ok,3462.658510001347,120940,98
00639-bounds-policy-100-both-s83-d5-m0-verdict-nibli-r2,bounds,policy,100,both,5,False,verdict,nibli,83,2,ok,3596.314505000919,119152,98
00641-bounds-chain-8-forward-s23-d20-m0-verdict-nibli-r0,bounds,chain,8,forward,20,False,verdict,nibli,23,0,ok,6748.5592599987285,6820,8
00642-bounds-chain-8-forward-s23-d20-m0-verdict-nibli-r1,bounds,chain,8,forward,20,False,verdict,nibli,23,1,ok,6615.099717000703,6948,8
00643-bounds-chain-8-forward-s23-d20-m0-verdict-nibli-r2,bounds,chain,8,forward,20,False,verdict,nibli,23,2,ok,7044.889702003275,6948,8
00645-bounds-chain-8-forward-s23-d5-m1-verdict-nibli-r0,bounds,chain,8,forward,5,True,verdict,nibli,23,0,ok,6658.753867002815,6948,8
00646-bounds-chain-8-forward-s23-d5-m1-verdict-nibli-r1,bounds,chain,8,forward,5,True,verdict,nibli,23,1,ok,6732.362194001325,6948,8
00647-bounds-chain-8-forward-s23-d5-m1-verdict-nibli-r2,bounds,chain,8,forward,5,True,verdict,nibli,23,2,ok,6535.0799830011965,6948,8
00649-bounds-policy-100-both-s23-d2-m0-verdict-nibli-r0,bounds,policy,100,both,2,False,verdict,nibli,23,0,ok,3567.8449900005944,119936,97
00650-bounds-policy-100-both-s23-d2-m0-verdict-nibli-r1,bounds,policy,100,both,2,False,verdict,nibli,23,1,ok,3574.427386996831,117612,97
00651-bounds-policy-100-both-s23-d2-m0-verdict-nibli-r2,bounds,policy,100,both,2,False,verdict,nibli,23,2,ok,3411.3991599988367,120088,97
00653-bounds-chain-8-backward-s131-d10-m1-verdict-nibli-r0,bounds,chain,8,backward,10,True,verdict,nibli,131,0,ok,32.75058800136321,4900,8
00654-bounds-chain-8-backward-s131-d10-m1-verdict-nibli-r1,bounds,chain,8,backward,10,True,verdict,nibli,131,1,ok,35.51921100006439,4900,8
00655-bounds-chain-8-backward-s131-d10-m1-verdict-nibli-r2,bounds,chain,8,backward,10,True,verdict,nibli,131,2,ok,33.649429999059066,4900,8
00657-bounds-policy-100-both-s11-d2-m0-verdict-nibli-r0,bounds,policy,100,both,2,False,verdict,nibli,11,0,ok,3492.2041979989444,121116,99
00658-bounds-policy-100-both-s11-d2-m0-verdict-nibli-r1,bounds,policy,100,both,2,False,verdict,nibli,11,1,ok,3597.9377789990394,121256,99
00659-bounds-policy-100-both-s11-d2-m0-verdict-nibli-r2,bounds,policy,100,both,2,False,verdict,nibli,11,2,ok,3502.572635999968,120660,99
00663-comparison-chain-32-backward-s83-d10-m1-verdict-nibli-r0,comparison,chain,32,backward,10,True,verdict,nibli,83,0,ok,1659.15954799857,9320,32
00664-comparison-chain-32-backward-s83-d10-m1-verdict-souffle-r0,comparison,chain,32,backward,10,True,verdict,souffle,83,0,ok,5.251050999504514,5692,32
00665-comparison-chain-32-backward-s83-d10-m1-verdict-clingo-r0,comparison,chain,32,backward,10,True,verdict,clingo,83,0,ok,5.194337001739768,7884,32
00666-comparison-chain-32-backward-s83-d10-m1-verdict-souffle-r1,comparison,chain,32,backward,10,True,verdict,souffle,83,1,ok,4.529478999756975,5692,32
00667-comparison-chain-32-backward-s83-d10-m1-verdict-clingo-r1,comparison,chain,32,backward,10,True,verdict,clingo,83,1,ok,4.913938999379752,7884,32
00668-comparison-chain-32-backward-s83-d10-m1-verdict-nibli-r1,comparison,chain,32,backward,10,True,verdict,nibli,83,1,ok,1675.0096610012406,9324,32
00669-comparison-chain-32-backward-s83-d10-m1-verdict-souffle-r2,comparison,chain,32,backward,10,True,verdict,souffle,83,2,ok,5.116089996590745,5692,32
00670-comparison-chain-32-backward-s83-d10-m1-verdict-nibli-r2,comparison,chain,32,backward,10,True,verdict,nibli,83,2,ok,1748.4558690011909,9324,32
00671-comparison-chain-32-backward-s83-d10-m1-verdict-clingo-r2,comparison,chain,32,backward,10,True,verdict,clingo,83,2,ok,5.792149997432716,7884,32
00675-comparison-chain-16-backward-s23-d10-m1-verdict-nibli-r0,comparison,chain,16,backward,10,True,verdict,nibli,23,0,ok,196.18799599993508,5796,16
00676-comparison-chain-16-backward-s23-d10-m1-verdict-clingo-r0,comparison,chain,16,backward,10,True,verdict,clingo,23,0,ok,4.792146002728259,7884,16
00677-comparison-chain-16-backward-s23-d10-m1-verdict-souffle-r0,comparison,chain,16,backward,10,True,verdict,souffle,23,0,ok,4.670022000937024,5692,16
00678-comparison-chain-16-backward-s23-d10-m1-verdict-clingo-r1,comparison,chain,16,backward,10,True,verdict,clingo,23,1,ok,4.370974998892052,7884,16
00679-comparison-chain-16-backward-s23-d10-m1-verdict-nibli-r1,comparison,chain,16,backward,10,True,verdict,nibli,23,1,ok,191.17309899957036,5796,16
00680-comparison-chain-16-backward-s23-d10-m1-verdict-souffle-r1,comparison,chain,16,backward,10,True,verdict,souffle,23,1,ok,4.876357001194265,5692,16
00681-comparison-chain-16-backward-s23-d10-m1-verdict-clingo-r2,comparison,chain,16,backward,10,True,verdict,clingo,23,2,ok,4.406885000207694,7884,16
00682-comparison-chain-16-backward-s23-d10-m1-verdict-nibli-r2,comparison,chain,16,backward,10,True,verdict,nibli,23,2,ok,190.8235840019188,5796,16
00683-comparison-chain-16-backward-s23-d10-m1-verdict-souffle-r2,comparison,chain,16,backward,10,True,verdict,souffle,23,2,ok,5.258788998617092,5692,16
00685-bounds-policy-100-both-s131-d2-m0-verdict-nibli-r0,bounds,policy,100,both,2,False,verdict,nibli,131,0,ok,3599.514811998233,120568,100
00686-bounds-policy-100-both-s131-d2-m0-verdict-nibli-r1,bounds,policy,100,both,2,False,verdict,nibli,131,1,ok,3508.1697429995984,122912,100
00687-bounds-policy-100-both-s131-d2-m0-verdict-nibli-r2,bounds,policy,100,both,2,False,verdict,nibli,131,2,ok,3585.9054649990867,120472,100
00691-comparison-chain-32-backward-s11-d10-m1-verdict-souffle-r0,comparison,chain,32,backward,10,True,verdict,souffle,11,0,ok,5.178176001209067,5692,32
00692-comparison-chain-32-backward-s11-d10-m1-verdict-nibli-r0,comparison,chain,32,backward,10,True,verdict,nibli,11,0,ok,1661.8020170026284,9324,32
00693-comparison-chain-32-backward-s11-d10-m1-verdict-clingo-r0,comparison,chain,32,backward,10,True,verdict,clingo,11,0,ok,6.15534800090245,7884,32
00694-comparison-chain-32-backward-s11-d10-m1-verdict-nibli-r1,comparison,chain,32,backward,10,True,verdict,nibli,11,1,ok,1649.8196060019836,9324,32
00695-comparison-chain-32-backward-s11-d10-m1-verdict-clingo-r1,comparison,chain,32,backward,10,True,verdict,clingo,11,1,ok,5.918060000112746,7884,32
00696-comparison-chain-32-backward-s11-d10-m1-verdict-souffle-r1,comparison,chain,32,backward,10,True,verdict,souffle,11,1,ok,4.756521000672365,5692,32
00697-comparison-chain-32-backward-s11-d10-m1-verdict-souffle-r2,comparison,chain,32,backward,10,True,verdict,souffle,11,2,ok,4.586519000440603,5692,32
00698-comparison-chain-32-backward-s11-d10-m1-verdict-nibli-r2,comparison,chain,32,backward,10,True,verdict,nibli,11,2,ok,1665.922127001977,9324,32
00699-comparison-chain-32-backward-s11-d10-m1-verdict-clingo-r2,comparison,chain,32,backward,10,True,verdict,clingo,11,2,ok,5.935573000897421,7884,32
00701-bounds-policy-100-both-s47-d5-m1-verdict-nibli-r0,bounds,policy,100,both,5,True,verdict,nibli,47,0,ok,43.41341899998952,6436,93
00702-bounds-policy-100-both-s47-d5-m1-verdict-nibli-r1,bounds,policy,100,both,5,True,verdict,nibli,47,1,ok,42.29514899998321,6436,93
00703-bounds-policy-100-both-s47-d5-m1-verdict-nibli-r2,bounds,policy,100,both,5,True,verdict,nibli,47,2,ok,41.8816710007377,6436,93
00707-comparison-chain-8-backward-s83-d10-m1-verdict-clingo-r0,comparison,chain,8,backward,10,True,verdict,clingo,83,0,ok,4.498374000831973,7756,8
00708-comparison-chain-8-backward-s83-d10-m1-verdict-nibli-r0,comparison,chain,8,backward,10,True,verdict,nibli,83,0,ok,35.71904400087078,4900,8
00709-comparison-chain-8-backward-s83-d10-m1-verdict-souffle-r0,comparison,chain,8,backward,10,True,verdict,souffle,83,0,ok,4.3740080000134185,5692,8
00710-comparison-chain-8-backward-s83-d10-m1-verdict-nibli-r1,comparison,chain,8,backward,10,True,verdict,nibli,83,1,ok,36.3704349983891,4900,8
00711-comparison-chain-8-backward-s83-d10-m1-verdict-souffle-r1,comparison,chain,8,backward,10,True,verdict,souffle,83,1,ok,4.165162001299905,5692,8
00712-comparison-chain-8-backward-s83-d10-m1-verdict-clingo-r1,comparison,chain,8,backward,10,True,verdict,clingo,83,1,ok,4.341638003097614,7884,8
00713-comparison-chain-8-backward-s83-d10-m1-verdict-clingo-r2,comparison,chain,8,backward,10,True,verdict,clingo,83,2,ok,4.323693996411748,7756,8
00714-comparison-chain-8-backward-s83-d10-m1-verdict-nibli-r2,comparison,chain,8,backward,10,True,verdict,nibli,83,2,ok,39.214329997776076,4900,8
00715-comparison-chain-8-backward-s83-d10-m1-verdict-souffle-r2,comparison,chain,8,backward,10,True,verdict,souffle,83,2,ok,4.318759001762373,5692,8
00719-comparison-chain-12-backward-s83-d10-m1-verdict-souffle-r0,comparison,chain,12,backward,10,True,verdict,souffle,83,0,ok,4.221961000439478,5692,12
00720-comparison-chain-12-backward-s83-d10-m1-verdict-clingo-r0,comparison,chain,12,backward,10,True,verdict,clingo,83,0,ok,4.65078200068092,7756,12
00721-comparison-chain-12-backward-s83-d10-m1-verdict-nibli-r0,comparison,chain,12,backward,10,True,verdict,nibli,83,0,ok,100.33030399790732,5284,12
00722-comparison-chain-12-backward-s83-d10-m1-verdict-clingo-r1,comparison,chain,12,backward,10,True,verdict,clingo,83,1,ok,5.507428999408148,7884,12
00723-comparison-chain-12-backward-s83-d10-m1-verdict-souffle-r1,comparison,chain,12,backward,10,True,verdict,souffle,83,1,ok,4.069943999638781,5692,12
00724-comparison-chain-12-backward-s83-d10-m1-verdict-nibli-r1,comparison,chain,12,backward,10,True,verdict,nibli,83,1,ok,99.13690000030329,5284,12
00725-comparison-chain-12-backward-s83-d10-m1-verdict-nibli-r2,comparison,chain,12,backward,10,True,verdict,nibli,83,2,ok,102.21781300060684,5284,12
00726-comparison-chain-12-backward-s83-d10-m1-verdict-souffle-r2,comparison,chain,12,backward,10,True,verdict,souffle,83,2,ok,4.326147998654051,5692,12
00727-comparison-chain-12-backward-s83-d10-m1-verdict-clingo-r2,comparison,chain,12,backward,10,True,verdict,clingo,83,2,ok,4.455934998986777,7756,12
00729-bounds-chain-8-forward-s83-d2-m1-verdict-nibli-r0,bounds,chain,8,forward,2,True,verdict,nibli,83,0,ok,631.4926119994198,6820,8
00730-bounds-chain-8-forward-s83-d2-m1-verdict-nibli-r1,bounds,chain,8,forward,2,True,verdict,nibli,83,1,ok,644.6809349981777,6820,8
00731-bounds-chain-8-forward-s83-d2-m1-verdict-nibli-r2,bounds,chain,8,forward,2,True,verdict,nibli,83,2,ok,624.005039997428,6820,8
00735-comparison-policy-100-both-s23-d10-m1-verdict-souffle-r0,comparison,policy,100,both,10,True,verdict,souffle,23,0,ok,4.301996999856783,5784,97
00736-comparison-policy-100-both-s23-d10-m1-verdict-clingo-r0,comparison,policy,100,both,10,True,verdict,clingo,23,0,ok,4.867701998591656,7884,97
00737-comparison-policy-100-both-s23-d10-m1-verdict-nibli-r0,comparison,policy,100,both,10,True,verdict,nibli,23,0,ok,45.85083299753023,6436,97
00738-comparison-policy-100-both-s23-d10-m1-verdict-nibli-r1,comparison,policy,100,both,10,True,verdict,nibli,23,1,ok,44.908011997904396,6436,97
00739-comparison-policy-100-both-s23-d10-m1-verdict-souffle-r1,comparison,policy,100,both,10,True,verdict,souffle,23,1,ok,4.464327001187485,5784,97
00740-comparison-policy-100-both-s23-d10-m1-verdict-clingo-r1,comparison,policy,100,both,10,True,verdict,clingo,23,1,ok,4.633268999896245,7884,97
00741-comparison-policy-100-both-s23-d10-m1-verdict-souffle-r2,comparison,policy,100,both,10,True,verdict,souffle,23,2,ok,4.179608000413282,5784,97
00742-comparison-policy-100-both-s23-d10-m1-verdict-clingo-r2,comparison,policy,100,both,10,True,verdict,clingo,23,2,ok,4.589104999467963,7884,97
00743-comparison-policy-100-both-s23-d10-m1-verdict-nibli-r2,comparison,policy,100,both,10,True,verdict,nibli,23,2,ok,47.14067999884719,6436,97
00745-bounds-chain-8-forward-s83-d2-m0-verdict-nibli-r0,bounds,chain,8,forward,2,False,verdict,nibli,83,0,ok,638.1841920010629,6820,8
00746-bounds-chain-8-forward-s83-d2-m0-verdict-nibli-r1,bounds,chain,8,forward,2,False,verdict,nibli,83,1,ok,633.991752001748,6820,8
00747-bounds-chain-8-forward-s83-d2-m0-verdict-nibli-r2,bounds,chain,8,forward,2,False,verdict,nibli,83,2,ok,626.3134699984221,6820,8
00749-evidence-policy-1000-both-s23-d10-m1-verdict-nibli-r0,evidence,policy,1000,both,10,True,verdict,nibli,23,0,ok,3851.4957789993787,23220,982
00750-evidence-policy-1000-both-s23-d10-m1-verdict-nibli-r1,evidence,policy,1000,both,10,True,verdict,nibli,23,1,ok,3806.427415001963,23272,982
00751-evidence-policy-1000-both-s23-d10-m1-verdict-nibli-r2,evidence,policy,1000,both,10,True,verdict,nibli,23,2,ok,3943.4757069975603,23292,982
00753-bounds-chain-8-backward-s23-d5-m1-verdict-nibli-r0,bounds,chain,8,backward,5,True,verdict,nibli,23,0,ok,35.74269900127547,4900,8
00754-bounds-chain-8-backward-s23-d5-m1-verdict-nibli-r1,bounds,chain,8,backward,5,True,verdict,nibli,23,1,ok,35.393489997659344,4900,8
00755-bounds-chain-8-backward-s23-d5-m1-verdict-nibli-r2,bounds,chain,8,backward,5,True,verdict,nibli,23,2,ok,34.56286700020428,4900,8
00757-bounds-chain-8-forward-s11-d2-m0-verdict-nibli-r0,bounds,chain,8,forward,2,False,verdict,nibli,11,0,ok,619.384859001002,6820,8
00758-bounds-chain-8-forward-s11-d2-m0-verdict-nibli-r1,bounds,chain,8,forward,2,False,verdict,nibli,11,1,ok,626.0134889998881,6820,8
00759-bounds-chain-8-forward-s11-d2-m0-verdict-nibli-r2,bounds,chain,8,forward,2,False,verdict,nibli,11,2,ok,625.6304980015557,6820,8
00761-updates-policy-100-both-s11-d10-m1-updates-nibli-r0,updates,policy,100,both,10,True,updates,nibli,11,0,ok,1083.1885850020626,13104,100
00762-updates-policy-100-both-s11-d10-m1-updates-nibli-r1,updates,policy,100,both,10,True,updates,nibli,11,1,ok,1109.9823160002416,12348,100
00763-updates-policy-100-both-s11-d10-m1-updates-nibli-r2,updates,policy,100,both,10,True,updates,nibli,11,2,ok,1108.9849999989383,12576,100
00765-bounds-chain-8-forward-s47-d10-m0-verdict-nibli-r0,bounds,chain,8,forward,10,False,verdict,nibli,47,0,ok,2717.6500700006727,6948,8
00766-bounds-chain-8-forward-s47-d10-m0-verdict-nibli-r1,bounds,chain,8,forward,10,False,verdict,nibli,47,1,ok,2693.059044002439,6948,8
00767-bounds-chain-8-forward-s47-d10-m0-verdict-nibli-r2,bounds,chain,8,forward,10,False,verdict,nibli,47,2,ok,2677.62174499876,6948,8
00769-bounds-policy-100-both-s83-d2-m1-verdict-nibli-r0,bounds,policy,100,both,2,True,verdict,nibli,83,0,ok,43.92931199981831,6436,98
00770-bounds-policy-100-both-s83-d2-m1-verdict-nibli-r1,bounds,policy,100,both,2,True,verdict,nibli,83,1,ok,44.021491001331015,6436,98
00771-bounds-policy-100-both-s83-d2-m1-verdict-nibli-r2,bounds,policy,100,both,2,True,verdict,nibli,83,2,ok,44.67122799906065,6436,98
00773-bounds-policy-100-both-s83-d10-m0-verdict-nibli-r0,bounds,policy,100,both,10,False,verdict,nibli,83,0,ok,3450.955601001624,121048,98
00774-bounds-policy-100-both-s83-d10-m0-verdict-nibli-r1,bounds,policy,100,both,10,False,verdict,nibli,83,1,ok,3436.4757209987147,121344,98
00775-bounds-policy-100-both-s83-d10-m0-verdict-nibli-r2,bounds,policy,100,both,10,False,verdict,nibli,83,2,ok,3417.071002000739,121468,98
00777-bounds-chain-8-forward-s23-d2-m0-verdict-nibli-r0,bounds,chain,8,forward,2,False,verdict,nibli,23,0,ok,676.6938159998972,6308,8
00778-bounds-chain-8-forward-s23-d2-m0-verdict-nibli-r1,bounds,chain,8,forward,2,False,verdict,nibli,23,1,ok,667.515948000073,6308,8
00779-bounds-chain-8-forward-s23-d2-m0-verdict-nibli-r2,bounds,chain,8,forward,2,False,verdict,nibli,23,2,ok,677.0945509997546,6308,8
00781-bounds-chain-8-backward-s11-d10-m1-verdict-nibli-r0,bounds,chain,8,backward,10,True,verdict,nibli,11,0,ok,34.84231000038562,4900,8
00782-bounds-chain-8-backward-s11-d10-m1-verdict-nibli-r1,bounds,chain,8,backward,10,True,verdict,nibli,11,1,ok,33.238424999581184,4900,8
00783-bounds-chain-8-backward-s11-d10-m1-verdict-nibli-r2,bounds,chain,8,backward,10,True,verdict,nibli,11,2,ok,32.726489000197034,4900,8
00785-bounds-policy-100-both-s11-d20-m1-verdict-nibli-r0,bounds,policy,100,both,20,True,verdict,nibli,11,0,ok,46.62866599755944,6564,99
00786-bounds-policy-100-both-s11-d20-m1-verdict-nibli-r1,bounds,policy,100,both,20,True,verdict,nibli,11,1,ok,46.88010200334247,6564,99
00787-bounds-policy-100-both-s11-d20-m1-verdict-nibli-r2,bounds,policy,100,both,20,True,verdict,nibli,11,2,ok,47.55729099997552,6564,99
00789-evidence-policy-100-both-s83-d10-m1-certificate-nibli-r0,evidence,policy,100,both,10,True,certificate,nibli,83,0,ok,48.74072900202009,7204,98
00790-evidence-policy-100-both-s83-d10-m1-certificate-nibli-r1,evidence,policy,100,both,10,True,certificate,nibli,83,1,ok,49.55850599799305,7204,98
00791-evidence-policy-100-both-s83-d10-m1-certificate-nibli-r2,evidence,policy,100,both,10,True,certificate,nibli,83,2,ok,49.73960099960095,7076,98
00795-comparison-chain-16-backward-s47-d10-m1-verdict-nibli-r0,comparison,chain,16,backward,10,True,verdict,nibli,47,0,ok,203.15362499968614,5796,16
00796-comparison-chain-16-backward-s47-d10-m1-verdict-souffle-r0,comparison,chain,16,backward,10,True,verdict,souffle,47,0,ok,4.680353002186166,5692,16
00797-comparison-chain-16-backward-s47-d10-m1-verdict-clingo-r0,comparison,chain,16,backward,10,True,verdict,clingo,47,0,ok,4.66666099964641,7884,16
00798-comparison-chain-16-backward-s47-d10-m1-verdict-nibli-r1,comparison,chain,16,backward,10,True,verdict,nibli,47,1,ok,200.9486819988524,5796,16
00799-comparison-chain-16-backward-s47-d10-m1-verdict-clingo-r1,comparison,chain,16,backward,10,True,verdict,clingo,47,1,ok,4.438765998202143,7884,16
00800-comparison-chain-16-backward-s47-d10-m1-verdict-souffle-r1,comparison,chain,16,backward,10,True,verdict,souffle,47,1,ok,4.151738998189103,5692,16
00801-comparison-chain-16-backward-s47-d10-m1-verdict-nibli-r2,comparison,chain,16,backward,10,True,verdict,nibli,47,2,ok,207.34757600075682,5796,16
00802-comparison-chain-16-backward-s47-d10-m1-verdict-clingo-r2,comparison,chain,16,backward,10,True,verdict,clingo,47,2,ok,4.539076999208191,7884,16
00803-comparison-chain-16-backward-s47-d10-m1-verdict-souffle-r2,comparison,chain,16,backward,10,True,verdict,souffle,47,2,ok,4.223464999085991,5692,16
00805-evidence-policy-100-both-s131-d10-m1-certificate-nibli-r0,evidence,policy,100,both,10,True,certificate,nibli,131,0,ok,55.421641998691484,7204,100
00806-evidence-policy-100-both-s131-d10-m1-certificate-nibli-r1,evidence,policy,100,both,10,True,certificate,nibli,131,1,ok,53.13445199863054,7204,100
00807-evidence-policy-100-both-s131-d10-m1-certificate-nibli-r2,evidence,policy,100,both,10,True,certificate,nibli,131,2,ok,51.55742100032512,7204,100
00809-updates-policy-100-both-s47-d10-m1-updates-nibli-r0,updates,policy,100,both,10,True,updates,nibli,47,0,ok,1028.5500470017723,12128,94
00810-updates-policy-100-both-s47-d10-m1-updates-nibli-r1,updates,policy,100,both,10,True,updates,nibli,47,1,ok,1036.6240269977425,13092,94
00811-updates-policy-100-both-s47-d10-m1-updates-nibli-r2,updates,policy,100,both,10,True,updates,nibli,47,2,ok,1026.0096609999891,12576,94
00813-bounds-chain-8-backward-s83-d2-m0-verdict-nibli-r0,bounds,chain,8,backward,2,False,verdict,nibli,83,0,ok,34.56562199789914,4900,8
00814-bounds-chain-8-backward-s83-d2-m0-verdict-nibli-r1,bounds,chain,8,backward,2,False,verdict,nibli,83,1,ok,33.94582100008847,4900,8
00815-bounds-chain-8-backward-s83-d2-m0-verdict-nibli-r2,bounds,chain,8,backward,2,False,verdict,nibli,83,2,ok,34.25529200103483,4900,8
00819-comparison-chain-4-forward-s131-d10-m1-verdict-nibli-r0,comparison,chain,4,forward,10,True,verdict,nibli,131,0,ok,77.63053799862973,4900,4
00820-comparison-chain-4-forward-s131-d10-m1-verdict-souffle-r0,comparison,chain,4,forward,10,True,verdict,souffle,131,0,ok,4.249023000738816,5692,4
00821-comparison-chain-4-forward-s131-d10-m1-verdict-clingo-r0,comparison,chain,4,forward,10,True,verdict,clingo,131,0,ok,4.588828996929806,7884,4
00822-comparison-chain-4-forward-s131-d10-m1-verdict-clingo-r1,comparison,chain,4,forward,10,True,verdict,clingo,131,1,ok,4.1189570001733955,7756,4
00823-comparison-chain-4-forward-s131-d10-m1-verdict-souffle-r1,comparison,chain,4,forward,10,True,verdict,souffle,131,1,ok,4.156549999606796,5692,4
00824-comparison-chain-4-forward-s131-d10-m1-verdict-nibli-r1,comparison,chain,4,forward,10,True,verdict,nibli,131,1,ok,76.59755900021992,4900,4
00825-comparison-chain-4-forward-s131-d10-m1-verdict-clingo-r2,comparison,chain,4,forward,10,True,verdict,clingo,131,2,ok,4.257706001226325,7756,4
00826-comparison-chain-4-forward-s131-d10-m1-verdict-souffle-r2,comparison,chain,4,forward,10,True,verdict,souffle,131,2,ok,4.034097997646313,5692,4
00827-comparison-chain-4-forward-s131-d10-m1-verdict-nibli-r2,comparison,chain,4,forward,10,True,verdict,nibli,131,2,ok,80.84775200040895,4900,4
00829-bounds-chain-8-forward-s23-d20-m1-verdict-nibli-r0,bounds,chain,8,forward,20,True,verdict,nibli,23,0,ok,6651.234413999191,6948,8
00830-bounds-chain-8-forward-s23-d20-m1-verdict-nibli-r1,bounds,chain,8,forward,20,True,verdict,nibli,23,1,ok,6713.491865997639,6948,8
00831-bounds-chain-8-forward-s23-d20-m1-verdict-nibli-r2,bounds,chain,8,forward,20,True,verdict,nibli,23,2,ok,6670.759381999233,6820,8
00833-bounds-policy-100-both-s47-d2-m1-verdict-nibli-r0,bounds,policy,100,both,2,True,verdict,nibli,47,0,ok,46.54743300125119,6436,93
00834-bounds-policy-100-both-s47-d2-m1-verdict-nibli-r1,bounds,policy,100,both,2,True,verdict,nibli,47,1,ok,41.59510899989982,6436,93
00835-bounds-policy-100-both-s47-d2-m1-verdict-nibli-r2,bounds,policy,100,both,2,True,verdict,nibli,47,2,ok,42.51413599922671,6436,93
00837-bounds-chain-8-forward-s47-d5-m0-verdict-nibli-r0,bounds,chain,8,forward,5,False,verdict,nibli,47,0,ok,2880.51356899814,6948,8
00838-bounds-chain-8-forward-s47-d5-m0-verdict-nibli-r1,bounds,chain,8,forward,5,False,verdict,nibli,47,1,ok,2667.8294029989047,6948,8
00839-bounds-chain-8-forward-s47-d5-m0-verdict-nibli-r2,bounds,chain,8,forward,5,False,verdict,nibli,47,2,ok,2818.7488189978467,6948,8
00841-bounds-policy-100-both-s23-d5-m0-verdict-nibli-r0,bounds,policy,100,both,5,False,verdict,nibli,23,0,ok,3457.7893649984617,119684,97
00842-bounds-policy-100-both-s23-d5-m0-verdict-nibli-r1,bounds,policy,100,both,5,False,verdict,nibli,23,1,ok,3396.724603000621,121356,97
00843-bounds-policy-100-both-s23-d5-m0-verdict-nibli-r2,bounds,policy,100,both,5,False,verdict,nibli,23,2,ok,3449.043698001333,118336,97
00847-comparison-policy-10000-both-s131-d10-m1-verdict-nibli-r0,comparison,policy,10000,both,10,True,verdict,nibli,131,0,timeout,30007.99938000273,56536,10030
00848-comparison-policy-10000-both-s131-d10-m1-verdict-clingo-r0,comparison,policy,10000,both,10,True,verdict,clingo,131,0,ok,31.420417999470374,10404,10030
00849-comparison-policy-10000-both-s131-d10-m1-verdict-souffle-r0,comparison,policy,10000,both,10,True,verdict,souffle,131,0,ok,7.937032998597715,6680,10030
00850-comparison-policy-10000-both-s131-d10-m1-verdict-nibli-r1,comparison,policy,10000,both,10,True,verdict,nibli,131,1,timeout,30008.246953002526,57472,10030
00851-comparison-policy-10000-both-s131-d10-m1-verdict-souffle-r1,comparison,policy,10000,both,10,True,verdict,souffle,131,1,ok,9.819680999498814,6552,10030
00852-comparison-policy-10000-both-s131-d10-m1-verdict-clingo-r1,comparison,policy,10000,both,10,True,verdict,clingo,131,1,ok,40.68811999968602,10348,10030
00853-comparison-policy-10000-both-s131-d10-m1-verdict-souffle-r2,comparison,policy,10000,both,10,True,verdict,souffle,131,2,ok,10.839365997526329,6552,10030
00854-comparison-policy-10000-both-s131-d10-m1-verdict-clingo-r2,comparison,policy,10000,both,10,True,verdict,clingo,131,2,ok,31.7172440009017,10404,10030
00855-comparison-policy-10000-both-s131-d10-m1-verdict-nibli-r2,comparison,policy,10000,both,10,True,verdict,nibli,131,2,timeout,30007.92524099961,56116,10030
00859-comparison-policy-10000-both-s47-d10-m1-verdict-clingo-r0,comparison,policy,10000,both,10,True,verdict,clingo,47,0,ok,30.126439000014216,10420,9942
00860-comparison-policy-10000-both-s47-d10-m1-verdict-nibli-r0,comparison,policy,10000,both,10,True,verdict,nibli,47,0,timeout,30008.723502000066,56564,9942
00861-comparison-policy-10000-both-s47-d10-m1-verdict-souffle-r0,comparison,policy,10000,both,10,True,verdict,souffle,47,0,ok,8.364055000129156,6680,9942
00862-comparison-policy-10000-both-s47-d10-m1-verdict-souffle-r1,comparison,policy,10000,both,10,True,verdict,souffle,47,1,ok,7.612608002091292,6680,9942
00863-comparison-policy-10000-both-s47-d10-m1-verdict-nibli-r1,comparison,policy,10000,both,10,True,verdict,nibli,47,1,timeout,30008.154086001014,56276,9942
00864-comparison-policy-10000-both-s47-d10-m1-verdict-clingo-r1,comparison,policy,10000,both,10,True,verdict,clingo,47,1,ok,30.079732998274267,10420,9942
00865-comparison-policy-10000-both-s47-d10-m1-verdict-clingo-r2,comparison,policy,10000,both,10,True,verdict,clingo,47,2,ok,28.616747000342002,10420,9942
00866-comparison-policy-10000-both-s47-d10-m1-verdict-nibli-r2,comparison,policy,10000,both,10,True,verdict,nibli,47,2,timeout,30008.013154001674,56320,9942
00867-comparison-policy-10000-both-s47-d10-m1-verdict-souffle-r2,comparison,policy,10000,both,10,True,verdict,souffle,47,2,ok,8.278146997326985,6680,9942
00869-bounds-policy-100-both-s83-d5-m1-verdict-nibli-r0,bounds,policy,100,both,5,True,verdict,nibli,83,0,ok,43.53860600167536,6436,98
00870-bounds-policy-100-both-s83-d5-m1-verdict-nibli-r1,bounds,policy,100,both,5,True,verdict,nibli,83,1,ok,45.339971999055706,6436,98
00871-bounds-policy-100-both-s83-d5-m1-verdict-nibli-r2,bounds,policy,100,both,5,True,verdict,nibli,83,2,ok,45.54813499999,6436,98
00873-evidence-policy-100-both-s11-d10-m1-verdict-nibli-r0,evidence,policy,100,both,10,True,verdict,nibli,11,0,ok,46.05173199888668,6564,99
00874-evidence-policy-100-both-s11-d10-m1-verdict-nibli-r1,evidence,policy,100,both,10,True,verdict,nibli,11,1,ok,45.751591002044734,6564,99
00875-evidence-policy-100-both-s11-d10-m1-verdict-nibli-r2,evidence,policy,100,both,10,True,verdict,nibli,11,2,ok,48.071729001094354,6564,99
00879-comparison-chain-4-backward-s47-d10-m1-verdict-souffle-r0,comparison,chain,4,backward,10,True,verdict,souffle,47,0,ok,5.093201998533914,5692,4
00880-comparison-chain-4-backward-s47-d10-m1-verdict-clingo-r0,comparison,chain,4,backward,10,True,verdict,clingo,47,0,ok,4.117705000680871,7884,4
00881-comparison-chain-4-backward-s47-d10-m1-verdict-nibli-r0,comparison,chain,4,backward,10,True,verdict,nibli,47,0,ok,8.063638997555245,4644,4
00882-comparison-chain-4-backward-s47-d10-m1-verdict-souffle-r1,comparison,chain,4,backward,10,True,verdict,souffle,47,1,ok,4.173239001829643,5692,4
00883-comparison-chain-4-backward-s47-d10-m1-verdict-clingo-r1,comparison,chain,4,backward,10,True,verdict,clingo,47,1,ok,4.185911999229575,7884,4
00884-comparison-chain-4-backward-s47-d10-m1-verdict-nibli-r1,comparison,chain,4,backward,10,True,verdict,nibli,47,1,ok,7.9553470022801775,4644,4
00885-comparison-chain-4-backward-s47-d10-m1-verdict-clingo-r2,comparison,chain,4,backward,10,True,verdict,clingo,47,2,ok,4.20351600041613,7756,4
00886-comparison-chain-4-backward-s47-d10-m1-verdict-nibli-r2,comparison,chain,4,backward,10,True,verdict,nibli,47,2,ok,8.058759001869475,4644,4
00887-comparison-chain-4-backward-s47-d10-m1-verdict-souffle-r2,comparison,chain,4,backward,10,True,verdict,souffle,47,2,ok,4.126095001993235,5692,4
00889-bounds-chain-8-backward-s83-d2-m1-verdict-nibli-r0,bounds,chain,8,backward,2,True,verdict,nibli,83,0,ok,35.0458749999234,4900,8
00890-bounds-chain-8-backward-s83-d2-m1-verdict-nibli-r1,bounds,chain,8,backward,2,True,verdict,nibli,83,1,ok,34.748615998978494,4900,8
00891-bounds-chain-8-backward-s83-d2-m1-verdict-nibli-r2,bounds,chain,8,backward,2,True,verdict,nibli,83,2,ok,35.19292400233098,4900,8
00893-evidence-policy-1000-both-s11-d10-m1-verdict-nibli-r0,evidence,policy,1000,both,10,True,verdict,nibli,11,0,ok,3851.6348140001355,23252,980
00894-evidence-policy-1000-both-s11-d10-m1-verdict-nibli-r1,evidence,policy,1000,both,10,True,verdict,nibli,11,1,ok,3962.617141998635,23284,980
00895-evidence-policy-1000-both-s11-d10-m1-verdict-nibli-r2,evidence,policy,1000,both,10,True,verdict,nibli,11,2,ok,3878.4847800015996,23172,980
00897-bounds-policy-100-both-s23-d5-m1-verdict-nibli-r0,bounds,policy,100,both,5,True,verdict,nibli,23,0,ok,45.05414799859864,6436,97
00898-bounds-policy-100-both-s23-d5-m1-verdict-nibli-r1,bounds,policy,100,both,5,True,verdict,nibli,23,1,ok,46.15697400004137,6436,97
00899-bounds-policy-100-both-s23-d5-m1-verdict-nibli-r2,bounds,policy,100,both,5,True,verdict,nibli,23,2,ok,47.569730999384774,6436,97
00903-comparison-policy-10000-both-s83-d10-m1-verdict-nibli-r0,comparison,policy,10000,both,10,True,verdict,nibli,83,0,timeout,30008.614374997705,57080,9899
00904-comparison-policy-10000-both-s83-d10-m1-verdict-clingo-r0,comparison,policy,10000,both,10,True,verdict,clingo,83,0,ok,30.27464800106827,10404,9899
00905-comparison-policy-10000-both-s83-d10-m1-verdict-souffle-r0,comparison,policy,10000,both,10,True,verdict,souffle,83,0,ok,7.730134999292204,6680,9899
00906-comparison-policy-10000-both-s83-d10-m1-verdict-clingo-r1,comparison,policy,10000,both,10,True,verdict,clingo,83,1,ok,30.954673999076476,10404,9899
00907-comparison-policy-10000-both-s83-d10-m1-verdict-souffle-r1,comparison,policy,10000,both,10,True,verdict,souffle,83,1,ok,7.699703000980662,6680,9899
00908-comparison-policy-10000-both-s83-d10-m1-verdict-nibli-r1,comparison,policy,10000,both,10,True,verdict,nibli,83,1,timeout,30007.432067999616,57112,9899
00909-comparison-policy-10000-both-s83-d10-m1-verdict-souffle-r2,comparison,policy,10000,both,10,True,verdict,souffle,83,2,ok,8.530282000720035,6680,9899
00910-comparison-policy-10000-both-s83-d10-m1-verdict-clingo-r2,comparison,policy,10000,both,10,True,verdict,clingo,83,2,ok,29.660421998414677,10404,9899
00911-comparison-policy-10000-both-s83-d10-m1-verdict-nibli-r2,comparison,policy,10000,both,10,True,verdict,nibli,83,2,timeout,30007.518024998717,57128,9899
00913-bounds-chain-8-backward-s131-d5-m0-verdict-nibli-r0,bounds,chain,8,backward,5,False,verdict,nibli,131,0,ok,33.11073000077158,4900,8
00914-bounds-chain-8-backward-s131-d5-m0-verdict-nibli-r1,bounds,chain,8,backward,5,False,verdict,nibli,131,1,ok,33.06505200089305,4900,8
00915-bounds-chain-8-backward-s131-d5-m0-verdict-nibli-r2,bounds,chain,8,backward,5,False,verdict,nibli,131,2,ok,32.927193999057636,4900,8
00917-bounds-policy-100-both-s23-d10-m0-verdict-nibli-r0,bounds,policy,100,both,10,False,verdict,nibli,23,0,ok,3403.017345997796,119776,97
00918-bounds-policy-100-both-s23-d10-m0-verdict-nibli-r1,bounds,policy,100,both,10,False,verdict,nibli,23,1,ok,3361.8751789981616,119676,97
00919-bounds-policy-100-both-s23-d10-m0-verdict-nibli-r2,bounds,policy,100,both,10,False,verdict,nibli,23,2,ok,3425.323733001278,119940,97
00921-bounds-chain-8-backward-s131-d20-m1-verdict-nibli-r0,bounds,chain,8,backward,20,True,verdict,nibli,131,0,ok,33.40200999809895,4900,8
00922-bounds-chain-8-backward-s131-d20-m1-verdict-nibli-r1,bounds,chain,8,backward,20,True,verdict,nibli,131,1,ok,32.76871900015976,4900,8
00923-bounds-chain-8-backward-s131-d20-m1-verdict-nibli-r2,bounds,chain,8,backward,20,True,verdict,nibli,131,2,ok,32.78803799912566,4900,8
00925-bounds-chain-8-forward-s23-d10-m0-verdict-nibli-r0,bounds,chain,8,forward,10,False,verdict,nibli,23,0,ok,6664.350823997665,6948,8
00926-bounds-chain-8-forward-s23-d10-m0-verdict-nibli-r1,bounds,chain,8,forward,10,False,verdict,nibli,23,1,ok,6621.563900000183,6948,8
00927-bounds-chain-8-forward-s23-d10-m0-verdict-nibli-r2,bounds,chain,8,forward,10,False,verdict,nibli,23,2,ok,6651.801206000528,6948,8
00931-comparison-chain-4-forward-s11-d10-m1-verdict-clingo-r0,comparison,chain,4,forward,10,True,verdict,clingo,11,0,ok,4.268856002454413,7756,4
00932-comparison-chain-4-forward-s11-d10-m1-verdict-souffle-r0,comparison,chain,4,forward,10,True,verdict,souffle,11,0,ok,4.1408790020796005,5692,4
00933-comparison-chain-4-forward-s11-d10-m1-verdict-nibli-r0,comparison,chain,4,forward,10,True,verdict,nibli,11,0,ok,78.65060599942808,4900,4
00934-comparison-chain-4-forward-s11-d10-m1-verdict-nibli-r1,comparison,chain,4,forward,10,True,verdict,nibli,11,1,ok,79.85906099929707,4900,4
00935-comparison-chain-4-forward-s11-d10-m1-verdict-clingo-r1,comparison,chain,4,forward,10,True,verdict,clingo,11,1,ok,4.5643129997188225,7884,4
00936-comparison-chain-4-forward-s11-d10-m1-verdict-souffle-r1,comparison,chain,4,forward,10,True,verdict,souffle,11,1,ok,4.232407998642884,5692,4
00937-comparison-chain-4-forward-s11-d10-m1-verdict-nibli-r2,comparison,chain,4,forward,10,True,verdict,nibli,11,2,ok,79.67194500088226,4900,4
00938-comparison-chain-4-forward-s11-d10-m1-verdict-souffle-r2,comparison,chain,4,forward,10,True,verdict,souffle,11,2,ok,4.193451000901405,5692,4
00939-comparison-chain-4-forward-s11-d10-m1-verdict-clingo-r2,comparison,chain,4,forward,10,True,verdict,clingo,11,2,ok,4.305256999941776,7756,4
00943-comparison-policy-1000-both-s83-d10-m1-verdict-nibli-r0,comparison,policy,1000,both,10,True,verdict,nibli,83,0,ok,3780.044805000216,23136,969
00944-comparison-policy-1000-both-s83-d10-m1-verdict-souffle-r0,comparison,policy,1000,both,10,True,verdict,souffle,83,0,ok,5.284599999868078,5912,969
00945-comparison-policy-1000-both-s83-d10-m1-verdict-clingo-r0,comparison,policy,1000,both,10,True,verdict,clingo,83,0,ok,7.211822001409018,8140,969
00946-comparison-policy-1000-both-s83-d10-m1-verdict-clingo-r1,comparison,policy,1000,both,10,True,verdict,clingo,83,1,ok,6.692902999930084,8012,969
00947-comparison-policy-1000-both-s83-d10-m1-verdict-souffle-r1,comparison,policy,1000,both,10,True,verdict,souffle,83,1,ok,4.747955001221271,5912,969
00948-comparison-policy-1000-both-s83-d10-m1-verdict-nibli-r1,comparison,policy,1000,both,10,True,verdict,nibli,83,1,ok,3732.6412459988205,23108,969
00949-comparison-policy-1000-both-s83-d10-m1-verdict-nibli-r2,comparison,policy,1000,both,10,True,verdict,nibli,83,2,ok,3714.407728999504,23064,969
00950-comparison-policy-1000-both-s83-d10-m1-verdict-souffle-r2,comparison,policy,1000,both,10,True,verdict,souffle,83,2,ok,7.6155419992574025,5912,969
00951-comparison-policy-1000-both-s83-d10-m1-verdict-clingo-r2,comparison,policy,1000,both,10,True,verdict,clingo,83,2,ok,8.152812002663268,8012,969
00953-bounds-chain-8-backward-s83-d10-m0-verdict-nibli-r0,bounds,chain,8,backward,10,False,verdict,nibli,83,0,ok,34.63327899953583,4900,8
00954-bounds-chain-8-backward-s83-d10-m0-verdict-nibli-r1,bounds,chain,8,backward,10,False,verdict,nibli,83,1,ok,34.54340099779074,4900,8
00955-bounds-chain-8-backward-s83-d10-m0-verdict-nibli-r2,bounds,chain,8,backward,10,False,verdict,nibli,83,2,ok,35.96678199755843,4900,8
00959-comparison-chain-12-backward-s47-d10-m1-verdict-nibli-r0,comparison,chain,12,backward,10,True,verdict,nibli,47,0,ok,97.45965100228204,5284,12
00960-comparison-chain-12-backward-s47-d10-m1-verdict-clingo-r0,comparison,chain,12,backward,10,True,verdict,clingo,47,0,ok,4.3646200028888416,7756,12
00961-comparison-chain-12-backward-s47-d10-m1-verdict-souffle-r0,comparison,chain,12,backward,10,True,verdict,souffle,47,0,ok,4.509466998570133,5692,12
00962-comparison-chain-12-backward-s47-d10-m1-verdict-nibli-r1,comparison,chain,12,backward,10,True,verdict,nibli,47,1,ok,98.06379699875833,5284,12
00963-comparison-chain-12-backward-s47-d10-m1-verdict-souffle-r1,comparison,chain,12,backward,10,True,verdict,souffle,47,1,ok,4.134774000704056,5692,12
00964-comparison-chain-12-backward-s47-d10-m1-verdict-clingo-r1,comparison,chain,12,backward,10,True,verdict,clingo,47,1,ok,4.381014998216415,7884,12
00965-comparison-chain-12-backward-s47-d10-m1-verdict-clingo-r2,comparison,chain,12,backward,10,True,verdict,clingo,47,2,ok,4.608767001627712,7884,12
00966-comparison-chain-12-backward-s47-d10-m1-verdict-souffle-r2,comparison,chain,12,backward,10,True,verdict,souffle,47,2,ok,4.227265999361407,5692,12
00967-comparison-chain-12-backward-s47-d10-m1-verdict-nibli-r2,comparison,chain,12,backward,10,True,verdict,nibli,47,2,ok,97.05848600060563,5284,12
00971-comparison-policy-10000-both-s11-d10-m1-verdict-clingo-r0,comparison,policy,10000,both,10,True,verdict,clingo,11,0,ok,31.00539500155719,10408,9965
00972-comparison-policy-10000-both-s11-d10-m1-verdict-souffle-r0,comparison,policy,10000,both,10,True,verdict,souffle,11,0,ok,7.780025000101887,6680,9965
00973-comparison-policy-10000-both-s11-d10-m1-verdict-nibli-r0,comparison,policy,10000,both,10,True,verdict,nibli,11,0,timeout,30007.769479998387,56796,9965
00974-comparison-policy-10000-both-s11-d10-m1-verdict-nibli-r1,comparison,policy,10000,both,10,True,verdict,nibli,11,1,timeout,30007.78932100002,56884,9965
00975-comparison-policy-10000-both-s11-d10-m1-verdict-clingo-r1,comparison,policy,10000,both,10,True,verdict,clingo,11,1,ok,30.872972998622572,10352,9965
00976-comparison-policy-10000-both-s11-d10-m1-verdict-souffle-r1,comparison,policy,10000,both,10,True,verdict,souffle,11,1,ok,7.875475999753689,6680,9965
00977-comparison-policy-10000-both-s11-d10-m1-verdict-nibli-r2,comparison,policy,10000,both,10,True,verdict,nibli,11,2,timeout,30007.911126998806,57236,9965
00978-comparison-policy-10000-both-s11-d10-m1-verdict-souffle-r2,comparison,policy,10000,both,10,True,verdict,souffle,11,2,ok,8.14423900010297,6680,9965
00979-comparison-policy-10000-both-s11-d10-m1-verdict-clingo-r2,comparison,policy,10000,both,10,True,verdict,clingo,11,2,ok,29.614454000693513,10352,9965
00983-comparison-chain-12-backward-s11-d10-m1-verdict-souffle-r0,comparison,chain,12,backward,10,True,verdict,souffle,11,0,ok,4.778643000463489,5692,12
00984-comparison-chain-12-backward-s11-d10-m1-verdict-nibli-r0,comparison,chain,12,backward,10,True,verdict,nibli,11,0,ok,94.57498699703137,5284,12
00985-comparison-chain-12-backward-s11-d10-m1-verdict-clingo-r0,comparison,chain,12,backward,10,True,verdict,clingo,11,0,ok,4.298864001611946,7884,12
00986-comparison-chain-12-backward-s11-d10-m1-verdict-souffle-r1,comparison,chain,12,backward,10,True,verdict,souffle,11,1,ok,4.165758000453934,5692,12
00987-comparison-chain-12-backward-s11-d10-m1-verdict-nibli-r1,comparison,chain,12,backward,10,True,verdict,nibli,11,1,ok,100.12942899993504,5284,12
00988-comparison-chain-12-backward-s11-d10-m1-verdict-clingo-r1,comparison,chain,12,backward,10,True,verdict,clingo,11,1,ok,4.415215000335593,7884,12
00989-comparison-chain-12-backward-s11-d10-m1-verdict-clingo-r2,comparison,chain,12,backward,10,True,verdict,clingo,11,2,ok,4.223104999255156,7884,12
00990-comparison-chain-12-backward-s11-d10-m1-verdict-souffle-r2,comparison,chain,12,backward,10,True,verdict,souffle,11,2,ok,4.320732001360739,5692,12
00991-comparison-chain-12-backward-s11-d10-m1-verdict-nibli-r2,comparison,chain,12,backward,10,True,verdict,nibli,11,2,ok,94.88402900024084,5284,12
00993-bounds-policy-100-both-s11-d20-m0-verdict-nibli-r0,bounds,policy,100,both,20,False,verdict,nibli,11,0,ok,3401.125240998226,122588,99
00994-bounds-policy-100-both-s11-d20-m0-verdict-nibli-r1,bounds,policy,100,both,20,False,verdict,nibli,11,1,ok,3472.474793001311,121696,99
00995-bounds-policy-100-both-s11-d20-m0-verdict-nibli-r2,bounds,policy,100,both,20,False,verdict,nibli,11,2,ok,3410.0315010000486,121184,99
00997-bounds-policy-100-both-s131-d10-m1-verdict-nibli-r0,bounds,policy,100,both,10,True,verdict,nibli,131,0,ok,48.326221000024816,6692,100
00998-bounds-policy-100-both-s131-d10-m1-verdict-nibli-r1,bounds,policy,100,both,10,True,verdict,nibli,131,1,ok,48.661045999324415,6692,100
00999-bounds-policy-100-both-s131-d10-m1-verdict-nibli-r2,bounds,policy,100,both,10,True,verdict,nibli,131,2,ok,51.00670399770024,6692,100
01001-bounds-chain-8-backward-s47-d20-m0-verdict-nibli-r0,bounds,chain,8,backward,20,False,verdict,nibli,47,0,ok,34.47355000025709,4900,8
01002-bounds-chain-8-backward-s47-d20-m0-verdict-nibli-r1,bounds,chain,8,backward,20,False,verdict,nibli,47,1,ok,32.67713199966238,4900,8
01003-bounds-chain-8-backward-s47-d20-m0-verdict-nibli-r2,bounds,chain,8,backward,20,False,verdict,nibli,47,2,ok,32.541717002459336,4900,8
01007-comparison-chain-32-backward-s131-d10-m1-verdict-clingo-r0,comparison,chain,32,backward,10,True,verdict,clingo,131,0,ok,4.9316599979647435,7884,32
01008-comparison-chain-32-backward-s131-d10-m1-verdict-nibli-r0,comparison,chain,32,backward,10,True,verdict,nibli,131,0,ok,1670.7653800003754,9348,32
01009-comparison-chain-32-backward-s131-d10-m1-verdict-souffle-r0,comparison,chain,32,backward,10,True,verdict,souffle,131,0,ok,5.455168997286819,5692,32
01010-comparison-chain-32-backward-s131-d10-m1-verdict-nibli-r1,comparison,chain,32,backward,10,True,verdict,nibli,131,1,ok,1666.977049997513,9352,32
01011-comparison-chain-32-backward-s131-d10-m1-verdict-souffle-r1,comparison,chain,32,backward,10,True,verdict,souffle,131,1,ok,5.2015469991602,5692,32
01012-comparison-chain-32-backward-s131-d10-m1-verdict-clingo-r1,comparison,chain,32,backward,10,True,verdict,clingo,131,1,ok,5.228524998528883,7884,32
01013-comparison-chain-32-backward-s131-d10-m1-verdict-nibli-r2,comparison,chain,32,backward,10,True,verdict,nibli,131,2,ok,1664.5832539979892,9296,32
01014-comparison-chain-32-backward-s131-d10-m1-verdict-souffle-r2,comparison,chain,32,backward,10,True,verdict,souffle,131,2,ok,5.271497000649106,5692,32
01015-comparison-chain-32-backward-s131-d10-m1-verdict-clingo-r2,comparison,chain,32,backward,10,True,verdict,clingo,131,2,ok,5.399022997153224,7884,32
01017-bounds-policy-100-both-s11-d2-m1-verdict-nibli-r0,bounds,policy,100,both,2,True,verdict,nibli,11,0,ok,48.27348500111839,6564,99
01018-bounds-policy-100-both-s11-d2-m1-verdict-nibli-r1,bounds,policy,100,both,2,True,verdict,nibli,11,1,ok,46.599713001342025,6564,99
01019-bounds-policy-100-both-s11-d2-m1-verdict-nibli-r2,bounds,policy,100,both,2,True,verdict,nibli,11,2,ok,50.74592299934011,6564,99
01021-bounds-chain-8-backward-s131-d20-m0-verdict-nibli-r0,bounds,chain,8,backward,20,False,verdict,nibli,131,0,ok,33.241831999475835,4900,8
01022-bounds-chain-8-backward-s131-d20-m0-verdict-nibli-r1,bounds,chain,8,backward,20,False,verdict,nibli,131,1,ok,33.19582200128934,4900,8
01023-bounds-chain-8-backward-s131-d20-m0-verdict-nibli-r2,bounds,chain,8,backward,20,False,verdict,nibli,131,2,ok,35.281747001135955,4900,8
01025-evidence-policy-10000-both-s83-d10-m1-verdict-nibli-r0,evidence,policy,10000,both,10,True,verdict,nibli,83,0,timeout,30014.099587999226,57060,9899
01026-evidence-policy-10000-both-s83-d10-m1-verdict-nibli-r1,evidence,policy,10000,both,10,True,verdict,nibli,83,1,timeout,30008.17827300125,56852,9899
01027-evidence-policy-10000-both-s83-d10-m1-verdict-nibli-r2,evidence,policy,10000,both,10,True,verdict,nibli,83,2,timeout,30008.812025000225,56968,9899
01029-bounds-policy-100-both-s47-d10-m0-verdict-nibli-r0,bounds,policy,100,both,10,False,verdict,nibli,47,0,ok,3227.295246000722,117588,93
01030-bounds-policy-100-both-s47-d10-m0-verdict-nibli-r1,bounds,policy,100,both,10,False,verdict,nibli,47,1,ok,3197.2923400026048,117772,93
01031-bounds-policy-100-both-s47-d10-m0-verdict-nibli-r2,bounds,policy,100,both,10,False,verdict,nibli,47,2,ok,3231.9674480022513,115064,93
01033-bounds-chain-8-backward-s131-d2-m1-verdict-nibli-r0,bounds,chain,8,backward,2,True,verdict,nibli,131,0,ok,35.246906998509075,4900,8
01034-bounds-chain-8-backward-s131-d2-m1-verdict-nibli-r1,bounds,chain,8,backward,2,True,verdict,nibli,131,1,ok,32.5131439967663,4900,8
01035-bounds-chain-8-backward-s131-d2-m1-verdict-nibli-r2,bounds,chain,8,backward,2,True,verdict,nibli,131,2,ok,33.413331999327056,4900,8
01037-bounds-policy-100-both-s47-d20-m1-verdict-nibli-r0,bounds,policy,100,both,20,True,verdict,nibli,47,0,ok,41.40960999939125,6436,93
01038-bounds-policy-100-both-s47-d20-m1-verdict-nibli-r1,bounds,policy,100,both,20,True,verdict,nibli,47,1,ok,42.64460700142081,6436,93
01039-bounds-policy-100-both-s47-d20-m1-verdict-nibli-r2,bounds,policy,100,both,20,True,verdict,nibli,47,2,ok,42.56926000016392,6436,93
01041-bounds-policy-100-both-s83-d20-m1-verdict-nibli-r0,bounds,policy,100,both,20,True,verdict,nibli,83,0,ok,44.153742001071805,6436,98
01042-bounds-policy-100-both-s83-d20-m1-verdict-nibli-r1,bounds,policy,100,both,20,True,verdict,nibli,83,1,ok,45.378782000625506,6436,98
01043-bounds-policy-100-both-s83-d20-m1-verdict-nibli-r2,bounds,policy,100,both,20,True,verdict,nibli,83,2,ok,43.4534790001635,6436,98
01045-bounds-policy-100-both-s11-d10-m0-verdict-nibli-r0,bounds,policy,100,both,10,False,verdict,nibli,11,0,ok,3461.67553000123,118820,99
01046-bounds-policy-100-both-s11-d10-m0-verdict-nibli-r1,bounds,policy,100,both,10,False,verdict,nibli,11,1,ok,3451.1886870022863,120112,99
01047-bounds-policy-100-both-s11-d10-m0-verdict-nibli-r2,bounds,policy,100,both,10,False,verdict,nibli,11,2,ok,3459.0906230005203,121208,99
01051-comparison-policy-1000-both-s131-d10-m1-verdict-souffle-r0,comparison,policy,1000,both,10,True,verdict,souffle,131,0,ok,4.459731997485505,5912,1014
01052-comparison-policy-1000-both-s131-d10-m1-verdict-clingo-r0,comparison,policy,1000,both,10,True,verdict,clingo,131,0,ok,6.930960000318009,8140,1014
01053-comparison-policy-1000-both-s131-d10-m1-verdict-nibli-r0,comparison,policy,1000,both,10,True,verdict,nibli,131,0,ok,4118.459885001357,23504,1014
01054-comparison-policy-1000-both-s131-d10-m1-verdict-clingo-r1,comparison,policy,1000,both,10,True,verdict,clingo,131,1,ok,7.38719599758042,8140,1014
01055-comparison-policy-1000-both-s131-d10-m1-verdict-souffle-r1,comparison,policy,1000,both,10,True,verdict,souffle,131,1,ok,5.470216998219257,5912,1014
01056-comparison-policy-1000-both-s131-d10-m1-verdict-nibli-r1,comparison,policy,1000,both,10,True,verdict,nibli,131,1,ok,4147.688466000545,23404,1014
01057-comparison-policy-1000-both-s131-d10-m1-verdict-clingo-r2,comparison,policy,1000,both,10,True,verdict,clingo,131,2,ok,7.402791001368314,8140,1014
01058-comparison-policy-1000-both-s131-d10-m1-verdict-souffle-r2,comparison,policy,1000,both,10,True,verdict,souffle,131,2,ok,4.572352001559921,5912,1014
01059-comparison-policy-1000-both-s131-d10-m1-verdict-nibli-r2,comparison,policy,1000,both,10,True,verdict,nibli,131,2,ok,4042.6959910000733,23444,1014
01061-evidence-policy-10000-both-s131-d10-m1-verdict-nibli-r0,evidence,policy,10000,both,10,True,verdict,nibli,131,0,timeout,30009.842624000157,56540,10030
01062-evidence-policy-10000-both-s131-d10-m1-verdict-nibli-r1,evidence,policy,10000,both,10,True,verdict,nibli,131,1,timeout,30007.970837999892,57096,10030
01063-evidence-policy-10000-both-s131-d10-m1-verdict-nibli-r2,evidence,policy,10000,both,10,True,verdict,nibli,131,2,timeout,30008.02252200083,55856,10030
01065-bounds-chain-8-forward-s47-d20-m0-verdict-nibli-r0,bounds,chain,8,forward,20,False,verdict,nibli,47,0,ok,3250.4799320013262,6820,8
01066-bounds-chain-8-forward-s47-d20-m0-verdict-nibli-r1,bounds,chain,8,forward,20,False,verdict,nibli,47,1,ok,3012.6116529972933,6948,8
01067-bounds-chain-8-forward-s47-d20-m0-verdict-nibli-r2,bounds,chain,8,forward,20,False,verdict,nibli,47,2,ok,2999.8468109988607,6948,8
01069-evidence-policy-10000-both-s83-d10-m1-certificate-nibli-r0,evidence,policy,10000,both,10,True,certificate,nibli,83,0,timeout,30008.596302002843,56264,9899
01070-evidence-policy-10000-both-s83-d10-m1-certificate-nibli-r1,evidence,policy,10000,both,10,True,certificate,nibli,83,1,timeout,30008.069469000475,56796,9899
01071-evidence-policy-10000-both-s83-d10-m1-certificate-nibli-r2,evidence,policy,10000,both,10,True,certificate,nibli,83,2,timeout,30008.17352300146,56664,9899
01075-comparison-chain-8-backward-s47-d10-m1-verdict-souffle-r0,comparison,chain,8,backward,10,True,verdict,souffle,47,0,ok,4.257886001141742,5692,8
01076-comparison-chain-8-backward-s47-d10-m1-verdict-clingo-r0,comparison,chain,8,backward,10,True,verdict,clingo,47,0,ok,4.740171003504656,7756,8
01077-comparison-chain-8-backward-s47-d10-m1-verdict-nibli-r0,comparison,chain,8,backward,10,True,verdict,nibli,47,0,ok,32.897173001401825,4900,8
01078-comparison-chain-8-backward-s47-d10-m1-verdict-clingo-r1,comparison,chain,8,backward,10,True,verdict,clingo,47,1,ok,4.545624997263076,7756,8
01079-comparison-chain-8-backward-s47-d10-m1-verdict-souffle-r1,comparison,chain,8,backward,10,True,verdict,souffle,47,1,ok,4.158625000854954,5692,8
01080-comparison-chain-8-backward-s47-d10-m1-verdict-nibli-r1,comparison,chain,8,backward,10,True,verdict,nibli,47,1,ok,32.990398998663295,4900,8
01081-comparison-chain-8-backward-s47-d10-m1-verdict-clingo-r2,comparison,chain,8,backward,10,True,verdict,clingo,47,2,ok,4.121475001738872,7756,8
01082-comparison-chain-8-backward-s47-d10-m1-verdict-nibli-r2,comparison,chain,8,backward,10,True,verdict,nibli,47,2,ok,36.0814549967472,4900,8
01083-comparison-chain-8-backward-s47-d10-m1-verdict-souffle-r2,comparison,chain,8,backward,10,True,verdict,souffle,47,2,ok,4.713907997938804,5692,8
01085-bounds-policy-100-both-s131-d5-m1-verdict-nibli-r0,bounds,policy,100,both,5,True,verdict,nibli,131,0,ok,50.48212899782811,6692,100
01086-bounds-policy-100-both-s131-d5-m1-verdict-nibli-r1,bounds,policy,100,both,5,True,verdict,nibli,131,1,ok,49.41503300142358,6692,100
01087-bounds-policy-100-both-s131-d5-m1-verdict-nibli-r2,bounds,policy,100,both,5,True,verdict,nibli,131,2,ok,48.9444309969258,6692,100
01089-bounds-chain-8-forward-s131-d10-m1-verdict-nibli-r0,bounds,chain,8,forward,10,True,verdict,nibli,131,0,ok,2869.3672679983138,6820,8
01090-bounds-chain-8-forward-s131-d10-m1-verdict-nibli-r1,bounds,chain,8,forward,10,True,verdict,nibli,131,1,ok,2905.387087001145,6948,8
01091-bounds-chain-8-forward-s131-d10-m1-verdict-nibli-r2,bounds,chain,8,forward,10,True,verdict,nibli,131,2,ok,2923.551216998021,6948,8
01093-bounds-chain-8-forward-s11-d20-m0-verdict-nibli-r0,bounds,chain,8,forward,20,False,verdict,nibli,11,0,ok,4803.862908000156,6948,8
01094-bounds-chain-8-forward-s11-d20-m0-verdict-nibli-r1,bounds,chain,8,forward,20,False,verdict,nibli,11,1,ok,4859.397517000616,6820,8
01095-bounds-chain-8-forward-s11-d20-m0-verdict-nibli-r2,bounds,chain,8,forward,20,False,verdict,nibli,11,2,ok,4816.165676002129,6948,8
01097-bounds-chain-8-backward-s83-d5-m0-verdict-nibli-r0,bounds,chain,8,backward,5,False,verdict,nibli,83,0,ok,41.12863300179015,4900,8
01098-bounds-chain-8-backward-s83-d5-m0-verdict-nibli-r1,bounds,chain,8,backward,5,False,verdict,nibli,83,1,ok,39.900700001453515,4900,8
01099-bounds-chain-8-backward-s83-d5-m0-verdict-nibli-r2,bounds,chain,8,backward,5,False,verdict,nibli,83,2,ok,35.490448000928154,4900,8
01103-comparison-policy-10000-both-s23-d10-m1-verdict-nibli-r0,comparison,policy,10000,both,10,True,verdict,nibli,23,0,timeout,30008.09909199961,58088,10016
01104-comparison-policy-10000-both-s23-d10-m1-verdict-souffle-r0,comparison,policy,10000,both,10,True,verdict,souffle,23,0,ok,8.596250998380128,6680,10016
01105-comparison-policy-10000-both-s23-d10-m1-verdict-clingo-r0,comparison,policy,10000,both,10,True,verdict,clingo,23,0,ok,29.75398799753748,10420,10016
01106-comparison-policy-10000-both-s23-d10-m1-verdict-clingo-r1,comparison,policy,10000,both,10,True,verdict,clingo,23,1,ok,29.351270000915974,10360,10016
01107-comparison-policy-10000-both-s23-d10-m1-verdict-souffle-r1,comparison,policy,10000,both,10,True,verdict,souffle,23,1,ok,8.021021996682975,6680,10016
01108-comparison-policy-10000-both-s23-d10-m1-verdict-nibli-r1,comparison,policy,10000,both,10,True,verdict,nibli,23,1,timeout,30007.708258999628,56752,10016
01109-comparison-policy-10000-both-s23-d10-m1-verdict-nibli-r2,comparison,policy,10000,both,10,True,verdict,nibli,23,2,timeout,30008.189855998353,57844,10016
01110-comparison-policy-10000-both-s23-d10-m1-verdict-souffle-r2,comparison,policy,10000,both,10,True,verdict,souffle,23,2,ok,8.564148000004934,6552,10016
01111-comparison-policy-10000-both-s23-d10-m1-verdict-clingo-r2,comparison,policy,10000,both,10,True,verdict,clingo,23,2,ok,30.771075002121506,10420,10016
01115-comparison-chain-32-backward-s47-d10-m1-verdict-clingo-r0,comparison,chain,32,backward,10,True,verdict,clingo,47,0,ok,5.745756003307179,7884,32
01116-comparison-chain-32-backward-s47-d10-m1-verdict-souffle-r0,comparison,chain,32,backward,10,True,verdict,souffle,47,0,ok,4.598815001372714,5692,32
01117-comparison-chain-32-backward-s47-d10-m1-verdict-nibli-r0,comparison,chain,32,backward,10,True,verdict,nibli,47,0,ok,1603.263318000245,9324,32
01118-comparison-chain-32-backward-s47-d10-m1-verdict-souffle-r1,comparison,chain,32,backward,10,True,verdict,souffle,47,1,ok,5.246393997367704,5692,32
01119-comparison-chain-32-backward-s47-d10-m1-verdict-clingo-r1,comparison,chain,32,backward,10,True,verdict,clingo,47,1,ok,5.526165998162469,7884,32
01120-comparison-chain-32-backward-s47-d10-m1-verdict-nibli-r1,comparison,chain,32,backward,10,True,verdict,nibli,47,1,ok,1600.6400270016456,9320,32
01121-comparison-chain-32-backward-s47-d10-m1-verdict-clingo-r2,comparison,chain,32,backward,10,True,verdict,clingo,47,2,ok,5.994018996716477,7884,32
01122-comparison-chain-32-backward-s47-d10-m1-verdict-nibli-r2,comparison,chain,32,backward,10,True,verdict,nibli,47,2,ok,1608.276492002915,9268,32
01123-comparison-chain-32-backward-s47-d10-m1-verdict-souffle-r2,comparison,chain,32,backward,10,True,verdict,souffle,47,2,ok,7.1271359993261285,5692,32
01125-bounds-policy-100-both-s131-d10-m0-verdict-nibli-r0,bounds,policy,100,both,10,False,verdict,nibli,131,0,ok,3605.573993998405,120608,100
01126-bounds-policy-100-both-s131-d10-m0-verdict-nibli-r1,bounds,policy,100,both,10,False,verdict,nibli,131,1,ok,3554.0688299988688,123504,100
01127-bounds-policy-100-both-s131-d10-m0-verdict-nibli-r2,bounds,policy,100,both,10,False,verdict,nibli,131,2,ok,3619.4952320001903,121968,100
01129-bounds-chain-8-forward-s23-d2-m1-verdict-nibli-r0,bounds,chain,8,forward,2,True,verdict,nibli,23,0,ok,897.7113369983272,6308,8
01130-bounds-chain-8-forward-s23-d2-m1-verdict-nibli-r1,bounds,chain,8,forward,2,True,verdict,nibli,23,1,ok,678.5613619977084,6308,8
01131-bounds-chain-8-forward-s23-d2-m1-verdict-nibli-r2,bounds,chain,8,forward,2,True,verdict,nibli,23,2,ok,679.6884690011211,6308,8
01133-evidence-policy-100-both-s23-d10-m1-verdict-nibli-r0,evidence,policy,100,both,10,True,verdict,nibli,23,0,ok,46.485120998113416,6436,97
01134-evidence-policy-100-both-s23-d10-m1-verdict-nibli-r1,evidence,policy,100,both,10,True,verdict,nibli,23,1,ok,46.129081998515176,6436,97
01135-evidence-policy-100-both-s23-d10-m1-verdict-nibli-r2,evidence,policy,100,both,10,True,verdict,nibli,23,2,ok,44.707311997626675,6436,97
01137-evidence-policy-1000-both-s47-d10-m1-verdict-nibli-r0,evidence,policy,1000,both,10,True,verdict,nibli,47,0,ok,3858.0781659984495,23056,972
01138-evidence-policy-1000-both-s47-d10-m1-verdict-nibli-r1,evidence,policy,1000,both,10,True,verdict,nibli,47,1,ok,3829.3192040000577,23172,972
01139-evidence-policy-1000-both-s47-d10-m1-verdict-nibli-r2,evidence,policy,1000,both,10,True,verdict,nibli,47,2,ok,3831.8416209986026,23156,972
01143-comparison-chain-8-backward-s23-d10-m1-verdict-nibli-r0,comparison,chain,8,backward,10,True,verdict,nibli,23,0,ok,35.75762000036775,4900,8
01144-comparison-chain-8-backward-s23-d10-m1-verdict-souffle-r0,comparison,chain,8,backward,10,True,verdict,souffle,23,0,ok,4.214665001200046,5692,8
01145-comparison-chain-8-backward-s23-d10-m1-verdict-clingo-r0,comparison,chain,8,backward,10,True,verdict,clingo,23,0,ok,4.446385999472113,7756,8
01146-comparison-chain-8-backward-s23-d10-m1-verdict-nibli-r1,comparison,chain,8,backward,10,True,verdict,nibli,23,1,ok,35.64661000200431,4900,8
01147-comparison-chain-8-backward-s23-d10-m1-verdict-souffle-r1,comparison,chain,8,backward,10,True,verdict,souffle,23,1,ok,4.105747997527942,5692,8
01148-comparison-chain-8-backward-s23-d10-m1-verdict-clingo-r1,comparison,chain,8,backward,10,True,verdict,clingo,23,1,ok,4.4535460001497995,7756,8
01149-comparison-chain-8-backward-s23-d10-m1-verdict-souffle-r2,comparison,chain,8,backward,10,True,verdict,souffle,23,2,ok,4.137111001909943,5692,8
01150-comparison-chain-8-backward-s23-d10-m1-verdict-clingo-r2,comparison,chain,8,backward,10,True,verdict,clingo,23,2,ok,4.290942000807263,7884,8
01151-comparison-chain-8-backward-s23-d10-m1-verdict-nibli-r2,comparison,chain,8,backward,10,True,verdict,nibli,23,2,ok,35.979214997496456,4900,8
01153-bounds-chain-8-forward-s11-d5-m1-verdict-nibli-r0,bounds,chain,8,forward,5,True,verdict,nibli,11,0,ok,4867.674084001919,6820,8
01154-bounds-chain-8-forward-s11-d5-m1-verdict-nibli-r1,bounds,chain,8,forward,5,True,verdict,nibli,11,1,ok,4829.657940998004,6820,8
01155-bounds-chain-8-forward-s11-d5-m1-verdict-nibli-r2,bounds,chain,8,forward,5,True,verdict,nibli,11,2,ok,4842.547142001422,6820,8
01159-comparison-chain-8-forward-s131-d10-m1-verdict-clingo-r0,comparison,chain,8,forward,10,True,verdict,clingo,131,0,ok,5.1231830002507195,7756,8
01160-comparison-chain-8-forward-s131-d10-m1-verdict-souffle-r0,comparison,chain,8,forward,10,True,verdict,souffle,131,0,ok,4.860076998738805,5692,8
01161-comparison-chain-8-forward-s131-d10-m1-verdict-nibli-r0,comparison,chain,8,forward,10,True,verdict,nibli,131,0,ok,2895.0647130004654,6820,8
01162-comparison-chain-8-forward-s131-d10-m1-verdict-clingo-r1,comparison,chain,8,forward,10,True,verdict,clingo,131,1,ok,5.355190001864685,7756,8
01163-comparison-chain-8-forward-s131-d10-m1-verdict-souffle-r1,comparison,chain,8,forward,10,True,verdict,souffle,131,1,ok,5.0506229999882635,5692,8
01164-comparison-chain-8-forward-s131-d10-m1-verdict-nibli-r1,comparison,chain,8,forward,10,True,verdict,nibli,131,1,ok,2899.27721499771,6948,8
01165-comparison-chain-8-forward-s131-d10-m1-verdict-nibli-r2,comparison,chain,8,forward,10,True,verdict,nibli,131,2,ok,2921.476999003062,6948,8
01166-comparison-chain-8-forward-s131-d10-m1-verdict-souffle-r2,comparison,chain,8,forward,10,True,verdict,souffle,131,2,ok,4.955019998305943,5692,8
01167-comparison-chain-8-forward-s131-d10-m1-verdict-clingo-r2,comparison,chain,8,forward,10,True,verdict,clingo,131,2,ok,4.592736000631703,7756,8
01169-bounds-policy-100-both-s47-d10-m1-verdict-nibli-r0,bounds,policy,100,both,10,True,verdict,nibli,47,0,ok,43.13185799765051,6436,93
01170-bounds-policy-100-both-s47-d10-m1-verdict-nibli-r1,bounds,policy,100,both,10,True,verdict,nibli,47,1,ok,43.26257700085989,6436,93
01171-bounds-policy-100-both-s47-d10-m1-verdict-nibli-r2,bounds,policy,100,both,10,True,verdict,nibli,47,2,ok,43.93837400129996,6436,93
01175-comparison-chain-16-forward-s11-d10-m1-verdict-souffle-r0,comparison,chain,16,forward,10,True,verdict,souffle,11,0,ok,4.935441000270657,5692,16
01176-comparison-chain-16-forward-s11-d10-m1-verdict-nibli-r0,comparison,chain,16,forward,10,True,verdict,nibli,11,0,timeout,30004.43739000184,16808,16
01177-comparison-chain-16-forward-s11-d10-m1-verdict-clingo-r0,comparison,chain,16,forward,10,True,verdict,clingo,11,0,ok,5.17833000048995,7884,16
01178-comparison-chain-16-forward-s11-d10-m1-verdict-clingo-r1,comparison,chain,16,forward,10,True,verdict,clingo,11,1,ok,4.650380000384757,7884,16
01179-comparison-chain-16-forward-s11-d10-m1-verdict-nibli-r1,comparison,chain,16,forward,10,True,verdict,nibli,11,1,timeout,30004.59850400148,16860,16
01180-comparison-chain-16-forward-s11-d10-m1-verdict-souffle-r1,comparison,chain,16,forward,10,True,verdict,souffle,11,1,ok,5.159627999091754,5692,16
01181-comparison-chain-16-forward-s11-d10-m1-verdict-nibli-r2,comparison,chain,16,forward,10,True,verdict,nibli,11,2,timeout,30004.288961001294,16668,16
01182-comparison-chain-16-forward-s11-d10-m1-verdict-clingo-r2,comparison,chain,16,forward,10,True,verdict,clingo,11,2,ok,5.594099999143509,7884,16
01183-comparison-chain-16-forward-s11-d10-m1-verdict-souffle-r2,comparison,chain,16,forward,10,True,verdict,souffle,11,2,ok,4.644215998268919,5692,16
01185-bounds-chain-8-forward-s47-d5-m1-verdict-nibli-r0,bounds,chain,8,forward,5,True,verdict,nibli,47,0,ok,2698.679896999238,6820,8
01186-bounds-chain-8-forward-s47-d5-m1-verdict-nibli-r1,bounds,chain,8,forward,5,True,verdict,nibli,47,1,ok,2690.201885001443,6820,8
01187-bounds-chain-8-forward-s47-d5-m1-verdict-nibli-r2,bounds,chain,8,forward,5,True,verdict,nibli,47,2,ok,2668.882207999559,6948,8
01189-bounds-chain-8-backward-s47-d10-m1-verdict-nibli-r0,bounds,chain,8,backward,10,True,verdict,nibli,47,0,ok,32.52901200175984,4900,8
01190-bounds-chain-8-backward-s47-d10-m1-verdict-nibli-r1,bounds,chain,8,backward,10,True,verdict,nibli,47,1,ok,33.791078996728174,4900,8
01191-bounds-chain-8-backward-s47-d10-m1-verdict-nibli-r2,bounds,chain,8,backward,10,True,verdict,nibli,47,2,ok,32.82991500236676,4900,8
01193-bounds-chain-8-backward-s23-d5-m0-verdict-nibli-r0,bounds,chain,8,backward,5,False,verdict,nibli,23,0,ok,35.46343099878868,4900,8
01194-bounds-chain-8-backward-s23-d5-m0-verdict-nibli-r1,bounds,chain,8,backward,5,False,verdict,nibli,23,1,ok,36.36308600107441,4900,8
01195-bounds-chain-8-backward-s23-d5-m0-verdict-nibli-r2,bounds,chain,8,backward,5,False,verdict,nibli,23,2,ok,35.20964400013327,4900,8
01197-evidence-policy-1000-both-s131-d10-m1-verdict-nibli-r0,evidence,policy,1000,both,10,True,verdict,nibli,131,0,ok,4151.123445000849,23508,1014
01198-evidence-policy-1000-both-s131-d10-m1-verdict-nibli-r1,evidence,policy,1000,both,10,True,verdict,nibli,131,1,ok,4149.466259998007,23432,1014
01199-evidence-policy-1000-both-s131-d10-m1-verdict-nibli-r2,evidence,policy,1000,both,10,True,verdict,nibli,131,2,ok,4120.115708999947,23440,1014
01201-evidence-policy-100-both-s47-d10-m1-certificate-nibli-r0,evidence,policy,100,both,10,True,certificate,nibli,47,0,ok,47.11130199939362,7076,93
01202-evidence-policy-100-both-s47-d10-m1-certificate-nibli-r1,evidence,policy,100,both,10,True,certificate,nibli,47,1,ok,46.88140800135443,7076,93
01203-evidence-policy-100-both-s47-d10-m1-certificate-nibli-r2,evidence,policy,100,both,10,True,certificate,nibli,47,2,ok,47.72387499906472,6948,93
01205-bounds-chain-8-backward-s11-d5-m1-verdict-nibli-r0,bounds,chain,8,backward,5,True,verdict,nibli,11,0,ok,33.714219000103185,4900,8
01206-bounds-chain-8-backward-s11-d5-m1-verdict-nibli-r1,bounds,chain,8,backward,5,True,verdict,nibli,11,1,ok,33.84439499859582,4900,8
01207-bounds-chain-8-backward-s11-d5-m1-verdict-nibli-r2,bounds,chain,8,backward,5,True,verdict,nibli,11,2,ok,33.89834199697361,4900,8
01209-bounds-chain-8-backward-s11-d10-m0-verdict-nibli-r0,bounds,chain,8,backward,10,False,verdict,nibli,11,0,ok,33.01043999817921,4900,8
01210-bounds-chain-8-backward-s11-d10-m0-verdict-nibli-r1,bounds,chain,8,backward,10,False,verdict,nibli,11,1,ok,37.13441100262571,4900,8
01211-bounds-chain-8-backward-s11-d10-m0-verdict-nibli-r2,bounds,chain,8,backward,10,False,verdict,nibli,11,2,ok,38.61349799990421,4900,8
01215-comparison-chain-32-backward-s23-d10-m1-verdict-clingo-r0,comparison,chain,32,backward,10,True,verdict,clingo,23,0,ok,4.960854999808362,7884,32
01216-comparison-chain-32-backward-s23-d10-m1-verdict-nibli-r0,comparison,chain,32,backward,10,True,verdict,nibli,23,0,ok,1661.3767220005684,9264,32
01217-comparison-chain-32-backward-s23-d10-m1-verdict-souffle-r0,comparison,chain,32,backward,10,True,verdict,souffle,23,0,ok,5.087262998131337,5692,32
01218-comparison-chain-32-backward-s23-d10-m1-verdict-souffle-r1,comparison,chain,32,backward,10,True,verdict,souffle,23,1,ok,5.0139429986302275,5692,32
01219-comparison-chain-32-backward-s23-d10-m1-verdict-nibli-r1,comparison,chain,32,backward,10,True,verdict,nibli,23,1,ok,1638.1869729993923,9320,32
01220-comparison-chain-32-backward-s23-d10-m1-verdict-clingo-r1,comparison,chain,32,backward,10,True,verdict,clingo,23,1,ok,5.949720998614794,7884,32
01221-comparison-chain-32-backward-s23-d10-m1-verdict-souffle-r2,comparison,chain,32,backward,10,True,verdict,souffle,23,2,ok,5.06418599979952,5692,32
01222-comparison-chain-32-backward-s23-d10-m1-verdict-clingo-r2,comparison,chain,32,backward,10,True,verdict,clingo,23,2,ok,5.445458002213854,7884,32
01223-comparison-chain-32-backward-s23-d10-m1-verdict-nibli-r2,comparison,chain,32,backward,10,True,verdict,nibli,23,2,ok,1659.0076489992498,9264,32
01225-evidence-policy-10000-both-s23-d10-m1-verdict-nibli-r0,evidence,policy,10000,both,10,True,verdict,nibli,23,0,timeout,30008.770672000537,56080,10016
01226-evidence-policy-10000-both-s23-d10-m1-verdict-nibli-r1,evidence,policy,10000,both,10,True,verdict,nibli,23,1,timeout,30007.43295400025,46800,10016
01227-evidence-policy-10000-both-s23-d10-m1-verdict-nibli-r2,evidence,policy,10000,both,10,True,verdict,nibli,23,2,timeout,30024.19115199882,53696,10016
01229-evidence-policy-10000-both-s11-d10-m1-verdict-nibli-r0,evidence,policy,10000,both,10,True,verdict,nibli,11,0,timeout,30007.6060149986,54384,9965
01230-evidence-policy-10000-both-s11-d10-m1-verdict-nibli-r1,evidence,policy,10000,both,10,True,verdict,nibli,11,1,timeout,30007.99144999837,55596,9965
01231-evidence-policy-10000-both-s11-d10-m1-verdict-nibli-r2,evidence,policy,10000,both,10,True,verdict,nibli,11,2,timeout,30008.837736000714,55728,9965
01235-comparison-chain-4-backward-s131-d10-m1-verdict-clingo-r0,comparison,chain,4,backward,10,True,verdict,clingo,131,0,ok,4.363435000414029,7756,4
01236-comparison-chain-4-backward-s131-d10-m1-verdict-souffle-r0,comparison,chain,4,backward,10,True,verdict,souffle,131,0,ok,4.392549002659507,5692,4
01237-comparison-chain-4-backward-s131-d10-m1-verdict-nibli-r0,comparison,chain,4,backward,10,True,verdict,nibli,131,0,ok,8.918740000808612,4644,4
01238-comparison-chain-4-backward-s131-d10-m1-verdict-souffle-r1,comparison,chain,4,backward,10,True,verdict,souffle,131,1,ok,4.999171000235947,5692,4
01239-comparison-chain-4-backward-s131-d10-m1-verdict-clingo-r1,comparison,chain,4,backward,10,True,verdict,clingo,131,1,ok,5.667318000632804,7884,4
01240-comparison-chain-4-backward-s131-d10-m1-verdict-nibli-r1,comparison,chain,4,backward,10,True,verdict,nibli,131,1,ok,9.539234000840224,4644,4
01241-comparison-chain-4-backward-s131-d10-m1-verdict-clingo-r2,comparison,chain,4,backward,10,True,verdict,clingo,131,2,ok,5.16960299864877,7756,4
01242-comparison-chain-4-backward-s131-d10-m1-verdict-nibli-r2,comparison,chain,4,backward,10,True,verdict,nibli,131,2,ok,8.84290400063037,4644,4
01243-comparison-chain-4-backward-s131-d10-m1-verdict-souffle-r2,comparison,chain,4,backward,10,True,verdict,souffle,131,2,ok,4.888191000645747,5692,4
01247-comparison-chain-4-forward-s47-d10-m1-verdict-clingo-r0,comparison,chain,4,forward,10,True,verdict,clingo,47,0,ok,4.473580000194488,7756,4
01248-comparison-chain-4-forward-s47-d10-m1-verdict-nibli-r0,comparison,chain,4,forward,10,True,verdict,nibli,47,0,ok,73.40892399952281,4900,4
01249-comparison-chain-4-forward-s47-d10-m1-verdict-souffle-r0,comparison,chain,4,forward,10,True,verdict,souffle,47,0,ok,5.387173001508927,5692,4
01250-comparison-chain-4-forward-s47-d10-m1-verdict-souffle-r1,comparison,chain,4,forward,10,True,verdict,souffle,47,1,ok,4.242909002641682,5692,4
01251-comparison-chain-4-forward-s47-d10-m1-verdict-clingo-r1,comparison,chain,4,forward,10,True,verdict,clingo,47,1,ok,4.730357999505941,7884,4
01252-comparison-chain-4-forward-s47-d10-m1-verdict-nibli-r1,comparison,chain,4,forward,10,True,verdict,nibli,47,1,ok,65.91210400074488,4900,4
01253-comparison-chain-4-forward-s47-d10-m1-verdict-souffle-r2,comparison,chain,4,forward,10,True,verdict,souffle,47,2,ok,6.216793997737113,5692,4
01254-comparison-chain-4-forward-s47-d10-m1-verdict-nibli-r2,comparison,chain,4,forward,10,True,verdict,nibli,47,2,ok,65.5971669984865,4900,4
01255-comparison-chain-4-forward-s47-d10-m1-verdict-clingo-r2,comparison,chain,4,forward,10,True,verdict,clingo,47,2,ok,5.48751399765024,7884,4
01257-bounds-chain-8-backward-s11-d2-m0-verdict-nibli-r0,bounds,chain,8,backward,2,False,verdict,nibli,11,0,ok,40.96682800081908,4900,8
01258-bounds-chain-8-backward-s11-d2-m0-verdict-nibli-r1,bounds,chain,8,backward,2,False,verdict,nibli,11,1,ok,33.561555999767734,4900,8
01259-bounds-chain-8-backward-s11-d2-m0-verdict-nibli-r2,bounds,chain,8,backward,2,False,verdict,nibli,11,2,ok,38.3710770001926,4900,8
01261-bounds-chain-8-backward-s23-d10-m0-verdict-nibli-r0,bounds,chain,8,backward,10,False,verdict,nibli,23,0,ok,36.698687999887625,4900,8
01262-bounds-chain-8-backward-s23-d10-m0-verdict-nibli-r1,bounds,chain,8,backward,10,False,verdict,nibli,23,1,ok,37.70109700053581,4900,8
01263-bounds-chain-8-backward-s23-d10-m0-verdict-nibli-r2,bounds,chain,8,backward,10,False,verdict,nibli,23,2,ok,36.25171100065927,4900,8
01265-bounds-policy-100-both-s83-d20-m0-verdict-nibli-r0,bounds,policy,100,both,20,False,verdict,nibli,83,0,ok,3667.4234149977565,121328,98
01266-bounds-policy-100-both-s83-d20-m0-verdict-nibli-r1,bounds,policy,100,both,20,False,verdict,nibli,83,1,ok,3618.4864440001547,119040,98
01267-bounds-policy-100-both-s83-d20-m0-verdict-nibli-r2,bounds,policy,100,both,20,False,verdict,nibli,83,2,ok,3584.0666000003694,121500,98
01271-comparison-chain-4-backward-s83-d10-m1-verdict-nibli-r0,comparison,chain,4,backward,10,True,verdict,nibli,83,0,ok,7.894798000052106,4644,4
01272-comparison-chain-4-backward-s83-d10-m1-verdict-clingo-r0,comparison,chain,4,backward,10,True,verdict,clingo,83,0,ok,4.486664998694323,7756,4
01273-comparison-chain-4-backward-s83-d10-m1-verdict-souffle-r0,comparison,chain,4,backward,10,True,verdict,souffle,83,0,ok,4.251900001690956,5692,4
01274-comparison-chain-4-backward-s83-d10-m1-verdict-nibli-r1,comparison,chain,4,backward,10,True,verdict,nibli,83,1,ok,7.905017999291886,4644,4
01275-comparison-chain-4-backward-s83-d10-m1-verdict-souffle-r1,comparison,chain,4,backward,10,True,verdict,souffle,83,1,ok,4.354470001999289,5692,4
01276-comparison-chain-4-backward-s83-d10-m1-verdict-clingo-r1,comparison,chain,4,backward,10,True,verdict,clingo,83,1,ok,4.699814999185037,7884,4
01277-comparison-chain-4-backward-s83-d10-m1-verdict-clingo-r2,comparison,chain,4,backward,10,True,verdict,clingo,83,2,ok,5.134238999744412,7756,4
01278-comparison-chain-4-backward-s83-d10-m1-verdict-nibli-r2,comparison,chain,4,backward,10,True,verdict,nibli,83,2,ok,9.496659997239476,4644,4
01279-comparison-chain-4-backward-s83-d10-m1-verdict-souffle-r2,comparison,chain,4,backward,10,True,verdict,souffle,83,2,ok,4.799207999894861,5692,4
01283-comparison-chain-4-forward-s23-d10-m1-verdict-souffle-r0,comparison,chain,4,forward,10,True,verdict,souffle,23,0,ok,4.346949001046596,5692,4
01284-comparison-chain-4-forward-s23-d10-m1-verdict-clingo-r0,comparison,chain,4,forward,10,True,verdict,clingo,23,0,ok,4.8301110000466,7884,4
01285-comparison-chain-4-forward-s23-d10-m1-verdict-nibli-r0,comparison,chain,4,forward,10,True,verdict,nibli,23,0,ok,84.04698499725782,4900,4
01286-comparison-chain-4-forward-s23-d10-m1-verdict-clingo-r1,comparison,chain,4,forward,10,True,verdict,clingo,23,1,ok,9.895686998788733,7884,4
01287-comparison-chain-4-forward-s23-d10-m1-verdict-nibli-r1,comparison,chain,4,forward,10,True,verdict,nibli,23,1,ok,107.67736900015734,5028,4
01288-comparison-chain-4-forward-s23-d10-m1-verdict-souffle-r1,comparison,chain,4,forward,10,True,verdict,souffle,23,1,ok,10.622462999890558,5692,4
01289-comparison-chain-4-forward-s23-d10-m1-verdict-clingo-r2,comparison,chain,4,forward,10,True,verdict,clingo,23,2,ok,4.8389240000688005,7884,4
01290-comparison-chain-4-forward-s23-d10-m1-verdict-nibli-r2,comparison,chain,4,forward,10,True,verdict,nibli,23,2,ok,135.35112899990054,4900,4
01291-comparison-chain-4-forward-s23-d10-m1-verdict-souffle-r2,comparison,chain,4,forward,10,True,verdict,souffle,23,2,ok,6.719633998727659,5692,4
01293-evidence-policy-1000-both-s83-d10-m1-verdict-nibli-r0,evidence,policy,1000,both,10,True,verdict,nibli,83,0,ok,3730.3004730019893,23096,969
01294-evidence-policy-1000-both-s83-d10-m1-verdict-nibli-r1,evidence,policy,1000,both,10,True,verdict,nibli,83,1,ok,3773.8634330016794,23016,969
01295-evidence-policy-1000-both-s83-d10-m1-verdict-nibli-r2,evidence,policy,1000,both,10,True,verdict,nibli,83,2,ok,3770.541024998238,22980,969
01299-comparison-policy-100-both-s83-d10-m1-verdict-souffle-r0,comparison,policy,100,both,10,True,verdict,souffle,83,0,ok,4.753337001602631,5784,98
01300-comparison-policy-100-both-s83-d10-m1-verdict-clingo-r0,comparison,policy,100,both,10,True,verdict,clingo,83,0,ok,4.8419409977213945,7884,98
01301-comparison-policy-100-both-s83-d10-m1-verdict-nibli-r0,comparison,policy,100,both,10,True,verdict,nibli,83,0,ok,44.43224399801693,6436,98
01302-comparison-policy-100-both-s83-d10-m1-verdict-clingo-r1,comparison,policy,100,both,10,True,verdict,clingo,83,1,ok,5.30046100175241,7884,98
01303-comparison-policy-100-both-s83-d10-m1-verdict-souffle-r1,comparison,policy,100,both,10,True,verdict,souffle,83,1,ok,4.662650997488527,5784,98
01304-comparison-policy-100-both-s83-d10-m1-verdict-nibli-r1,comparison,policy,100,both,10,True,verdict,nibli,83,1,ok,45.46753100294154,6436,98
01305-comparison-policy-100-both-s83-d10-m1-verdict-clingo-r2,comparison,policy,100,both,10,True,verdict,clingo,83,2,ok,5.769275001512142,7884,98
01306-comparison-policy-100-both-s83-d10-m1-verdict-souffle-r2,comparison,policy,100,both,10,True,verdict,souffle,83,2,ok,4.665401000238489,5784,98
01307-comparison-policy-100-both-s83-d10-m1-verdict-nibli-r2,comparison,policy,100,both,10,True,verdict,nibli,83,2,ok,44.45418699833681,6436,98
01309-bounds-policy-100-both-s23-d10-m1-verdict-nibli-r0,bounds,policy,100,both,10,True,verdict,nibli,23,0,ok,46.98727499999222,6436,97
01310-bounds-policy-100-both-s23-d10-m1-verdict-nibli-r1,bounds,policy,100,both,10,True,verdict,nibli,23,1,ok,56.09417699815822,6436,97
01311-bounds-policy-100-both-s23-d10-m1-verdict-nibli-r2,bounds,policy,100,both,10,True,verdict,nibli,23,2,ok,47.01744400153984,6436,97
01313-bounds-chain-8-forward-s83-d10-m0-verdict-nibli-r0,bounds,chain,8,forward,10,False,verdict,nibli,83,0,ok,3536.429446998227,6820,8
01314-bounds-chain-8-forward-s83-d10-m0-verdict-nibli-r1,bounds,chain,8,forward,10,False,verdict,nibli,83,1,ok,3546.082505999948,6820,8
01315-bounds-chain-8-forward-s83-d10-m0-verdict-nibli-r2,bounds,chain,8,forward,10,False,verdict,nibli,83,2,ok,3480.713896002271,6820,8
01317-bounds-policy-100-both-s131-d20-m1-verdict-nibli-r0,bounds,policy,100,both,20,True,verdict,nibli,131,0,ok,63.473180001892615,6692,100
01318-bounds-policy-100-both-s131-d20-m1-verdict-nibli-r1,bounds,policy,100,both,20,True,verdict,nibli,131,1,ok,49.44564000106766,6692,100
01319-bounds-policy-100-both-s131-d20-m1-verdict-nibli-r2,bounds,policy,100,both,20,True,verdict,nibli,131,2,ok,47.96456400072202,6692,100
01323-comparison-chain-32-forward-s131-d10-m1-verdict-souffle-r0,comparison,chain,32,forward,10,True,verdict,souffle,131,0,ok,6.226503999641864,5692,32
01324-comparison-chain-32-forward-s131-d10-m1-verdict-nibli-r0,comparison,chain,32,forward,10,True,verdict,nibli,131,0,timeout,30007.08625399784,41512,32
01325-comparison-chain-32-forward-s131-d10-m1-verdict-clingo-r0,comparison,chain,32,forward,10,True,verdict,clingo,131,0,ok,6.4078169998538215,7884,32
01326-comparison-chain-32-forward-s131-d10-m1-verdict-clingo-r1,comparison,chain,32,forward,10,True,verdict,clingo,131,1,ok,5.373343999963254,7884,32
01327-comparison-chain-32-forward-s131-d10-m1-verdict-souffle-r1,comparison,chain,32,forward,10,True,verdict,souffle,131,1,ok,5.104425999888917,5692,32
01328-comparison-chain-32-forward-s131-d10-m1-verdict-nibli-r1,comparison,chain,32,forward,10,True,verdict,nibli,131,1,timeout,30006.641576997936,41584,32
01329-comparison-chain-32-forward-s131-d10-m1-verdict-clingo-r2,comparison,chain,32,forward,10,True,verdict,clingo,131,2,ok,5.5620900020585395,7884,32
01330-comparison-chain-32-forward-s131-d10-m1-verdict-nibli-r2,comparison,chain,32,forward,10,True,verdict,nibli,131,2,timeout,30006.600845998037,41640,32
01331-comparison-chain-32-forward-s131-d10-m1-verdict-souffle-r2,comparison,chain,32,forward,10,True,verdict,souffle,131,2,ok,5.013604000851046,5692,32
01333-updates-policy-1000-both-s23-d10-m1-updates-nibli-r0,updates,policy,1000,both,10,True,updates,nibli,23,0,ok,24082.82329999929,50944,983
01334-updates-policy-1000-both-s23-d10-m1-updates-nibli-r1,updates,policy,1000,both,10,True,updates,nibli,23,1,ok,24619.046843999968,50560,983
01335-updates-policy-1000-both-s23-d10-m1-updates-nibli-r2,updates,policy,1000,both,10,True,updates,nibli,23,2,ok,25350.017551001656,50648,983
01339-comparison-chain-16-forward-s131-d10-m1-verdict-clingo-r0,comparison,chain,16,forward,10,True,verdict,clingo,131,0,ok,15.766492000693688,7884,16
01340-comparison-chain-16-forward-s131-d10-m1-verdict-nibli-r0,comparison,chain,16,forward,10,True,verdict,nibli,131,0,timeout,30010.78606200099,16456,16
01341-comparison-chain-16-forward-s131-d10-m1-verdict-souffle-r0,comparison,chain,16,forward,10,True,verdict,souffle,131,0,ok,11.417251000239048,5696,16
01342-comparison-chain-16-forward-s131-d10-m1-verdict-nibli-r1,comparison,chain,16,forward,10,True,verdict,nibli,131,1,timeout,30004.639234000933,16612,16
01343-comparison-chain-16-forward-s131-d10-m1-verdict-souffle-r1,comparison,chain,16,forward,10,True,verdict,souffle,131,1,ok,7.230479001009371,5692,16
01344-comparison-chain-16-forward-s131-d10-m1-verdict-clingo-r1,comparison,chain,16,forward,10,True,verdict,clingo,131,1,ok,5.381689999921946,7884,16
01345-comparison-chain-16-forward-s131-d10-m1-verdict-souffle-r2,comparison,chain,16,forward,10,True,verdict,souffle,131,2,ok,4.7017340002639685,5692,16
01346-comparison-chain-16-forward-s131-d10-m1-verdict-nibli-r2,comparison,chain,16,forward,10,True,verdict,nibli,131,2,timeout,30005.400148998888,16876,16
01347-comparison-chain-16-forward-s131-d10-m1-verdict-clingo-r2,comparison,chain,16,forward,10,True,verdict,clingo,131,2,ok,7.935434998216806,7884,16
01351-comparison-policy-100-both-s11-d10-m1-verdict-clingo-r0,comparison,policy,100,both,10,True,verdict,clingo,11,0,ok,5.541421000089031,7884,99
01352-comparison-policy-100-both-s11-d10-m1-verdict-souffle-r0,comparison,policy,100,both,10,True,verdict,souffle,11,0,ok,5.540395999560133,5784,99
01353-comparison-policy-100-both-s11-d10-m1-verdict-nibli-r0,comparison,policy,100,both,10,True,verdict,nibli,11,0,ok,55.89058799887425,6564,99
01354-comparison-policy-100-both-s11-d10-m1-verdict-clingo-r1,comparison,policy,100,both,10,True,verdict,clingo,11,1,ok,6.358587997965515,7884,99
01355-comparison-policy-100-both-s11-d10-m1-verdict-souffle-r1,comparison,policy,100,both,10,True,verdict,souffle,11,1,ok,5.544765997910872,5784,99
01356-comparison-policy-100-both-s11-d10-m1-verdict-nibli-r1,comparison,policy,100,both,10,True,verdict,nibli,11,1,ok,48.59117199885077,6564,99
01357-comparison-policy-100-both-s11-d10-m1-verdict-souffle-r2,comparison,policy,100,both,10,True,verdict,souffle,11,2,ok,5.520071998034837,5784,99
01358-comparison-policy-100-both-s11-d10-m1-verdict-clingo-r2,comparison,policy,100,both,10,True,verdict,clingo,11,2,ok,8.734785002161516,7884,99
01359-comparison-policy-100-both-s11-d10-m1-verdict-nibli-r2,comparison,policy,100,both,10,True,verdict,nibli,11,2,ok,51.596949000668246,6564,99
01361-bounds-chain-8-forward-s131-d20-m0-verdict-nibli-r0,bounds,chain,8,forward,20,False,verdict,nibli,131,0,ok,3495.6417350003903,6820,8
01362-bounds-chain-8-forward-s131-d20-m0-verdict-nibli-r1,bounds,chain,8,forward,20,False,verdict,nibli,131,1,ok,3352.9996249999385,6820,8
01363-bounds-chain-8-forward-s131-d20-m0-verdict-nibli-r2,bounds,chain,8,forward,20,False,verdict,nibli,131,2,ok,3044.6445050001785,6948,8
01367-comparison-chain-16-backward-s131-d10-m1-verdict-nibli-r0,comparison,chain,16,backward,10,True,verdict,nibli,131,0,ok,245.46191900299164,5796,16
01368-comparison-chain-16-backward-s131-d10-m1-verdict-souffle-r0,comparison,chain,16,backward,10,True,verdict,souffle,131,0,ok,5.533655999897746,5692,16
01369-comparison-chain-16-backward-s131-d10-m1-verdict-clingo-r0,comparison,chain,16,backward,10,True,verdict,clingo,131,0,ok,6.279641998844454,7884,16
01370-comparison-chain-16-backward-s131-d10-m1-verdict-clingo-r1,comparison,chain,16,backward,10,True,verdict,clingo,131,1,ok,4.903015000309097,7884,16
01371-comparison-chain-16-backward-s131-d10-m1-verdict-souffle-r1,comparison,chain,16,backward,10,True,verdict,souffle,131,1,ok,4.596879000018816,5692,16
01372-comparison-chain-16-backward-s131-d10-m1-verdict-nibli-r1,comparison,chain,16,backward,10,True,verdict,nibli,131,1,ok,247.30868400001782,5796,16
01373-comparison-chain-16-backward-s131-d10-m1-verdict-clingo-r2,comparison,chain,16,backward,10,True,verdict,clingo,131,2,ok,7.623752000654349,7884,16
01374-comparison-chain-16-backward-s131-d10-m1-verdict-nibli-r2,comparison,chain,16,backward,10,True,verdict,nibli,131,2,ok,243.82972400053404,5796,16
01375-comparison-chain-16-backward-s131-d10-m1-verdict-souffle-r2,comparison,chain,16,backward,10,True,verdict,souffle,131,2,ok,5.562905000260798,5692,16
01379-comparison-chain-32-forward-s83-d10-m1-verdict-souffle-r0,comparison,chain,32,forward,10,True,verdict,souffle,83,0,ok,5.512722000275971,5692,32
01380-comparison-chain-32-forward-s83-d10-m1-verdict-nibli-r0,comparison,chain,32,forward,10,True,verdict,nibli,83,0,timeout,30007.35214300221,41060,32
01381-comparison-chain-32-forward-s83-d10-m1-verdict-clingo-r0,comparison,chain,32,forward,10,True,verdict,clingo,83,0,ok,11.604644001636188,7884,32
01382-comparison-chain-32-forward-s83-d10-m1-verdict-clingo-r1,comparison,chain,32,forward,10,True,verdict,clingo,83,1,ok,5.328192000888521,7884,32
01383-comparison-chain-32-forward-s83-d10-m1-verdict-nibli-r1,comparison,chain,32,forward,10,True,verdict,nibli,83,1,timeout,30006.886052000482,41120,32
01384-comparison-chain-32-forward-s83-d10-m1-verdict-souffle-r1,comparison,chain,32,forward,10,True,verdict,souffle,83,1,ok,5.3109719992789906,5692,32
01385-comparison-chain-32-forward-s83-d10-m1-verdict-souffle-r2,comparison,chain,32,forward,10,True,verdict,souffle,83,2,ok,4.807094999705441,5692,32
01386-comparison-chain-32-forward-s83-d10-m1-verdict-clingo-r2,comparison,chain,32,forward,10,True,verdict,clingo,83,2,ok,5.466159997013165,7884,32
01387-comparison-chain-32-forward-s83-d10-m1-verdict-nibli-r2,comparison,chain,32,forward,10,True,verdict,nibli,83,2,timeout,30006.899859999976,41120,32
01389-updates-policy-100-both-s23-d10-m1-updates-nibli-r0,updates,policy,100,both,10,True,updates,nibli,23,0,ok,1086.543759000051,12208,98
01390-updates-policy-100-both-s23-d10-m1-updates-nibli-r1,updates,policy,100,both,10,True,updates,nibli,23,1,ok,1079.449292999925,12380,98
01391-updates-policy-100-both-s23-d10-m1-updates-nibli-r2,updates,policy,100,both,10,True,updates,nibli,23,2,ok,1083.4456180018606,12076,98
01393-bounds-chain-8-forward-s83-d20-m1-verdict-nibli-r0,bounds,chain,8,forward,20,True,verdict,nibli,83,0,ok,3491.607305000798,6820,8
01394-bounds-chain-8-forward-s83-d20-m1-verdict-nibli-r1,bounds,chain,8,forward,20,True,verdict,nibli,83,1,ok,3577.051656000549,6820,8
01395-bounds-chain-8-forward-s83-d20-m1-verdict-nibli-r2,bounds,chain,8,forward,20,True,verdict,nibli,83,2,ok,3484.7381750005297,6820,8
01397-bounds-chain-8-forward-s47-d10-m1-verdict-nibli-r0,bounds,chain,8,forward,10,True,verdict,nibli,47,0,ok,2667.8783300012583,6948,8
01398-bounds-chain-8-forward-s47-d10-m1-verdict-nibli-r1,bounds,chain,8,forward,10,True,verdict,nibli,47,1,ok,2664.7053369997593,6948,8
01399-bounds-chain-8-forward-s47-d10-m1-verdict-nibli-r2,bounds,chain,8,forward,10,True,verdict,nibli,47,2,ok,2655.474031002086,6948,8
01401-bounds-chain-8-backward-s83-d5-m1-verdict-nibli-r0,bounds,chain,8,backward,5,True,verdict,nibli,83,0,ok,35.16189800211578,4900,8
01402-bounds-chain-8-backward-s83-d5-m1-verdict-nibli-r1,bounds,chain,8,backward,5,True,verdict,nibli,83,1,ok,34.18109799895319,4900,8
01403-bounds-chain-8-backward-s83-d5-m1-verdict-nibli-r2,bounds,chain,8,backward,5,True,verdict,nibli,83,2,ok,34.6667849989899,4900,8
01407-comparison-chain-12-backward-s131-d10-m1-verdict-souffle-r0,comparison,chain,12,backward,10,True,verdict,souffle,131,0,ok,4.123179001908284,5692,12
01408-comparison-chain-12-backward-s131-d10-m1-verdict-nibli-r0,comparison,chain,12,backward,10,True,verdict,nibli,131,0,ok,106.70547100016847,5284,12
01409-comparison-chain-12-backward-s131-d10-m1-verdict-clingo-r0,comparison,chain,12,backward,10,True,verdict,clingo,131,0,ok,4.598462997819297,7884,12
01410-comparison-chain-12-backward-s131-d10-m1-verdict-nibli-r1,comparison,chain,12,backward,10,True,verdict,nibli,131,1,ok,101.81783299776725,5284,12
01411-comparison-chain-12-backward-s131-d10-m1-verdict-souffle-r1,comparison,chain,12,backward,10,True,verdict,souffle,131,1,ok,4.535227999440394,5692,12
01412-comparison-chain-12-backward-s131-d10-m1-verdict-clingo-r1,comparison,chain,12,backward,10,True,verdict,clingo,131,1,ok,4.860406999796396,7756,12
01413-comparison-chain-12-backward-s131-d10-m1-verdict-nibli-r2,comparison,chain,12,backward,10,True,verdict,nibli,131,2,ok,101.71655700105475,5156,12
01414-comparison-chain-12-backward-s131-d10-m1-verdict-clingo-r2,comparison,chain,12,backward,10,True,verdict,clingo,131,2,ok,4.6831250001559965,7884,12
01415-comparison-chain-12-backward-s131-d10-m1-verdict-souffle-r2,comparison,chain,12,backward,10,True,verdict,souffle,131,2,ok,4.156319999310654,5692,12
01417-bounds-chain-8-backward-s47-d2-m0-verdict-nibli-r0,bounds,chain,8,backward,2,False,verdict,nibli,47,0,ok,32.2434269983205,4900,8
01418-bounds-chain-8-backward-s47-d2-m0-verdict-nibli-r1,bounds,chain,8,backward,2,False,verdict,nibli,47,1,ok,31.86993900089874,4900,8
01419-bounds-chain-8-backward-s47-d2-m0-verdict-nibli-r2,bounds,chain,8,backward,2,False,verdict,nibli,47,2,ok,32.24193200003356,4900,8
